doc_id,block_id,caption_text,protect_reason,found_block_type_after,found_text_after,preserved,source
doc_0007,p6_b0128,Table 2. Yuroff et al.,short_caption_with_semantic_anchor,table_caption,Table 2. Yuroff et al.,true,/home/gmy/bio-agent-workspace/bge-service/reports/phase5d_caption_cleanup_signoff/protected_caption_review.csv
doc_0045,p2_b0021,"Table 1 | Humanization of N-glycans in P. pastoris. Selected stud- ies focusing on the humanization of the N-glycans on P. pastoris derived glycoproteins. Bmt, b-mannosyltransferase; Mns, manno- sidase; GnT, b-N-acetylglucosaminyltransferase; UDP-GlcNAc, uridine diphosphate-N-acetylglucosamine; OCH1, outer chain elongation gene 1 content",approved_eval_target_chunk,table_caption,"Table 1 | Humanization of N-glycans in P. pastoris. Selected stud- ies focusing on the humanization of the N-glycans on P. pastoris derived glycoproteins. Bmt, b-mannosyltransferase; Mns, manno- sidase; GnT, b-N-acetylglucosaminyltransferase; UDP-GlcNAc, uridine diphosphate-N-acetylglucosamine; OCH1, outer chain elongation gene 1 content",true,/home/gmy/bio-agent-workspace/bge-service/reports/phase5d_caption_cleanup_signoff/protected_caption_review.csv
doc_0071,p10_b0084,Table S1. The primers were shown in Table S2.,short_caption_with_semantic_anchor,table_caption,Table S1. The primers were shown in Table S2.,true,/home/gmy/bio-agent-workspace/bge-service/reports/phase5d_caption_cleanup_signoff/protected_caption_review.csv
doc_0090,p24_b0299,Table 7. GEFIs for measuring kinase activity. blueAKAR cpBFP PKA substrate/ FHA1 from AKAR −21% blueCKAR cpBFP −23% cyan-sinphos cpECFP −10% green-sinphos ExRai-AKAR PKA 185% ExRai-CKAR 155% ExRai-AktAR PKB activity PKB 93% yellow-sinphos cpCitrine sapphireAKAR cp-T-sapphire PKA −25% sapphireCKAR cp-T-sapphire −33% The raw colors refer to the colors of fluorescent proteins used as reporter domains.,approved_eval_target_chunk,table_caption,Table 7. GEFIs for measuring kinase activity. blueAKAR cpBFP PKA substrate/ FHA1 from AKAR −21% blueCKAR cpBFP −23% cyan-sinphos cpECFP −10% green-sinphos ExRai-AKAR PKA 185% ExRai-CKAR 155% ExRai-AktAR PKB activity PKB 93% yellow-sinphos cpCitrine sapphireAKAR cp-T-sapphire PKA −25% sapphireCKAR cp-T-sapphire −33% The raw colors refer to the colors of fluorescent proteins used as reporter domains.,true,/home/gmy/bio-agent-workspace/bge-service/reports/phase5d_caption_cleanup_signoff/protected_caption_review.csv
doc_0110,p13_b0088,TABLE 1 Primers used in this study,short_caption_with_semantic_anchor,table_caption,TABLE 1 Primers used in this study,true,/home/gmy/bio-agent-workspace/bge-service/reports/phase5d_caption_cleanup_signoff/protected_caption_review.csv
doc_0125,p8_b0057,Table 1 Comparison of enzymatic syntheses of LNT2 and LNnT.,short_caption_with_semantic_anchor,table_caption,Table 1 Comparison of enzymatic syntheses of LNT2 and LNnT.,true,/home/gmy/bio-agent-workspace/bge-service/reports/phase5d_caption_cleanup_signoff/protected_caption_review.csv
doc_0147,p2_b0025,Table S2. The Cre/lox system was used for gene integration into the genome.,short_caption_with_semantic_anchor,table_caption,Table S2. The Cre/lox system was used for gene integration into the genome.,true,/home/gmy/bio-agent-workspace/bge-service/reports/phase5d_caption_cleanup_signoff/protected_caption_review.csv
doc_0154,p5_b0053,Table 2. Recent advances in the production of full-length antibodies in Escherichia coli.,short_caption_with_semantic_anchor,table_caption,Table 2. Recent advances in the production of full-length antibodies in Escherichia coli.,true,/home/gmy/bio-agent-workspace/bge-service/reports/phase5d_caption_cleanup_signoff/protected_caption_review.csv
doc_0167,p2_b0019,Table 1. All primers used for plasmid construction are listed in Table S1.,short_caption_with_semantic_anchor,table_caption,Table 1. All primers used for plasmid construction are listed in Table S1.,true,/home/gmy/bio-agent-workspace/bge-service/reports/phase5d_caption_cleanup_signoff/protected_caption_review.csv
doc_0184,p17_b0145,Table S2 (mBio00617-23-S0008.xlsx). The expression levels of predicted GPI proteins.,short_caption_with_semantic_anchor,table_caption,Table S2 (mBio00617-23-S0008.xlsx). The expression levels of predicted GPI proteins.,true,/home/gmy/bio-agent-workspace/bge-service/reports/phase5d_caption_cleanup_signoff/protected_caption_review.csv
doc_0196,p4_b0039,Table 1 Strains and plasmids constructed in this study Strains,short_caption_with_semantic_anchor,table_caption,Table 1 Strains and plasmids constructed in this study Strains,true,/home/gmy/bio-agent-workspace/bge-service/reports/phase5d_caption_cleanup_signoff/protected_caption_review.csv
doc_0217,p4_b0072,Table 2. Shake flask level expression of positive transformants.,short_caption_with_semantic_anchor,table_caption,Table 2. Shake flask level expression of positive transformants.,true,/home/gmy/bio-agent-workspace/bge-service/reports/phase5d_caption_cleanup_signoff/protected_caption_review.csv
doc_0238,p13_b0193,Table 3. Och1 compared to PDB glycosyltransferases in complex with high-mannose substrate.,short_caption_with_semantic_anchor,table_caption,Table 3. Och1 compared to PDB glycosyltransferases in complex with high-mannose substrate.,true,/home/gmy/bio-agent-workspace/bge-service/reports/phase5d_caption_cleanup_signoff/protected_caption_review.csv
doc_0256,p13_b0072,"Table 2: Summary of the effect of 2’FL on GII.4 Sydney [P16] HuNoV replication. List of HIE lines, segment of origin and their respective age are shown. Average log10 fold increase in the absence of 2’FL and with 20 mg/ml 2’FL (percentage reduction) is shown. was not certified by peer review) is the author/funder, who has granted bioRxiv a license to display the preprint in perpetuity. It is made",approved_eval_target_chunk,table_caption,"Table 2: Summary of the effect of 2’FL on GII.4 Sydney [P16] HuNoV replication. List of HIE lines, segment of origin and their respective age are shown. Average log10 fold increase in the absence of 2’FL and with 20 mg/ml 2’FL (percentage reduction) is shown. was not certified by peer review) is the author/funder, who has granted bioRxiv a license to display the preprint in perpetuity. It is made",true,/home/gmy/bio-agent-workspace/bge-service/reports/phase5d_caption_cleanup_signoff/protected_caption_review.csv
doc_0296,p2_b0016,Table 1. Bacterial strains and plasmids used in this study.,short_caption_with_semantic_anchor,table_caption,Table 1. Bacterial strains and plasmids used in this study.,true,/home/gmy/bio-agent-workspace/bge-service/reports/phase5d_caption_cleanup_signoff/protected_caption_review.csv
doc_0324,p2_b0038,Table 1. The OSF medium composed of 12.,short_caption_with_semantic_anchor,table_caption,Table 1. The OSF medium composed of 12.,true,/home/gmy/bio-agent-workspace/bge-service/reports/phase5d_caption_cleanup_signoff/protected_caption_review.csv
doc_0338,p9_b0092,Table 1. Magnetic resonance imaging for the ROIs not shown in Figure 4.,short_caption_with_semantic_anchor,table_caption,Table 1. Magnetic resonance imaging for the ROIs not shown in Figure 4.,true,/home/gmy/bio-agent-workspace/bge-service/reports/phase5d_caption_cleanup_signoff/protected_caption_review.csv
doc_0363,p5_b0023,Table 1. Ingredient composition of milk replacers.,short_caption_with_semantic_anchor,table_caption,Table 1. Ingredient composition of milk replacers.,true,/home/gmy/bio-agent-workspace/bge-service/reports/phase5d_caption_cleanup_signoff/protected_caption_review.csv
doc_0380,p10_b0127,Table S1: Characteristics of each population in this study.,short_caption_with_semantic_anchor,table_caption,Table S1: Characteristics of each population in this study.,true,/home/gmy/bio-agent-workspace/bge-service/reports/phase5d_caption_cleanup_signoff/protected_caption_review.csv
doc_0397,p17_b0295,Table 3. Gibson Assembly® Kits offer many advantages over other cloning approaches.,short_caption_with_semantic_anchor,table_caption,Table 3. Gibson Assembly® Kits offer many advantages over other cloning approaches.,true,/home/gmy/bio-agent-workspace/bge-service/reports/phase5d_caption_cleanup_signoff/protected_caption_review.csv
doc_0422,p4_b0051,Table 2. 1H-NMR analysis of oligosaccharides 1-3 produced from lactose.,short_caption_with_semantic_anchor,table_caption,Table 2. 1H-NMR analysis of oligosaccharides 1-3 produced from lactose.,true,/home/gmy/bio-agent-workspace/bge-service/reports/phase5d_caption_cleanup_signoff/protected_caption_review.csv
doc_0438,p9_b0122,Table 3. List of E.,short_caption_with_semantic_anchor,table_caption,Table 3. List of E.,true,/home/gmy/bio-agent-workspace/bge-service/reports/phase5d_caption_cleanup_signoff/protected_caption_review.csv
doc_0462,p17_b0255,Table 8. As demonstrated for the enzymes from H.,short_caption_with_semantic_anchor,table_caption,Table 8. As demonstrated for the enzymes from H.,true,/home/gmy/bio-agent-workspace/bge-service/reports/phase5d_caption_cleanup_signoff/protected_caption_review.csv
doc_0488,p3_b0044,"Table 1. Data were calculated ac- cording to 2-ΔΔCt method (Livak and Schmittgen, 2001).",short_caption_with_semantic_anchor,table_caption,"Table 1. Data were calculated ac- cording to 2-ΔΔCt method (Livak and Schmittgen, 2001).",true,/home/gmy/bio-agent-workspace/bge-service/reports/phase5d_caption_cleanup_signoff/protected_caption_review.csv
doc_0511,p1_b0013,"Table 1. Unfortunately, the productivity of LNnT was still at a low level.",short_caption_with_semantic_anchor,table_caption,"Table 1. Unfortunately, the productivity of LNnT was still at a low level.",true,/home/gmy/bio-agent-workspace/bge-service/reports/phase5d_caption_cleanup_signoff/protected_caption_review.csv
doc_0565,p3_b0011,"Table 2 Orthogonal design[L27(313)]and the results of experiment(x±s) 注:玉米秸秆的真蛋白含量为 2.05%,粗蛋白含量为 2.80%。 李日强等:固态发酵玉米秸秆生产饲料蛋白发酵培养基研究",short_caption_with_semantic_anchor,table_caption,"Table 2 Orthogonal design[L27(313)]and the results of experiment(x±s) 注:玉米秸秆的真蛋白含量为 2.05%,粗蛋白含量为 2.80%。 李日强等:固态发酵玉米秸秆生产饲料蛋白发酵培养基研究",true,/home/gmy/bio-agent-workspace/bge-service/reports/phase5d_caption_cleanup_signoff/protected_caption_review.csv
doc_0595,p11_b0125,Table S1. Primers used in this study.,short_caption_with_semantic_anchor,table_caption,Table S1. Primers used in this study.,true,/home/gmy/bio-agent-workspace/bge-service/reports/phase5d_caption_cleanup_signoff/protected_caption_review.csv
doc_0617,p7_b0085,Table 1. The O/C ratio of RS is 0.,short_caption_with_semantic_anchor,table_caption,Table 1. The O/C ratio of RS is 0.,true,/home/gmy/bio-agent-workspace/bge-service/reports/phase5d_caption_cleanup_signoff/protected_caption_review.csv
doc_0675,p2_b0016,"Table 1. List of S. cerevisiae Strains Used strain genotype source AM78 Mat α, PGal1-HMG2(K6R):: HO, ura3, trp1, his3, leu2:: PGal1-IDI1 Mat a/α, PGal1-HMG2(K6R):: HOX2, ura3, trp1, his3, PTDH3-HMG2(K6R)::leu2X2, ERG9/erg9 AM97 Mat a/α, PGal1-HMG2(K6R):: HOX2, ura3, trp1, his3, PTDH3-HMG2(K6R)::leu2X2, ERG9/erg9, UBC7/ubc7. Derived from AM94.",approved_eval_target_chunk,table_caption,"Table 1. List of S. cerevisiae Strains Used strain genotype source AM78 Mat α, PGal1-HMG2(K6R):: HO, ura3, trp1, his3, leu2:: PGal1-IDI1 Mat a/α, PGal1-HMG2(K6R):: HOX2, ura3, trp1, his3, PTDH3-HMG2(K6R)::leu2X2, ERG9/erg9 AM97 Mat a/α, PGal1-HMG2(K6R):: HOX2, ura3, trp1, his3, PTDH3-HMG2(K6R)::leu2X2, ERG9/erg9, UBC7/ubc7. Derived from AM94.",true,/home/gmy/bio-agent-workspace/bge-service/reports/phase5d_caption_cleanup_signoff/protected_caption_review.csv
doc_0707,p7_b0067,Table 3 Antioxidative and antiradical capacities of the broths at 48 h.,short_caption_with_semantic_anchor,table_caption,Table 3 Antioxidative and antiradical capacities of the broths at 48 h.,true,/home/gmy/bio-agent-workspace/bge-service/reports/phase5d_caption_cleanup_signoff/protected_caption_review.csv
doc_0001,p3_b0027,Fig. 1. Chemical structures of three HMO types.,short_caption_with_semantic_anchor,figure_caption,Fig. 1. Chemical structures of three HMO types.,true,/home/gmy/bio-agent-workspace/bge-service/reports/phase5d_caption_cleanup_signoff/protected_caption_review.csv
doc_0031,p23_b0222,Fig. 22. Reaction mechanism of the MurI enzyme.,short_caption_with_semantic_anchor,figure_caption,Fig. 22. Reaction mechanism of the MurI enzyme.,true,/home/gmy/bio-agent-workspace/bge-service/reports/phase5d_caption_cleanup_signoff/protected_caption_review.csv
doc_0059,p3_b0045,Fig. 1. Agarose gel electrophoresis of LF PCR products.,short_caption_with_semantic_anchor,figure_caption,Fig. 1. Agarose gel electrophoresis of LF PCR products.,true,/home/gmy/bio-agent-workspace/bge-service/reports/phase5d_caption_cleanup_signoff/protected_caption_review.csv
doc_0080,p6_b0113,Fig. 3 The protein-specific polysialylation of NCAM and NRP-2.,short_caption_with_semantic_anchor,figure_caption,Fig. 3 The protein-specific polysialylation of NCAM and NRP-2.,true,/home/gmy/bio-agent-workspace/bge-service/reports/phase5d_caption_cleanup_signoff/protected_caption_review.csv
doc_0114,p10_b0055,FIGURE 6 (See caption on next page),short_caption_with_semantic_anchor,figure_caption,FIGURE 6 (See caption on next page),true,/home/gmy/bio-agent-workspace/bge-service/reports/phase5d_caption_cleanup_signoff/protected_caption_review.csv
doc_0132,p13_b0102,Figure S1. CAI plots of the 39 endogenous secretory SPs in P.,short_caption_with_semantic_anchor,figure_caption,Figure S1. CAI plots of the 39 endogenous secretory SPs in P.,true,/home/gmy/bio-agent-workspace/bge-service/reports/phase5d_caption_cleanup_signoff/protected_caption_review.csv
doc_0142,p6_b0045,Fig. 3. Biochemical characteristics of the purified OUC-Jdch16 with pNP-α-fucose-hydrolyzing activity.,short_caption_with_semantic_anchor,figure_caption,Fig. 3. Biochemical characteristics of the purified OUC-Jdch16 with pNP-α-fucose-hydrolyzing activity.,true,/home/gmy/bio-agent-workspace/bge-service/reports/phase5d_caption_cleanup_signoff/protected_caption_review.csv
doc_0167,p6_b0067,Figure 4. Modular engineering of the LNT biosynthesis pathway.,short_caption_with_semantic_anchor,figure_caption,Figure 4. Modular engineering of the LNT biosynthesis pathway.,true,/home/gmy/bio-agent-workspace/bge-service/reports/phase5d_caption_cleanup_signoff/protected_caption_review.csv
doc_0180,p14_b0096,Figure 4. Future emphases in microbial 2′-FL production.,short_caption_with_semantic_anchor,figure_caption,Figure 4. Future emphases in microbial 2′-FL production.,true,/home/gmy/bio-agent-workspace/bge-service/reports/phase5d_caption_cleanup_signoff/protected_caption_review.csv
doc_0191,p9_b0101,Figure 6. Effect of setA knockout on LNnT and LNT production in 5 L bioreactors.,short_caption_with_semantic_anchor,figure_caption,Figure 6. Effect of setA knockout on LNnT and LNT production in 5 L bioreactors.,true,/home/gmy/bio-agent-workspace/bge-service/reports/phase5d_caption_cleanup_signoff/protected_caption_review.csv
doc_0203,p9_b0102,Figure 6. Effect of knocking out iclR on the synthesis of 2′-FL.,short_caption_with_semantic_anchor,figure_caption,Figure 6. Effect of knocking out iclR on the synthesis of 2′-FL.,true,/home/gmy/bio-agent-workspace/bge-service/reports/phase5d_caption_cleanup_signoff/protected_caption_review.csv
doc_0230,p6_b0042,"Fig. 4. A. Sequence alignment of Ev6ST, HAC1268, PdST1, St6119, and St6224. B-E. Docking conformations of CMP-Neu5Ac are shown and compared. Donor and Ev6ST are represented by purple and green, respectively. *P ≤ 0.05, **P ≤ 0.01, ***P ≤ 0.001.",approved_eval_target_chunk,figure_caption,"Fig. 4. A. Sequence alignment of Ev6ST, HAC1268, PdST1, St6119, and St6224. B-E. Docking conformations of CMP-Neu5Ac are shown and compared. Donor and Ev6ST are represented by purple and green, respectively. *P ≤ 0.05, **P ≤ 0.01, ***P ≤ 0.001.",true,/home/gmy/bio-agent-workspace/bge-service/reports/phase5d_caption_cleanup_signoff/protected_caption_review.csv
doc_0246,p8_b0082,Figure 6. In vitro biosynthesis of 3-FL via dual-enzyme catalysis.,short_caption_with_semantic_anchor,figure_caption,Figure 6. In vitro biosynthesis of 3-FL via dual-enzyme catalysis.,true,/home/gmy/bio-agent-workspace/bge-service/reports/phase5d_caption_cleanup_signoff/protected_caption_review.csv
doc_0284,p6_b0102,Fig. 2: with either sub- strate.,short_caption_with_semantic_anchor,figure_caption,Fig. 2: with either sub- strate.,true,/home/gmy/bio-agent-workspace/bge-service/reports/phase5d_caption_cleanup_signoff/protected_caption_review.csv
doc_0309,p5_b0062,FIG. 2. Liberation of lacto-N-biose I from lacto-N-tetraose upon incubation with B.,short_caption_with_semantic_anchor,figure_caption,FIG. 2. Liberation of lacto-N-biose I from lacto-N-tetraose upon incubation with B.,true,/home/gmy/bio-agent-workspace/bge-service/reports/phase5d_caption_cleanup_signoff/protected_caption_review.csv
doc_0333,p6_b0098,Figure 4. Binding profiles and structural features of oligosaccharides in HMO fraction 46.,short_caption_with_semantic_anchor,figure_caption,Figure 4. Binding profiles and structural features of oligosaccharides in HMO fraction 46.,true,/home/gmy/bio-agent-workspace/bge-service/reports/phase5d_caption_cleanup_signoff/protected_caption_review.csv
doc_0355,p7_b0243,"Fig. 6 | De novo biosynthesis of xanthohumol. a Scheme of xanthohumol pro- duction from DMX by an O-methyltransferase (HlOMT1). b Overexpressing HlOMT1 and HlOMT1sc (codon-optimized for S. cerevisiae) for xanthohumol (XAN) pro- duction. All strains were cultivated in 100 mL shake flasks containing 20 mL of minimal medium. Mean values ± standard deviations are shown (n = 3 independent biological samples). Student’s t-test was used for comparing two groups (*p < 0.05, **p < 0.01, ***p < 0.001). Source data are provided as a Source Data file.",approved_eval_target_chunk,figure_caption,"Fig. 6 | De novo biosynthesis of xanthohumol. a Scheme of xanthohumol pro- duction from DMX by an O-methyltransferase (HlOMT1). b Overexpressing HlOMT1 and HlOMT1sc (codon-optimized for S. cerevisiae) for xanthohumol (XAN) pro- duction. All strains were cultivated in 100 mL shake flasks containing 20 mL of minimal medium. Mean values ± standard deviations are shown (n = 3 independent biological samples). Student’s t-test was used for comparing two groups (*p < 0.05, **p < 0.01, ***p < 0.001). Source data are provided as a Source Data file.",true,/home/gmy/bio-agent-workspace/bge-service/reports/phase5d_caption_cleanup_signoff/protected_caption_review.csv
doc_0382,p10_b0090,Figure S1. The SDS-PAGE analysis of cell extracts from single-gene expression strain.,short_caption_with_semantic_anchor,figure_caption,Figure S1. The SDS-PAGE analysis of cell extracts from single-gene expression strain.,true,/home/gmy/bio-agent-workspace/bge-service/reports/phase5d_caption_cleanup_signoff/protected_caption_review.csv
doc_0397,p4_b0072,"Figure 1. (A) Key Discoveries Enabling Molecular Cloning, 1949–1977.",short_caption_with_semantic_anchor,figure_caption,"Figure 1. (A) Key Discoveries Enabling Molecular Cloning, 1949–1977.",true,/home/gmy/bio-agent-workspace/bge-service/reports/phase5d_caption_cleanup_signoff/protected_caption_review.csv
doc_0426,p6_b0081,Figure 2. LN n T + B.,short_caption_with_semantic_anchor,figure_caption,Figure 2. LN n T + B.,true,/home/gmy/bio-agent-workspace/bge-service/reports/phase5d_caption_cleanup_signoff/protected_caption_review.csv
doc_0449,p12_b0122,Figure 7. Sialic acids inhibit P[11] PRV 4555 infection at 8 h.,short_caption_with_semantic_anchor,figure_caption,Figure 7. Sialic acids inhibit P[11] PRV 4555 infection at 8 h.,true,/home/gmy/bio-agent-workspace/bge-service/reports/phase5d_caption_cleanup_signoff/protected_caption_review.csv
doc_0463,p10_b0093,Figure 6. Schematic representation of 2′-FL production in engineered S.,short_caption_with_semantic_anchor,figure_caption,Figure 6. Schematic representation of 2′-FL production in engineered S.,true,/home/gmy/bio-agent-workspace/bge-service/reports/phase5d_caption_cleanup_signoff/protected_caption_review.csv
doc_0481,p17_b0143,Fig. 5. Supplementation differentially affects immune cell subsets in responding patients.,short_caption_with_semantic_anchor,figure_caption,Fig. 5. Supplementation differentially affects immune cell subsets in responding patients.,true,/home/gmy/bio-agent-workspace/bge-service/reports/phase5d_caption_cleanup_signoff/protected_caption_review.csv
doc_0510,p4_b0055,Figure 2. LC−MS analysis of LNT II and LNT biosynthesis in strain B1.,short_caption_with_semantic_anchor,figure_caption,Figure 2. LC−MS analysis of LNT II and LNT biosynthesis in strain B1.,true,/home/gmy/bio-agent-workspace/bge-service/reports/phase5d_caption_cleanup_signoff/protected_caption_review.csv
doc_0521,p12_b0104,Fig. 4 Metabolic pathway for 3-FL synthesis in engineered E. coli.,short_caption_with_semantic_anchor,figure_caption,Fig. 4 Metabolic pathway for 3-FL synthesis in engineered E. coli.,true,/home/gmy/bio-agent-workspace/bge-service/reports/phase5d_caption_cleanup_signoff/protected_caption_review.csv
doc_0573,p8_b0090,Figure 4. Engineering to produce mixed alcohols.,short_caption_with_semantic_anchor,figure_caption,Figure 4. Engineering to produce mixed alcohols.,true,/home/gmy/bio-agent-workspace/bge-service/reports/phase5d_caption_cleanup_signoff/protected_caption_review.csv
doc_0607,p71_b0338,Figure 2-19: Relationship between differentt electrocatalytic conditions and mortality (A),short_caption_with_semantic_anchor,figure_caption,Figure 2-19: Relationship between differentt electrocatalytic conditions and mortality (A),true,/home/gmy/bio-agent-workspace/bge-service/reports/phase5d_caption_cleanup_signoff/protected_caption_review.csv
doc_0635,p12_b0065,Figure 8. Biosynthesis of sweet mogrosides using engineered S.,short_caption_with_semantic_anchor,figure_caption,Figure 8. Biosynthesis of sweet mogrosides using engineered S.,true,/home/gmy/bio-agent-workspace/bge-service/reports/phase5d_caption_cleanup_signoff/protected_caption_review.csv
doc_0670,p4_b0065,Figure 1. CRISPR/Cas9 constructs used in this study.,short_caption_with_semantic_anchor,figure_caption,Figure 1. CRISPR/Cas9 constructs used in this study.,true,/home/gmy/bio-agent-workspace/bge-service/reports/phase5d_caption_cleanup_signoff/protected_caption_review.csv
doc_0708,p12_b0035,"Figure 1.1 Composition and structure of lignocellulose(Bhujbal et al., 2021)",short_caption_with_semantic_anchor,figure_caption,"Figure 1.1 Composition and structure of lignocellulose(Bhujbal et al., 2021)",true,/home/gmy/bio-agent-workspace/bge-service/reports/phase5d_caption_cleanup_signoff/protected_caption_review.csv
doc_0002,p6_b0083,Fig. 1. Mean ± Standard Deviation Daily Average Body Weight (N = 6 at all timepoints).,short_caption_with_semantic_anchor,figure_caption,Fig. 1. Mean ± Standard Deviation Daily Average Body Weight (N = 6 at all timepoints).,true,/home/gmy/bio-agent-workspace/bge-service/reports/phase5d_caption_cleanup_audit/protected_short_captions.csv
doc_0003,p4_b0043,Fig. 2. Cradle-to-grave carbon footprints comparison between bio-based PHA and fossil-based plastics.,short_caption_with_semantic_anchor,figure_caption,Fig. 2. Cradle-to-grave carbon footprints comparison between bio-based PHA and fossil-based plastics.,true,/home/gmy/bio-agent-workspace/bge-service/reports/phase5d_caption_cleanup_audit/protected_short_captions.csv
doc_0003,p9_b0087,Fig. 6. Economic optimization pathway for PHA production and comparison with fossil-based plastic.,short_caption_with_semantic_anchor,figure_caption,Fig. 6. Economic optimization pathway for PHA production and comparison with fossil-based plastic.,true,/home/gmy/bio-agent-workspace/bge-service/reports/phase5d_caption_cleanup_audit/protected_short_captions.csv
doc_0009,p2_b0018,Fig. 1. Metabolic pathway of 6′-SL biosynthesis in engineering E.,short_caption_with_semantic_anchor,figure_caption,Fig. 1. Metabolic pathway of 6′-SL biosynthesis in engineering E.,true,/home/gmy/bio-agent-workspace/bge-service/reports/phase5d_caption_cleanup_audit/protected_short_captions.csv
doc_0009,p5_b0048,Fig. 3. LC-MS analysis of 6′-SL biosynthesis in strain BZ1.,short_caption_with_semantic_anchor,figure_caption,Fig. 3. LC-MS analysis of 6′-SL biosynthesis in strain BZ1.,true,/home/gmy/bio-agent-workspace/bge-service/reports/phase5d_caption_cleanup_audit/protected_short_captions.csv
doc_0009,p6_b0056,Fig. 4. Plasmid combinatorial optimization for 6′-SL production.,short_caption_with_semantic_anchor,figure_caption,Fig. 4. Plasmid combinatorial optimization for 6′-SL production.,true,/home/gmy/bio-agent-workspace/bge-service/reports/phase5d_caption_cleanup_audit/protected_short_captions.csv
doc_0009,p7_b0062,Fig. 5. Effects of optimized expression of UDP-GlcNAc on 6′-SL.,short_caption_with_semantic_anchor,figure_caption,Fig. 5. Effects of optimized expression of UDP-GlcNAc on 6′-SL.,true,/home/gmy/bio-agent-workspace/bge-service/reports/phase5d_caption_cleanup_audit/protected_short_captions.csv
doc_0009,p8_b0066,"Fig. 6. Effects of deletion of lacZ, nanA, pfkA and nagB on 6′-SL production.",short_caption_with_semantic_anchor,figure_caption,"Fig. 6. Effects of deletion of lacZ, nanA, pfkA and nagB on 6′-SL production.",true,/home/gmy/bio-agent-workspace/bge-service/reports/phase5d_caption_cleanup_audit/protected_short_captions.csv
doc_0010,p4_b0079,Fig. 3. Localization of posttranslational modifications in bovine OPN.,short_caption_with_semantic_anchor,figure_caption,Fig. 3. Localization of posttranslational modifications in bovine OPN.,true,/home/gmy/bio-agent-workspace/bge-service/reports/phase5d_caption_cleanup_audit/protected_short_captions.csv
doc_0013,p3_b0032,Fig. 1. Abundance of representative bacteria species showed locational differences in three vessels.,short_caption_with_semantic_anchor,figure_caption,Fig. 1. Abundance of representative bacteria species showed locational differences in three vessels.,true,/home/gmy/bio-agent-workspace/bge-service/reports/phase5d_caption_cleanup_audit/protected_short_captions.csv
doc_0014,p3_b0031,TABLE 1 Summary of genome equivalents (GE) per 50% tissue culture infectious dose (TCID50),short_caption_with_semantic_anchor,table_caption,TABLE 1 Summary of genome equivalents (GE) per 50% tissue culture infectious dose (TCID50),true,/home/gmy/bio-agent-workspace/bge-service/reports/phase5d_caption_cleanup_audit/protected_short_captions.csv
doc_0015,p10_b0058,Fig. 5. 2 -FL regulated LPS-induced macrophage polarization in RAW264.,short_caption_with_semantic_anchor,figure_caption,Fig. 5. 2 -FL regulated LPS-induced macrophage polarization in RAW264.,true,/home/gmy/bio-agent-workspace/bge-service/reports/phase5d_caption_cleanup_audit/protected_short_captions.csv
doc_0016,p10_b0058,Fig. 5. 2 -FL regulated LPS-induced macrophage polarization in RAW264.,short_caption_with_semantic_anchor,figure_caption,Fig. 5. 2 -FL regulated LPS-induced macrophage polarization in RAW264.,true,/home/gmy/bio-agent-workspace/bge-service/reports/phase5d_caption_cleanup_audit/protected_short_captions.csv
doc_0017,p3_b0026,Figure 2. Optimizing the reaction conditions for TMSD.,short_caption_with_semantic_anchor,figure_caption,Figure 2. Optimizing the reaction conditions for TMSD.,true,/home/gmy/bio-agent-workspace/bge-service/reports/phase5d_caption_cleanup_audit/protected_short_captions.csv
doc_0017,p4_b0039,Figure 3. Performance and validation of the CRISPR-TMSD assay.,short_caption_with_semantic_anchor,figure_caption,Figure 3. Performance and validation of the CRISPR-TMSD assay.,true,/home/gmy/bio-agent-workspace/bge-service/reports/phase5d_caption_cleanup_audit/protected_short_captions.csv
doc_0017,p7_b0070,Figure 5. Multiplexed detection of a SARS-CoV-2 gene was performed using CRISPR-TMSD.,short_caption_with_semantic_anchor,figure_caption,Figure 5. Multiplexed detection of a SARS-CoV-2 gene was performed using CRISPR-TMSD.,true,/home/gmy/bio-agent-workspace/bge-service/reports/phase5d_caption_cleanup_audit/protected_short_captions.csv
doc_0025,p5_b0076,"Table 2. Summary of late sec mutants suppression by KIN1 and KIN2 Late acting sec mutants were transformed with either vector (pRS426), KIN1, or KIN2 on high copy. Growth of transformants at restrictive temperatures was tested. sec mutants restrictive temper- atures are as follows: 33°C for sec1-1, 33°C for sec2-41, 35°C for sec3-2, 14°C for sec4-P48, 33°C for sec5-24, 35°C for sec6-4, 37°C for sec8-9, 34°C for sec9-4, 35°C for sec10-2, and 35°C for sec15-1. Scoring reflects the mutant colony growth at their respective restrictive temperatures relative to the wild-type yeast ( ) and empty vector control (—). Suppression of the sec mutants is indicated as follows: , very strong; , strong; , moderate; and / , weak.",approved_eval_target_chunk,table_caption,"Table 2. Summary of late sec mutants suppression by KIN1 and KIN2 Late acting sec mutants were transformed with either vector (pRS426), KIN1, or KIN2 on high copy. Growth of transformants at restrictive temperatures was tested. sec mutants restrictive temper- atures are as follows: 33°C for sec1-1, 33°C for sec2-41, 35°C for sec3-2, 14°C for sec4-P48, 33°C for sec5-24, 35°C for sec6-4, 37°C for sec8-9, 34°C for sec9-4, 35°C for sec10-2, and 35°C for sec15-1. Scoring reflects the mutant colony growth at their respective restrictive temperatures relative to the wild-type yeast ( ) and empty vector control (—). Suppression of the sec mutants is indicated as follows: , very strong; , strong; , moderate; and / , weak.",true,/home/gmy/bio-agent-workspace/bge-service/reports/phase5d_caption_cleanup_audit/protected_short_captions.csv
doc_0026,p3_b0035,Figure 4 illustrates the findings from the rhG-CSF activity assay.,short_caption_with_semantic_anchor,figure_caption,Figure 4 illustrates the findings from the rhG-CSF activity assay.,true,/home/gmy/bio-agent-workspace/bge-service/reports/phase5d_caption_cleanup_audit/protected_short_captions.csv
doc_0026,p5_b0081,Figure 6. Comparison of growth curves of various expression strains.,short_caption_with_semantic_anchor,figure_caption,Figure 6. Comparison of growth curves of various expression strains.,true,/home/gmy/bio-agent-workspace/bge-service/reports/phase5d_caption_cleanup_audit/protected_short_captions.csv
doc_0028,p8_b0084,Figure 6. Number of mutants in each COG category are given.,short_caption_with_semantic_anchor,figure_caption,Figure 6. Number of mutants in each COG category are given.,true,/home/gmy/bio-agent-workspace/bge-service/reports/phase5d_caption_cleanup_audit/protected_short_captions.csv
doc_0029,p12_b0138,Table 1. Strain con- structions were verified by PCR using appropriate primers.,short_caption_with_semantic_anchor,table_caption,Table 1. Strain con- structions were verified by PCR using appropriate primers.,true,/home/gmy/bio-agent-workspace/bge-service/reports/phase5d_caption_cleanup_audit/protected_short_captions.csv
doc_0029,p13_b0145,Table 1. Strains and plasmids used in this study.,short_caption_with_semantic_anchor,table_caption,Table 1. Strains and plasmids used in this study.,true,/home/gmy/bio-agent-workspace/bge-service/reports/phase5d_caption_cleanup_audit/protected_short_captions.csv
doc_0029,p16_b0233,Fig. S3. Analysis of the glmU-glmS intergenic region.,short_caption_with_semantic_anchor,figure_caption,Fig. S3. Analysis of the glmU-glmS intergenic region.,true,/home/gmy/bio-agent-workspace/bge-service/reports/phase5d_caption_cleanup_audit/protected_short_captions.csv
doc_0029,p16_b0234,Table S1. Oligonucleotides used in this study.,short_caption_with_semantic_anchor,table_caption,Table S1. Oligonucleotides used in this study.,true,/home/gmy/bio-agent-workspace/bge-service/reports/phase5d_caption_cleanup_audit/protected_short_captions.csv
doc_0029,p6_b0085,Fig. 4. Post-transcriptional control of GlmZ by YhbJ.,short_caption_with_semantic_anchor,figure_caption,Fig. 4. Post-transcriptional control of GlmZ by YhbJ.,true,/home/gmy/bio-agent-workspace/bge-service/reports/phase5d_caption_cleanup_audit/protected_short_captions.csv
doc_0029,p9_b0108,Fig. 6. Depletion of intracellular GlcN-6-P induces GlmS expression in a GlmZ-dependent manner.,short_caption_with_semantic_anchor,figure_caption,Fig. 6. Depletion of intracellular GlcN-6-P induces GlmS expression in a GlmZ-dependent manner.,true,/home/gmy/bio-agent-workspace/bge-service/reports/phase5d_caption_cleanup_audit/protected_short_captions.csv
doc_0031,p10_b0103,Fig. 10. Three-dimensional structures of MurB.,short_caption_with_semantic_anchor,figure_caption,Fig. 10. Three-dimensional structures of MurB.,true,/home/gmy/bio-agent-workspace/bge-service/reports/phase5d_caption_cleanup_audit/protected_short_captions.csv
doc_0031,p10_b0105,Fig. 11. Formulae of inhibitors of MurA and MurB.,short_caption_with_semantic_anchor,figure_caption,Fig. 11. Formulae of inhibitors of MurA and MurB.,true,/home/gmy/bio-agent-workspace/bge-service/reports/phase5d_caption_cleanup_audit/protected_short_captions.csv
doc_0031,p12_b0116,Fig. 13. Three-dimensional structures of the Mur ligases.,short_caption_with_semantic_anchor,figure_caption,Fig. 13. Three-dimensional structures of the Mur ligases.,true,/home/gmy/bio-agent-workspace/bge-service/reports/phase5d_caption_cleanup_audit/protected_short_captions.csv
doc_0031,p15_b0145,Fig. 14. Binding pocket for the distal site of meso-A2pm in MurE enzymes.,short_caption_with_semantic_anchor,figure_caption,Fig. 14. Binding pocket for the distal site of meso-A2pm in MurE enzymes.,true,/home/gmy/bio-agent-workspace/bge-service/reports/phase5d_caption_cleanup_audit/protected_short_captions.csv
doc_0031,p17_b0161,Fig. 15. Formulae of inhibitors of the Mur ligases.,short_caption_with_semantic_anchor,figure_caption,Fig. 15. Formulae of inhibitors of the Mur ligases.,true,/home/gmy/bio-agent-workspace/bge-service/reports/phase5d_caption_cleanup_audit/protected_short_captions.csv
doc_0031,p20_b0185,Fig. 19. Mechanism of inactivation of alanine racemase by D-cycloser- ine.,short_caption_with_semantic_anchor,figure_caption,Fig. 19. Mechanism of inactivation of alanine racemase by D-cycloser- ine.,true,/home/gmy/bio-agent-workspace/bge-service/reports/phase5d_caption_cleanup_audit/protected_short_captions.csv
doc_0031,p20_b0188,Fig. 20. Formulae of inhibitors of alanine racemase and D-Ala-D-Ala ligase.,short_caption_with_semantic_anchor,figure_caption,Fig. 20. Formulae of inhibitors of alanine racemase and D-Ala-D-Ala ligase.,true,/home/gmy/bio-agent-workspace/bge-service/reports/phase5d_caption_cleanup_audit/protected_short_captions.csv
doc_0031,p24_b0226,Fig. 23. Three-dimensional structures of two glutamate racemases.,short_caption_with_semantic_anchor,figure_caption,Fig. 23. Three-dimensional structures of two glutamate racemases.,true,/home/gmy/bio-agent-workspace/bge-service/reports/phase5d_caption_cleanup_audit/protected_short_captions.csv
doc_0031,p24_b0229,Fig. 24. Formulae of inhibitors of MurI.,short_caption_with_semantic_anchor,figure_caption,Fig. 24. Formulae of inhibitors of MurI.,true,/home/gmy/bio-agent-workspace/bge-service/reports/phase5d_caption_cleanup_audit/protected_short_captions.csv
doc_0031,p2_b0021,Fig. 1. Cytoplasmic steps of peptidoglycan biosynthesis.,short_caption_with_semantic_anchor,figure_caption,Fig. 1. Cytoplasmic steps of peptidoglycan biosynthesis.,true,/home/gmy/bio-agent-workspace/bge-service/reports/phase5d_caption_cleanup_audit/protected_short_captions.csv
doc_0031,p4_b0039,Fig. 3. Mechanism of the ketose/aldose isomerization reaction catalysed by GlmS.,short_caption_with_semantic_anchor,figure_caption,Fig. 3. Mechanism of the ketose/aldose isomerization reaction catalysed by GlmS.,true,/home/gmy/bio-agent-workspace/bge-service/reports/phase5d_caption_cleanup_audit/protected_short_captions.csv
doc_0031,p4_b0041,Fig. 4. Equation of the GlmM reaction.,short_caption_with_semantic_anchor,figure_caption,Fig. 4. Equation of the GlmM reaction.,true,/home/gmy/bio-agent-workspace/bge-service/reports/phase5d_caption_cleanup_audit/protected_short_captions.csv
doc_0031,p6_b0067,Fig. 6. Formation of UDP-GlcNAc in prokaryotes (left) and eukaryotes (right).,short_caption_with_semantic_anchor,figure_caption,Fig. 6. Formation of UDP-GlcNAc in prokaryotes (left) and eukaryotes (right).,true,/home/gmy/bio-agent-workspace/bge-service/reports/phase5d_caption_cleanup_audit/protected_short_captions.csv
doc_0031,p7_b0078,Fig. 7. Mechanism of the addition–elimination reaction catalysed by MurA.,short_caption_with_semantic_anchor,figure_caption,Fig. 7. Mechanism of the addition–elimination reaction catalysed by MurA.,true,/home/gmy/bio-agent-workspace/bge-service/reports/phase5d_caption_cleanup_audit/protected_short_captions.csv
doc_0031,p8_b0092,Fig. 8. Three-dimensional structures of MurA.,short_caption_with_semantic_anchor,figure_caption,Fig. 8. Three-dimensional structures of MurA.,true,/home/gmy/bio-agent-workspace/bge-service/reports/phase5d_caption_cleanup_audit/protected_short_captions.csv
doc_0033,p3_b0032,Fig. 1. Oligonucleotides used as PCR primers.,short_caption_with_semantic_anchor,figure_caption,Fig. 1. Oligonucleotides used as PCR primers.,true,/home/gmy/bio-agent-workspace/bge-service/reports/phase5d_caption_cleanup_audit/protected_short_captions.csv
doc_0033,p4_b0047,Fig. 2. Agarose gel showing colony PCR products of recombinant bacterial colonies.,short_caption_with_semantic_anchor,figure_caption,Fig. 2. Agarose gel showing colony PCR products of recombinant bacterial colonies.,true,/home/gmy/bio-agent-workspace/bge-service/reports/phase5d_caption_cleanup_audit/protected_short_captions.csv
doc_0039,p2_b0024,FIG. 1. Involvement of SgrS and SetA in the glucose-phosphate stress response.,short_caption_with_semantic_anchor,figure_caption,FIG. 1. Involvement of SgrS and SetA in the glucose-phosphate stress response.,true,/home/gmy/bio-agent-workspace/bge-service/reports/phase5d_caption_cleanup_audit/protected_short_captions.csv
doc_0039,p4_b0042,FIG. 2. SgrR-dependent activation of setA expression.,short_caption_with_semantic_anchor,figure_caption,FIG. 2. SgrR-dependent activation of setA expression.,true,/home/gmy/bio-agent-workspace/bge-service/reports/phase5d_caption_cleanup_audit/protected_short_captions.csv
doc_0039,p5_b0055,FIG. 3. RT-PCR analysis of sgrS and setA.,short_caption_with_semantic_anchor,figure_caption,FIG. 3. RT-PCR analysis of sgrS and setA.,true,/home/gmy/bio-agent-workspace/bge-service/reports/phase5d_caption_cleanup_audit/protected_short_captions.csv
doc_0039,p6_b0060,FIG. 4. Effects of CRP and KdgR on setA and sgrS expression.,short_caption_with_semantic_anchor,figure_caption,FIG. 4. Effects of CRP and KdgR on setA and sgrS expression.,true,/home/gmy/bio-agent-workspace/bge-service/reports/phase5d_caption_cleanup_audit/protected_short_captions.csv
doc_0039,p8_b0078,FIG. 5. Growth of wild-type and setA strains in the presence of MG.,short_caption_with_semantic_anchor,figure_caption,FIG. 5. Growth of wild-type and setA strains in the presence of MG.,true,/home/gmy/bio-agent-workspace/bge-service/reports/phase5d_caption_cleanup_audit/protected_short_captions.csv
doc_0039,p9_b0084,FIG. 6. Effects of setA mutation on sgrS -lacZ activity in response to MG.,short_caption_with_semantic_anchor,figure_caption,FIG. 6. Effects of setA mutation on sgrS -lacZ activity in response to MG.,true,/home/gmy/bio-agent-workspace/bge-service/reports/phase5d_caption_cleanup_audit/protected_short_captions.csv
doc_0040,p6_b0055,"Table 1Summary of proteins detected from the culture media of P. pastoris from three different fermentation conditions: (A) X-33, pre-induction; (B) X-33, post-methanol induction; (C) Sm-14, post-methanolinduction No.",approved_eval_target_chunk,table_caption,"Table 1Summary of proteins detected from the culture media of P. pastoris from three different fermentation conditions: (A) X-33, pre-induction; (B) X-33, post-methanol induction; (C) Sm-14, post-methanolinduction No.",true,/home/gmy/bio-agent-workspace/bge-service/reports/phase5d_caption_cleanup_audit/protected_short_captions.csv
doc_0041,p12_b0128,Table S1 Primers used in this study. (DOC),short_caption_with_semantic_anchor,table_caption,Table S1 Primers used in this study. (DOC),true,/home/gmy/bio-agent-workspace/bge-service/reports/phase5d_caption_cleanup_audit/protected_short_captions.csv
doc_0041,p12_b0129,Table S2 List of oligosaccharides in the Mammalian Glycan Array v3.1. (DOCX),short_caption_with_semantic_anchor,table_caption,Table S2 List of oligosaccharides in the Mammalian Glycan Array v3.1. (DOCX),true,/home/gmy/bio-agent-workspace/bge-service/reports/phase5d_caption_cleanup_audit/protected_short_captions.csv
doc_0041,p2_b0028,Table 1. Representation of the Pfam01547 motif in bifidobacterial genomes.,short_caption_with_semantic_anchor,table_caption,Table 1. Representation of the Pfam01547 motif in bifidobacterial genomes.,true,/home/gmy/bio-agent-workspace/bge-service/reports/phase5d_caption_cleanup_audit/protected_short_captions.csv
doc_0041,p5_b0057,Table 2. Proteomic analysis of F1SBPs in B.,short_caption_with_semantic_anchor,table_caption,Table 2. Proteomic analysis of F1SBPs in B.,true,/home/gmy/bio-agent-workspace/bge-service/reports/phase5d_caption_cleanup_audit/protected_short_captions.csv
doc_0041,p7_b0073,Figure 4. Oligosaccharide binding profile proposed for B.,short_caption_with_semantic_anchor,figure_caption,Figure 4. Oligosaccharide binding profile proposed for B.,true,/home/gmy/bio-agent-workspace/bge-service/reports/phase5d_caption_cleanup_audit/protected_short_captions.csv
doc_0042,p6_b0064,"Fig. 3 Assessment of the purity of recombinant gurmarin using ana- lytical RP-HPLC. Purified wt-gur and Q1E-gur were analyzed using a C18 analytical column (2.1 mm i.d.×150 mm, Vydac). The column was equilibrated with eluent A (5% ACN, 0.05% TFA in H 2O).",approved_eval_target_chunk,figure_caption,"Fig. 3 Assessment of the purity of recombinant gurmarin using ana- lytical RP-HPLC. Purified wt-gur and Q1E-gur were analyzed using a C18 analytical column (2.1 mm i.d.×150 mm, Vydac). The column was equilibrated with eluent A (5% ACN, 0.05% TFA in H 2O).",true,/home/gmy/bio-agent-workspace/bge-service/reports/phase5d_caption_cleanup_audit/protected_short_captions.csv
doc_0044,p7_b0119,Figure 3. Luciferase protein determination with western blotting analysis of luciferase library.,short_caption_with_semantic_anchor,figure_caption,Figure 3. Luciferase protein determination with western blotting analysis of luciferase library.,true,/home/gmy/bio-agent-workspace/bge-service/reports/phase5d_caption_cleanup_audit/protected_short_captions.csv
doc_0046,p2_b0017,Fig. 1. Illustration of O-linked glycan structures.,short_caption_with_semantic_anchor,figure_caption,Fig. 1. Illustration of O-linked glycan structures.,true,/home/gmy/bio-agent-workspace/bge-service/reports/phase5d_caption_cleanup_audit/protected_short_captions.csv
doc_0046,p4_b0029,Fig. 3. Comparison of O-linked glycans released from TNFR2:Fc.,short_caption_with_semantic_anchor,figure_caption,Fig. 3. Comparison of O-linked glycans released from TNFR2:Fc.,true,/home/gmy/bio-agent-workspace/bge-service/reports/phase5d_caption_cleanup_audit/protected_short_captions.csv
doc_0046,p6_b0053,Fig. 5. Effect of O-linked glycosylation engineering on reporter protein isoelectric properties.,short_caption_with_semantic_anchor,figure_caption,Fig. 5. Effect of O-linked glycosylation engineering on reporter protein isoelectric properties.,true,/home/gmy/bio-agent-workspace/bge-service/reports/phase5d_caption_cleanup_audit/protected_short_captions.csv
doc_0049,p3_b0035,Table 1. Mutagenesis was performed according to manufacturer’s directions.,short_caption_with_semantic_anchor,table_caption,Table 1. Mutagenesis was performed according to manufacturer’s directions.,true,/home/gmy/bio-agent-workspace/bge-service/reports/phase5d_caption_cleanup_audit/protected_short_captions.csv
doc_0049,p6_b0071,Table 1. Transformants of the deletion constructs into wild type P.,short_caption_with_semantic_anchor,table_caption,Table 1. Transformants of the deletion constructs into wild type P.,true,/home/gmy/bio-agent-workspace/bge-service/reports/phase5d_caption_cleanup_audit/protected_short_captions.csv
doc_0050,p3_b0025,"Table S1. Arabidopsis thaliana (At), Homo sapiens (Hs) and Bradyrhizobium japonicum (Bj).",short_caption_with_semantic_anchor,table_caption,"Table S1. Arabidopsis thaliana (At), Homo sapiens (Hs) and Bradyrhizobium japonicum (Bj).",true,/home/gmy/bio-agent-workspace/bge-service/reports/phase5d_caption_cleanup_audit/protected_short_captions.csv
doc_0051,p7_b0069,Fig. 2. Clusters of genes in B.,short_caption_with_semantic_anchor,figure_caption,Fig. 2. Clusters of genes in B.,true,/home/gmy/bio-agent-workspace/bge-service/reports/phase5d_caption_cleanup_audit/protected_short_captions.csv
doc_0052,p4_b0054,Fig. 2. Study of the amino acid conservation within the GH1 family.,short_caption_with_semantic_anchor,figure_caption,Fig. 2. Study of the amino acid conservation within the GH1 family.,true,/home/gmy/bio-agent-workspace/bge-service/reports/phase5d_caption_cleanup_audit/protected_short_captions.csv
doc_0054,p11_b0099,Table S1. Primer list.,short_caption_with_semantic_anchor,table_caption,Table S1. Primer list.,true,/home/gmy/bio-agent-workspace/bge-service/reports/phase5d_caption_cleanup_audit/protected_short_captions.csv
doc_0054,p11_b0101,Figure S1. 1H-NMR of isolated 20-fucosyllactose.,short_caption_with_semantic_anchor,figure_caption,Figure S1. 1H-NMR of isolated 20-fucosyllactose.,true,/home/gmy/bio-agent-workspace/bge-service/reports/phase5d_caption_cleanup_audit/protected_short_captions.csv
doc_0056,p2_b0020,Fig. 1. Strategy for OPN glycosylation and phosphorylation analyses.,short_caption_with_semantic_anchor,figure_caption,Fig. 1. Strategy for OPN glycosylation and phosphorylation analyses.,true,/home/gmy/bio-agent-workspace/bge-service/reports/phase5d_caption_cleanup_audit/protected_short_captions.csv
doc_0056,p4_b0039,Fig. 4. (a) MS/MS spectrum of the O-glycopeptide 286ISHELDSASSEVN298 at m/z 876.,short_caption_with_semantic_anchor,figure_caption,Fig. 4. (a) MS/MS spectrum of the O-glycopeptide 286ISHELDSASSEVN298 at m/z 876.,true,/home/gmy/bio-agent-workspace/bge-service/reports/phase5d_caption_cleanup_audit/protected_short_captions.csv
doc_0056,p6_b0050,Table 1 MS/MS characterization of the identified O-glycopeptides.,short_caption_with_semantic_anchor,table_caption,Table 1 MS/MS characterization of the identified O-glycopeptides.,true,/home/gmy/bio-agent-workspace/bge-service/reports/phase5d_caption_cleanup_audit/protected_short_captions.csv
doc_0056,p9_b0079,Fig. 6. The MS/MS spectrum of the 195LNAPSDWDpSRGKDSpYETSQ213 phosphopeptide (m/z 772.,short_caption_with_semantic_anchor,figure_caption,Fig. 6. The MS/MS spectrum of the 195LNAPSDWDpSRGKDSpYETSQ213 phosphopeptide (m/z 772.,true,/home/gmy/bio-agent-workspace/bge-service/reports/phase5d_caption_cleanup_audit/protected_short_captions.csv
doc_0057,p4_b0065,Figure 1. Recombinant HSA production by P.,short_caption_with_semantic_anchor,figure_caption,Figure 1. Recombinant HSA production by P.,true,/home/gmy/bio-agent-workspace/bge-service/reports/phase5d_caption_cleanup_audit/protected_short_captions.csv
doc_0058,p6_b0063,Table 1 | Main characteristics of protein fusion tags.,short_caption_with_semantic_anchor,table_caption,Table 1 | Main characteristics of protein fusion tags.,true,/home/gmy/bio-agent-workspace/bge-service/reports/phase5d_caption_cleanup_audit/protected_short_captions.csv
doc_0059,p3_b0049,Fig. 2. SDS–PAGE analysis of rLF purified from yeast culture.,short_caption_with_semantic_anchor,figure_caption,Fig. 2. SDS–PAGE analysis of rLF purified from yeast culture.,true,/home/gmy/bio-agent-workspace/bge-service/reports/phase5d_caption_cleanup_audit/protected_short_captions.csv
doc_0059,p4_b0068,Table 1 Purification of rLF from yeast culture.,short_caption_with_semantic_anchor,table_caption,Table 1 Purification of rLF from yeast culture.,true,/home/gmy/bio-agent-workspace/bge-service/reports/phase5d_caption_cleanup_audit/protected_short_captions.csv
doc_0059,p4_b0076,Fig. 4. The pH-dependent iron binding property of purified rLF and natural LF.,short_caption_with_semantic_anchor,figure_caption,Fig. 4. The pH-dependent iron binding property of purified rLF and natural LF.,true,/home/gmy/bio-agent-workspace/bge-service/reports/phase5d_caption_cleanup_audit/protected_short_captions.csv
doc_0060,p11_b0090,Figure 6 (See legend on next page.),short_caption_with_semantic_anchor,figure_caption,Figure 6 (See legend on next page.),true,/home/gmy/bio-agent-workspace/bge-service/reports/phase5d_caption_cleanup_audit/protected_short_captions.csv
doc_0062,p6_b0054,Fig. 3. Analysis of transfucosylation reaction using L321P/F34I-BiAfcB mutant using.,short_caption_with_semantic_anchor,figure_caption,Fig. 3. Analysis of transfucosylation reaction using L321P/F34I-BiAfcB mutant using.,true,/home/gmy/bio-agent-workspace/bge-service/reports/phase5d_caption_cleanup_audit/protected_short_captions.csv
doc_0063,p3_b0036,Fig. 1. SDS-PAGE of purified N-His6-tagged PmST wild type and mutant enzymes.,short_caption_with_semantic_anchor,figure_caption,Fig. 1. SDS-PAGE of purified N-His6-tagged PmST wild type and mutant enzymes.,true,/home/gmy/bio-agent-workspace/bge-service/reports/phase5d_caption_cleanup_audit/protected_short_captions.csv
doc_0065,p3_b0038,Fig. 1. Amino acid sequence of Epx1 secretion leader and variants.,short_caption_with_semantic_anchor,figure_caption,Fig. 1. Amino acid sequence of Epx1 secretion leader and variants.,true,/home/gmy/bio-agent-workspace/bge-service/reports/phase5d_caption_cleanup_audit/protected_short_captions.csv
doc_0065,p8_b0093,Fig. 5. Intracellular localization of reporter proteins secreted by truncated Epx1 leader variants.,short_caption_with_semantic_anchor,figure_caption,Fig. 5. Intracellular localization of reporter proteins secreted by truncated Epx1 leader variants.,true,/home/gmy/bio-agent-workspace/bge-service/reports/phase5d_caption_cleanup_audit/protected_short_captions.csv
doc_0066,p4_b0037,Figure 2. FAM20A directly binds to FAM20C.,short_caption_with_semantic_anchor,figure_caption,Figure 2. FAM20A directly binds to FAM20C.,true,/home/gmy/bio-agent-workspace/bge-service/reports/phase5d_caption_cleanup_audit/protected_short_captions.csv
doc_0066,p7_b0059,Figure 5. Schematic representation of FAM20A-FAM20C interaction and FAM20A-mediated FAM20C secretion.,short_caption_with_semantic_anchor,figure_caption,Figure 5. Schematic representation of FAM20A-FAM20C interaction and FAM20A-mediated FAM20C secretion.,true,/home/gmy/bio-agent-workspace/bge-service/reports/phase5d_caption_cleanup_audit/protected_short_captions.csv
doc_0066,p8_b0071,Table 1. Primer sequences.,short_caption_with_semantic_anchor,table_caption,Table 1. Primer sequences.,true,/home/gmy/bio-agent-workspace/bge-service/reports/phase5d_caption_cleanup_audit/protected_short_captions.csv
doc_0067,p6_b0064,Fig. 4. A remarkable change can be observed for 6- phosphogluconate (6PGA).,short_caption_with_semantic_anchor,figure_caption,Fig. 4. A remarkable change can be observed for 6- phosphogluconate (6PGA).,true,/home/gmy/bio-agent-workspace/bge-service/reports/phase5d_caption_cleanup_audit/protected_short_captions.csv
doc_0068,p3_b0058,FIGURE 1. Growth of P.,short_caption_with_semantic_anchor,figure_caption,FIGURE 1. Growth of P.,true,/home/gmy/bio-agent-workspace/bge-service/reports/phase5d_caption_cleanup_audit/protected_short_captions.csv
doc_0068,p5_b0071,FIGURE 3. Regulation of GDH2 expression by Mxr1p and Mxr1pN400.,short_caption_with_semantic_anchor,figure_caption,FIGURE 3. Regulation of GDH2 expression by Mxr1p and Mxr1pN400.,true,/home/gmy/bio-agent-workspace/bge-service/reports/phase5d_caption_cleanup_audit/protected_short_captions.csv
doc_0068,p6_b0077,FIGURE 4. Analysis of the ability of Gdh2p to restore the growth of mxr1.,short_caption_with_semantic_anchor,figure_caption,FIGURE 4. Analysis of the ability of Gdh2p to restore the growth of mxr1.,true,/home/gmy/bio-agent-workspace/bge-service/reports/phase5d_caption_cleanup_audit/protected_short_captions.csv
doc_0068,p8_b0093,FIGURE 6. Function and regulation of mMDH and cMDH in P.,short_caption_with_semantic_anchor,figure_caption,FIGURE 6. Function and regulation of mMDH and cMDH in P.,true,/home/gmy/bio-agent-workspace/bge-service/reports/phase5d_caption_cleanup_audit/protected_short_captions.csv
doc_0070,p2_b0019,TABLE 1 | TRAPP complexes Subunits.,short_caption_with_semantic_anchor,table_caption,TABLE 1 | TRAPP complexes Subunits.,true,/home/gmy/bio-agent-workspace/bge-service/reports/phase5d_caption_cleanup_audit/protected_short_captions.csv
doc_0070,p6_b0089,TABLE 2 | TRAPP Subunit Essentially.,short_caption_with_semantic_anchor,table_caption,TABLE 2 | TRAPP Subunit Essentially.,true,/home/gmy/bio-agent-workspace/bge-service/reports/phase5d_caption_cleanup_audit/protected_short_captions.csv
doc_0071,p3_b0025,Figure 1. Property of recombinant proteins and growth curve of the recombinant strains.,short_caption_with_semantic_anchor,figure_caption,Figure 1. Property of recombinant proteins and growth curve of the recombinant strains.,true,/home/gmy/bio-agent-workspace/bge-service/reports/phase5d_caption_cleanup_audit/protected_short_captions.csv
doc_0071,p4_b0047,Table 1. The maximum specific growth rate of the recombinant protein production strains.,short_caption_with_semantic_anchor,table_caption,Table 1. The maximum specific growth rate of the recombinant protein production strains.,true,/home/gmy/bio-agent-workspace/bge-service/reports/phase5d_caption_cleanup_audit/protected_short_captions.csv
doc_0071,p6_b0057,Figure 3. The yield of recombinant proteins.,short_caption_with_semantic_anchor,figure_caption,Figure 3. The yield of recombinant proteins.,true,/home/gmy/bio-agent-workspace/bge-service/reports/phase5d_caption_cleanup_audit/protected_short_captions.csv
doc_0071,p8_b0073,Table 2. The cell wall porosity as determined by the polycation assay.,short_caption_with_semantic_anchor,table_caption,Table 2. The cell wall porosity as determined by the polycation assay.,true,/home/gmy/bio-agent-workspace/bge-service/reports/phase5d_caption_cleanup_audit/protected_short_captions.csv
doc_0071,p9_b0076,Figure 7. The growth curve of the RHO1and PKC1-expressing strains. (A) The growth curve of the OCH1 deletion strain expressing RHO1 and PKC1. (B) The growth curve of the MNN9 deletion strain expressing RHO1 and PKC1. The data are presented as the means ± standard errors from three independent experiments.,approved_eval_target_chunk,figure_caption,Figure 7. The growth curve of the RHO1and PKC1-expressing strains. (A) The growth curve of the OCH1 deletion strain expressing RHO1 and PKC1. (B) The growth curve of the MNN9 deletion strain expressing RHO1 and PKC1. The data are presented as the means ± standard errors from three independent experiments.,true,/home/gmy/bio-agent-workspace/bge-service/reports/phase5d_caption_cleanup_audit/protected_short_captions.csv
doc_0074,p10_b0087,Fig 4. Methanol metabolism patterns under different induction conditions.,short_caption_with_semantic_anchor,figure_caption,Fig 4. Methanol metabolism patterns under different induction conditions.,true,/home/gmy/bio-agent-workspace/bge-service/reports/phase5d_caption_cleanup_audit/protected_short_captions.csv
doc_0074,p13_b0110,Fig 5. Energy (NADH) metabolism patterns η under different induction strategies.,short_caption_with_semantic_anchor,figure_caption,Fig 5. Energy (NADH) metabolism patterns η under different induction strategies.,true,/home/gmy/bio-agent-workspace/bge-service/reports/phase5d_caption_cleanup_audit/protected_short_captions.csv
doc_0074,p16_b0128,"Fig 6. Specific activities of AOX, FLD, and FDH in run #1 and #3. 16 / 19",short_caption_with_semantic_anchor,figure_caption,"Fig 6. Specific activities of AOX, FLD, and FDH in run #1 and #3. 16 / 19",true,/home/gmy/bio-agent-workspace/bge-service/reports/phase5d_caption_cleanup_audit/protected_short_captions.csv
doc_0074,p9_b0070,Fig 3. This energy consumption ratio ε could be calculated by Eq 2.,short_caption_with_semantic_anchor,figure_caption,Fig 3. This energy consumption ratio ε could be calculated by Eq 2.,true,/home/gmy/bio-agent-workspace/bge-service/reports/phase5d_caption_cleanup_audit/protected_short_captions.csv
doc_0075,p13_b0129,Figure 8. Regulation of genes involved in folding and secretion.,short_caption_with_semantic_anchor,figure_caption,Figure 8. Regulation of genes involved in folding and secretion.,true,/home/gmy/bio-agent-workspace/bge-service/reports/phase5d_caption_cleanup_audit/protected_short_captions.csv
doc_0075,p5_b0070,Figure 1. Analysis of Rol production at different stages.,short_caption_with_semantic_anchor,figure_caption,Figure 1. Analysis of Rol production at different stages.,true,/home/gmy/bio-agent-workspace/bge-service/reports/phase5d_caption_cleanup_audit/protected_short_captions.csv
doc_0075,p7_b0088,Figure 2. Global transcriptomic analysis of regulated genes in ROL strains.,short_caption_with_semantic_anchor,figure_caption,Figure 2. Global transcriptomic analysis of regulated genes in ROL strains.,true,/home/gmy/bio-agent-workspace/bge-service/reports/phase5d_caption_cleanup_audit/protected_short_captions.csv
doc_0075,p8_b0091,Figure 3. Functional analysis of regulated genes.,short_caption_with_semantic_anchor,figure_caption,Figure 3. Functional analysis of regulated genes.,true,/home/gmy/bio-agent-workspace/bge-service/reports/phase5d_caption_cleanup_audit/protected_short_captions.csv
doc_0075,p9_b0097,Figure 4. Cluster analysis of regulated genes in expressing strains.,short_caption_with_semantic_anchor,figure_caption,Figure 4. Cluster analysis of regulated genes in expressing strains.,true,/home/gmy/bio-agent-workspace/bge-service/reports/phase5d_caption_cleanup_audit/protected_short_captions.csv
doc_0076,p3_b0029,Figure 1. Deficiency of transcription repressors conditionally derepressed AOX expression by PAOX1.,short_caption_with_semantic_anchor,figure_caption,Figure 1. Deficiency of transcription repressors conditionally derepressed AOX expression by PAOX1.,true,/home/gmy/bio-agent-workspace/bge-service/reports/phase5d_caption_cleanup_audit/protected_short_captions.csv
doc_0076,p8_b0074,Table 1. Insulin precursor productions by recombinant P.,short_caption_with_semantic_anchor,table_caption,Table 1. Insulin precursor productions by recombinant P.,true,/home/gmy/bio-agent-workspace/bge-service/reports/phase5d_caption_cleanup_audit/protected_short_captions.csv
doc_0077,p9_b0095,Figure 6. Impaired translocation of -strands through the Sec61 and SecY translocon.,short_caption_with_semantic_anchor,figure_caption,Figure 6. Impaired translocation of -strands through the Sec61 and SecY translocon.,true,/home/gmy/bio-agent-workspace/bge-service/reports/phase5d_caption_cleanup_audit/protected_short_captions.csv
doc_0080,p7_b0120,"Fig. 4 Sialic acid structure and the compartmentation of Sia, CMP-Sia and sialylated",short_caption_with_semantic_anchor,figure_caption,"Fig. 4 Sialic acid structure and the compartmentation of Sia, CMP-Sia and sialylated",true,/home/gmy/bio-agent-workspace/bge-service/reports/phase5d_caption_cleanup_audit/protected_short_captions.csv
doc_0083,p10_b0096,Fig. 2. Fluorescence images of ER-targeted GFP-HDEL are shown.,short_caption_with_semantic_anchor,figure_caption,Fig. 2. Fluorescence images of ER-targeted GFP-HDEL are shown.,true,/home/gmy/bio-agent-workspace/bge-service/reports/phase5d_caption_cleanup_audit/protected_short_captions.csv
doc_0083,p11_b0108,Figure S2. Low variation in secreted protein levels between clones.,short_caption_with_semantic_anchor,figure_caption,Figure S2. Low variation in secreted protein levels between clones.,true,/home/gmy/bio-agent-workspace/bge-service/reports/phase5d_caption_cleanup_audit/protected_short_captions.csv
doc_0083,p11_b0110,Figure S4. Large image fields of cells expressing the various constructs.,short_caption_with_semantic_anchor,figure_caption,Figure S4. Large image fields of cells expressing the various constructs.,true,/home/gmy/bio-agent-workspace/bge-service/reports/phase5d_caption_cleanup_audit/protected_short_captions.csv
doc_0084,p3_b0026,Table 1. Strains of K. phaffii used in this study.,short_caption_with_semantic_anchor,table_caption,Table 1. Strains of K. phaffii used in this study.,true,/home/gmy/bio-agent-workspace/bge-service/reports/phase5d_caption_cleanup_audit/protected_short_captions.csv
doc_0084,p5_b0053,"Figure 2. Generation of the ku70 deleted strain using double-crossover recombi- nation and the Cre-loxP marker recycling system. (A) Schematic representation of the Cre-loxP marker recycling system for ku70 deletion. The DNA cassette for the ku70 deletion contained the up-and downstream flanking regions of the KU70 gene and the G418 resistance-encoding marker flanked by loxP sequences (in the same orientation; indicated as black triangles). In the first step, the DNA cassette integrated into the KU70 locus by double-crossover recombination, and recombinants were isolated by selecting for G418 resistance and confirmed by screening using colony PCR. In the second step, the pPAP CP plasmid (express- ing the Cre recombinase protein under control of the AOX1 promoter (Paox1) and containing the weak autonomous replicating sequence PARS1) was introduced into the cells. The transformants were selected on the Zeocin-containing plates and screened for excision of the G418 resistance-encoding marker (as assessed by G418 susceptibility) due to Cre-loxP recombination. The strains were cured of pPAP CP by outgrowth in the absence of Zeocin following single colony isolation and screening for Zeocin susceptibility. Gray arrows indicate primer positions used for colony PCR. (B) Colony PCR analysis of the KU70 locus in the ku70 dele- tion experiment. The wild-type CBS7435 strain (lane 1), an intermediate strain in which the genomic KU70 gene was replaced with the G418 resistance-encoding marker cassette (lane 2), and a strain from which the G418 resistance-encoding marker had been removed by Cre-loxP recombination (lane 3) yielded amplicons of the expected sizes (4.0 kb, 3.4 kb and 2.2 kb, respectively).",approved_eval_target_chunk,figure_caption,"Figure 2. Generation of the ku70 deleted strain using double-crossover recombi- nation and the Cre-loxP marker recycling system. (A) Schematic representation of the Cre-loxP marker recycling system for ku70 deletion. The DNA cassette for the ku70 deletion contained the up-and downstream flanking regions of the KU70 gene and the G418 resistance-encoding marker flanked by loxP sequences (in the same orientation; indicated as black triangles). In the first step, the DNA cassette integrated into the KU70 locus by double-crossover recombination, and recombinants were isolated by selecting for G418 resistance and confirmed by screening using colony PCR. In the second step, the pPAP CP plasmid (express- ing the Cre recombinase protein under control of the AOX1 promoter (Paox1) and containing the weak autonomous replicating sequence PARS1) was introduced into the cells. The transformants were selected on the Zeocin-containing plates and screened for excision of the G418 resistance-encoding marker (as assessed by G418 susceptibility) due to Cre-loxP recombination. The strains were cured of pPAP CP by outgrowth in the absence of Zeocin following single colony isolation and screening for Zeocin susceptibility. Gray arrows indicate primer positions used for colony PCR. (B) Colony PCR analysis of the KU70 locus in the ku70 dele- tion experiment. The wild-type CBS7435 strain (lane 1), an intermediate strain in which the genomic KU70 gene was replaced with the G418 resistance-encoding marker cassette (lane 2), and a strain from which the G418 resistance-encoding marker had been removed by Cre-loxP recombination (lane 3) yielded amplicons of the expected sizes (4.0 kb, 3.4 kb and 2.2 kb, respectively).",true,/home/gmy/bio-agent-workspace/bge-service/reports/phase5d_caption_cleanup_audit/protected_short_captions.csv
doc_0086,p4_b0046,"Fig. 2. In addition, the methanol-grown control (PAOX1- Fab) is also shown.",short_caption_with_semantic_anchor,figure_caption,"Fig. 2. In addition, the methanol-grown control (PAOX1- Fab) is also shown.",true,/home/gmy/bio-agent-workspace/bge-service/reports/phase5d_caption_cleanup_audit/protected_short_captions.csv
doc_0086,p4_b0048,"Table 2. Effect of gene disruptions on the secretion of HyHEL-Fab The effect is measured in fold-change (FC) values, giving the relative change of the respective parameter in reference to the non-engineered pro- ducer strain (control). At least three clones with the respective disruption were cultivated in biological triplicate in 24-deep-well plates. The amount of product in the supernatant was quantified by ELISA after approx. 48 h of cultivation. Fold-changes (FC) with p-values below 0.05 are marked with an asterisk (*).",approved_eval_target_chunk,table_caption,"Table 2. Effect of gene disruptions on the secretion of HyHEL-Fab The effect is measured in fold-change (FC) values, giving the relative change of the respective parameter in reference to the non-engineered pro- ducer strain (control). At least three clones with the respective disruption were cultivated in biological triplicate in 24-deep-well plates. The amount of product in the supernatant was quantified by ELISA after approx. 48 h of cultivation. Fold-changes (FC) with p-values below 0.05 are marked with an asterisk (*).",true,/home/gmy/bio-agent-workspace/bge-service/reports/phase5d_caption_cleanup_audit/protected_short_captions.csv
doc_0086,p5_b0057,Fig. 1. Impact of ERAD gene disruptions on UPR and HSR genes.,short_caption_with_semantic_anchor,figure_caption,Fig. 1. Impact of ERAD gene disruptions on UPR and HSR genes.,true,/home/gmy/bio-agent-workspace/bge-service/reports/phase5d_caption_cleanup_audit/protected_short_captions.csv
doc_0087,p3_b0029,TABLE 2 | Primers used in this study.,short_caption_with_semantic_anchor,table_caption,TABLE 2 | Primers used in this study.,true,/home/gmy/bio-agent-workspace/bge-service/reports/phase5d_caption_cleanup_audit/protected_short_captions.csv
doc_0090,p11_b0133,Table 2. GEFIs for inorganic ions measuring.,short_caption_with_semantic_anchor,table_caption,Table 2. GEFIs for inorganic ions measuring.,true,/home/gmy/bio-agent-workspace/bge-service/reports/phase5d_caption_cleanup_audit/protected_short_captions.csv
doc_0090,p20_b0245,Table 5. GEFIs for organic metabolites measuring.,short_caption_with_semantic_anchor,table_caption,Table 5. GEFIs for organic metabolites measuring.,true,/home/gmy/bio-agent-workspace/bge-service/reports/phase5d_caption_cleanup_audit/protected_short_captions.csv
doc_0090,p22_b0275,Table 6. GEFIs for secondary messengers measuring.,approved_eval_target_chunk,table_caption,Table 6. GEFIs for secondary messengers measuring.,true,/home/gmy/bio-agent-workspace/bge-service/reports/phase5d_caption_cleanup_audit/protected_short_captions.csv
doc_0090,p26_b0311,Table 8. GEFIs for neurotransmitters measuring.,short_caption_with_semantic_anchor,table_caption,Table 8. GEFIs for neurotransmitters measuring.,true,/home/gmy/bio-agent-workspace/bge-service/reports/phase5d_caption_cleanup_audit/protected_short_captions.csv
doc_0090,p5_b0040,Figure 1. Basic principles of cpFP-based biosensors.,short_caption_with_semantic_anchor,figure_caption,Figure 1. Basic principles of cpFP-based biosensors.,true,/home/gmy/bio-agent-workspace/bge-service/reports/phase5d_caption_cleanup_audit/protected_short_captions.csv
doc_0090,p5_b0045,Figure 1. Basic principles of cpFP-based biosensors.,short_caption_with_semantic_anchor,figure_caption,Figure 1. Basic principles of cpFP-based biosensors.,true,/home/gmy/bio-agent-workspace/bge-service/reports/phase5d_caption_cleanup_audit/protected_short_captions.csv
doc_0090,p8_b0074,Figure 2. Main types of cpFP-based biosensors.,short_caption_with_semantic_anchor,figure_caption,Figure 2. Main types of cpFP-based biosensors.,true,/home/gmy/bio-agent-workspace/bge-service/reports/phase5d_caption_cleanup_audit/protected_short_captions.csv
doc_0091,p2_b0022,Fig. 1. Pathways for 2′FL production.,short_caption_with_semantic_anchor,figure_caption,Fig. 1. Pathways for 2′FL production.,true,/home/gmy/bio-agent-workspace/bge-service/reports/phase5d_caption_cleanup_audit/protected_short_captions.csv
doc_0091,p7_b0117,Fig. 3. Producing 2′FL in fermenters using engineered yeast.,short_caption_with_semantic_anchor,figure_caption,Fig. 3. Producing 2′FL in fermenters using engineered yeast.,true,/home/gmy/bio-agent-workspace/bge-service/reports/phase5d_caption_cleanup_audit/protected_short_captions.csv
doc_0091,p9_b0136,Fig. 5. Localization of heterologous transporters in yeast.,short_caption_with_semantic_anchor,figure_caption,Fig. 5. Localization of heterologous transporters in yeast.,true,/home/gmy/bio-agent-workspace/bge-service/reports/phase5d_caption_cleanup_audit/protected_short_captions.csv
doc_0092,p10_b0096,Table S1. Predicted ribosomal protein genes of P.,short_caption_with_semantic_anchor,table_caption,Table S1. Predicted ribosomal protein genes of P.,true,/home/gmy/bio-agent-workspace/bge-service/reports/phase5d_caption_cleanup_audit/protected_short_captions.csv
doc_0092,p10_b0099,Figure S1. Confirmation of the deletants by PCR.,short_caption_with_semantic_anchor,figure_caption,Figure S1. Confirmation of the deletants by PCR.,true,/home/gmy/bio-agent-workspace/bge-service/reports/phase5d_caption_cleanup_audit/protected_short_captions.csv
doc_0092,p10_b0107,Table S5. Primers used in this study.,short_caption_with_semantic_anchor,table_caption,Table S5. Primers used in this study.,true,/home/gmy/bio-agent-workspace/bge-service/reports/phase5d_caption_cleanup_audit/protected_short_captions.csv
doc_0092,p10_b0109,Table S6. mRNA fold-change (log2) for chaperone genes.,short_caption_with_semantic_anchor,table_caption,Table S6. mRNA fold-change (log2) for chaperone genes.,true,/home/gmy/bio-agent-workspace/bge-service/reports/phase5d_caption_cleanup_audit/protected_short_captions.csv
doc_0093,p11_b0097,Figure S2. The copy number of FHL1 gene and mRFP gene.,short_caption_with_semantic_anchor,figure_caption,Figure S2. The copy number of FHL1 gene and mRFP gene.,true,/home/gmy/bio-agent-workspace/bge-service/reports/phase5d_caption_cleanup_audit/protected_short_captions.csv
doc_0094,p5_b0054,TABLE 1 | Overview of the fed-batch cultivations.,short_caption_with_semantic_anchor,table_caption,TABLE 1 | Overview of the fed-batch cultivations.,true,/home/gmy/bio-agent-workspace/bge-service/reports/phase5d_caption_cleanup_audit/protected_short_captions.csv
doc_0095,p4_b0028,Table 1 Pichia pastoris promoters (adapted from Vogl and Glieder [18]),short_caption_with_semantic_anchor,table_caption,Table 1 Pichia pastoris promoters (adapted from Vogl and Glieder [18]),true,/home/gmy/bio-agent-workspace/bge-service/reports/phase5d_caption_cleanup_audit/protected_short_captions.csv
doc_0096,p2_b0020,Figure 1. Humanmilkoligosaccharide(HMO)blueprintstructure[1].,short_caption_with_semantic_anchor,figure_caption,Figure 1. Humanmilkoligosaccharide(HMO)blueprintstructure[1].,true,/home/gmy/bio-agent-workspace/bge-service/reports/phase5d_caption_cleanup_audit/protected_short_captions.csv
doc_0097,p6_b0064,Fig. 3. Production of intracellular (0.,short_caption_with_semantic_anchor,figure_caption,Fig. 3. Production of intracellular (0.,true,/home/gmy/bio-agent-workspace/bge-service/reports/phase5d_caption_cleanup_audit/protected_short_captions.csv
doc_0097,p7_b0098,Fig. 4. SDS-PAGE analysis of the crude extracts of recombinant E.,short_caption_with_semantic_anchor,figure_caption,Fig. 4. SDS-PAGE analysis of the crude extracts of recombinant E.,true,/home/gmy/bio-agent-workspace/bge-service/reports/phase5d_caption_cleanup_audit/protected_short_captions.csv
doc_0101,p15_b0299,Fig. 10. General glycosynthase strategies for retaining and inverting α-L-fucosidases.,short_caption_with_semantic_anchor,figure_caption,Fig. 10. General glycosynthase strategies for retaining and inverting α-L-fucosidases.,true,/home/gmy/bio-agent-workspace/bge-service/reports/phase5d_caption_cleanup_audit/protected_short_captions.csv
doc_0101,p23_b0469,Fig. 12. Different approaches used in E.,short_caption_with_semantic_anchor,figure_caption,Fig. 12. Different approaches used in E.,true,/home/gmy/bio-agent-workspace/bge-service/reports/phase5d_caption_cleanup_audit/protected_short_captions.csv
doc_0101,p2_b0023,Fig. 1. Overview of HMO metabolism and potential functions in breast-fed infants.,short_caption_with_semantic_anchor,figure_caption,Fig. 1. Overview of HMO metabolism and potential functions in breast-fed infants.,true,/home/gmy/bio-agent-workspace/bge-service/reports/phase5d_caption_cleanup_audit/protected_short_captions.csv
doc_0101,p9_b0104,Fig. 5. General retrosynthetic strategies for HMO production.,short_caption_with_semantic_anchor,figure_caption,Fig. 5. General retrosynthetic strategies for HMO production.,true,/home/gmy/bio-agent-workspace/bge-service/reports/phase5d_caption_cleanup_audit/protected_short_captions.csv
doc_0101,p9_b0114,Fig. 6. General enzymatic routes for glycosidic bond formation.,short_caption_with_semantic_anchor,figure_caption,Fig. 6. General enzymatic routes for glycosidic bond formation.,true,/home/gmy/bio-agent-workspace/bge-service/reports/phase5d_caption_cleanup_audit/protected_short_captions.csv
doc_0102,p3_b0019,"Fig. 2. trans-Glycosylation was selective for β-1,3-gly- cosylation of lactose, giving LNT (Fig.",short_caption_with_semantic_anchor,figure_caption,"Fig. 2. trans-Glycosylation was selective for β-1,3-gly- cosylation of lactose, giving LNT (Fig.",true,/home/gmy/bio-agent-workspace/bge-service/reports/phase5d_caption_cleanup_audit/protected_short_captions.csv
doc_0105,p3_b0042,Figure 2. SDS-PAGE analysis the expression of five AGEs.,short_caption_with_semantic_anchor,figure_caption,Figure 2. SDS-PAGE analysis the expression of five AGEs.,true,/home/gmy/bio-agent-workspace/bge-service/reports/phase5d_caption_cleanup_audit/protected_short_captions.csv
doc_0105,p4_b0058,Figure 3. Overexpression and purification of BT0453 and NanA proteins.,short_caption_with_semantic_anchor,figure_caption,Figure 3. Overexpression and purification of BT0453 and NanA proteins.,true,/home/gmy/bio-agent-workspace/bge-service/reports/phase5d_caption_cleanup_audit/protected_short_captions.csv
doc_0105,p5_b0070,Figure 5. The decreasing Neu5Ac yield Figure 4.,short_caption_with_semantic_anchor,figure_caption,Figure 5. The decreasing Neu5Ac yield Figure 4.,true,/home/gmy/bio-agent-workspace/bge-service/reports/phase5d_caption_cleanup_audit/protected_short_captions.csv
doc_0105,p6_b0095,Figure 5. Molar yield of the whole cell Neu5Ac biotransformation.,short_caption_with_semantic_anchor,figure_caption,Figure 5. Molar yield of the whole cell Neu5Ac biotransformation.,true,/home/gmy/bio-agent-workspace/bge-service/reports/phase5d_caption_cleanup_audit/protected_short_captions.csv
doc_0107,p4_b0058,Table 1. Structures of calnexin cycle proteins.,short_caption_with_semantic_anchor,table_caption,Table 1. Structures of calnexin cycle proteins.,true,/home/gmy/bio-agent-workspace/bge-service/reports/phase5d_caption_cleanup_audit/protected_short_captions.csv
doc_0107,p9_b0222,"Table 2. Thioredoxin-like, DsbA-like, and redox domains in the ER.",short_caption_with_semantic_anchor,table_caption,"Table 2. Thioredoxin-like, DsbA-like, and redox domains in the ER.",true,/home/gmy/bio-agent-workspace/bge-service/reports/phase5d_caption_cleanup_audit/protected_short_captions.csv
doc_0109,p2_b0023,Table 1. 3′AOX DNA fragment region was amplified from pPIC3.,short_caption_with_semantic_anchor,table_caption,Table 1. 3′AOX DNA fragment region was amplified from pPIC3.,true,/home/gmy/bio-agent-workspace/bge-service/reports/phase5d_caption_cleanup_audit/protected_short_captions.csv
doc_0109,p5_b0049,Fig. 3. PDI promoter Sequence Comparison.,short_caption_with_semantic_anchor,figure_caption,Fig. 3. PDI promoter Sequence Comparison.,true,/home/gmy/bio-agent-workspace/bge-service/reports/phase5d_caption_cleanup_audit/protected_short_captions.csv
doc_0110,p13_b0078,Table 1. (v) NADPH/NADP ratio determination.,short_caption_with_semantic_anchor,table_caption,Table 1. (v) NADPH/NADP ratio determination.,true,/home/gmy/bio-agent-workspace/bge-service/reports/phase5d_caption_cleanup_audit/protected_short_captions.csv
doc_0113,p2_b0030,Table S1. The relative expression level of each test gene in P.,short_caption_with_semantic_anchor,table_caption,Table S1. The relative expression level of each test gene in P.,true,/home/gmy/bio-agent-workspace/bge-service/reports/phase5d_caption_cleanup_audit/protected_short_captions.csv
doc_0113,p8_b0098,Table S1. Primers used for real-time PCR.,short_caption_with_semantic_anchor,table_caption,Table S1. Primers used for real-time PCR.,true,/home/gmy/bio-agent-workspace/bge-service/reports/phase5d_caption_cleanup_audit/protected_short_captions.csv
doc_0113,p8_b0102,Table S2. The 25 most highly expressed genes in P.,short_caption_with_semantic_anchor,table_caption,Table S2. The 25 most highly expressed genes in P.,true,/home/gmy/bio-agent-workspace/bge-service/reports/phase5d_caption_cleanup_audit/protected_short_captions.csv
doc_0113,p9_b0106,Table S3. The 25 most highly transcribed genes in P.,short_caption_with_semantic_anchor,table_caption,Table S3. The 25 most highly transcribed genes in P.,true,/home/gmy/bio-agent-workspace/bge-service/reports/phase5d_caption_cleanup_audit/protected_short_captions.csv
doc_0114,p3_b0029,"TABLE 1 Pichia pastoris used in this study Strains Description Source P. pastoris GS115 This lab PP‐CM101 his4, Mut+, P. pastoris containing pPICZB‐AfMDH, pPICZB‐AfPYC used for AfMDH, and AfPYC expression PP‐CM102 his4, Mut+, P. pastoris containing pPICZB‐RoMDH, pPICZB‐RoPYC used for RoMDH and RoPYC expression PP‐CM103 his4, Mut+, P. pastoris containing pPICZB‐ AtME* used for AtME mutant expression PP‐CM201 his4, Mut+, P. pastoris containing pPICZB‐ RoMDH‐PYC used for RoMDH‐PYC fusion protein expression PP‐CM202 his4, Mut+, P. pastoris containing pPICZB‐ RoPYC‐MDH used for RoPYC‐MDH fusion protein expression PP‐CM301 his4, Mut+, P. pastoris containing pPICZB‐ RoMDH, pPICZB‐ RoPYC and pPICZB‐ SpMAE used for RoMDH, RoPYC, and SpMAE expression PP‐DS401 PP‐CM301 derivate, deletion of ku70 gene PP‐DS402 PP‐DS401 derivate, containing pPEX‐Ku70 used for Ku70 expression PP‐DS501 PP‐CM301 derivate, deletion of odc gene PP‐DS502 PP‐CM301 derivate, deletion of pdc gene PP‐DS601 PP‐CM301 derivate, deletion of fdh gene PP‐DS701 PP‐CM301 derivate, deletion of gpi gene",approved_eval_target_chunk,table_caption,"TABLE 1 Pichia pastoris used in this study Strains Description Source P. pastoris GS115 This lab PP‐CM101 his4, Mut+, P. pastoris containing pPICZB‐AfMDH, pPICZB‐AfPYC used for AfMDH, and AfPYC expression PP‐CM102 his4, Mut+, P. pastoris containing pPICZB‐RoMDH, pPICZB‐RoPYC used for RoMDH and RoPYC expression PP‐CM103 his4, Mut+, P. pastoris containing pPICZB‐ AtME* used for AtME mutant expression PP‐CM201 his4, Mut+, P. pastoris containing pPICZB‐ RoMDH‐PYC used for RoMDH‐PYC fusion protein expression PP‐CM202 his4, Mut+, P. pastoris containing pPICZB‐ RoPYC‐MDH used for RoPYC‐MDH fusion protein expression PP‐CM301 his4, Mut+, P. pastoris containing pPICZB‐ RoMDH, pPICZB‐ RoPYC and pPICZB‐ SpMAE used for RoMDH, RoPYC, and SpMAE expression PP‐DS401 PP‐CM301 derivate, deletion of ku70 gene PP‐DS402 PP‐DS401 derivate, containing pPEX‐Ku70 used for Ku70 expression PP‐DS501 PP‐CM301 derivate, deletion of odc gene PP‐DS502 PP‐CM301 derivate, deletion of pdc gene PP‐DS601 PP‐CM301 derivate, deletion of fdh gene PP‐DS701 PP‐CM301 derivate, deletion of gpi gene",true,/home/gmy/bio-agent-workspace/bge-service/reports/phase5d_caption_cleanup_audit/protected_short_captions.csv
doc_0114,p5_b0037,FIGURE 3 (See caption on next page),short_caption_with_semantic_anchor,figure_caption,FIGURE 3 (See caption on next page),true,/home/gmy/bio-agent-workspace/bge-service/reports/phase5d_caption_cleanup_audit/protected_short_captions.csv
doc_0115,p2_b0030,Fig. 1. The three general types of N-glycans.,short_caption_with_semantic_anchor,figure_caption,Fig. 1. The three general types of N-glycans.,true,/home/gmy/bio-agent-workspace/bge-service/reports/phase5d_caption_cleanup_audit/protected_short_captions.csv
doc_0115,p6_b0092,Fig. 6. The N-glycans of human lactoferrin (hLf).,short_caption_with_semantic_anchor,figure_caption,Fig. 6. The N-glycans of human lactoferrin (hLf).,true,/home/gmy/bio-agent-workspace/bge-service/reports/phase5d_caption_cleanup_audit/protected_short_captions.csv
doc_0117,p3_b0016,"Fig. 2 The biosynthetic routes of 2’-FL and 3-FL, modified from reference [11].",short_caption_with_semantic_anchor,figure_caption,"Fig. 2 The biosynthetic routes of 2’-FL and 3-FL, modified from reference [11].",true,/home/gmy/bio-agent-workspace/bge-service/reports/phase5d_caption_cleanup_audit/protected_short_captions.csv
doc_0118,p17_b0255,Table 8. As demonstrated for the enzymes from H.,short_caption_with_semantic_anchor,table_caption,Table 8. As demonstrated for the enzymes from H.,true,/home/gmy/bio-agent-workspace/bge-service/reports/phase5d_caption_cleanup_audit/protected_short_captions.csv
doc_0118,p21_b0338,Table 11. The approaches used are discussed in what follows.,short_caption_with_semantic_anchor,table_caption,Table 11. The approaches used are discussed in what follows.,true,/home/gmy/bio-agent-workspace/bge-service/reports/phase5d_caption_cleanup_audit/protected_short_captions.csv
doc_0118,p21_b0342,Fig. 8. Key process parameters for comparative evaluation of routes of sialo-oligosaccharide production.,short_caption_with_semantic_anchor,figure_caption,Fig. 8. Key process parameters for comparative evaluation of routes of sialo-oligosaccharide production.,true,/home/gmy/bio-agent-workspace/bge-service/reports/phase5d_caption_cleanup_audit/protected_short_captions.csv
doc_0118,p8_b0107,Fig. 3. Reactions catalyzed by multifunctional SiaTs.,short_caption_with_semantic_anchor,figure_caption,Fig. 3. Reactions catalyzed by multifunctional SiaTs.,true,/home/gmy/bio-agent-workspace/bge-service/reports/phase5d_caption_cleanup_audit/protected_short_captions.csv
doc_0119,p2_b0029,Figure 1. NeuAc production route.,short_caption_with_semantic_anchor,figure_caption,Figure 1. NeuAc production route.,true,/home/gmy/bio-agent-workspace/bge-service/reports/phase5d_caption_cleanup_audit/protected_short_captions.csv
doc_0119,p4_b0053,Figure 3. Optimization of key enzyme expression intensity.,short_caption_with_semantic_anchor,figure_caption,Figure 3. Optimization of key enzyme expression intensity.,true,/home/gmy/bio-agent-workspace/bge-service/reports/phase5d_caption_cleanup_audit/protected_short_captions.csv
doc_0119,p4_b0055,Figure 4. Fed fermentation of strain DN5/pBacR in shake flasks.,short_caption_with_semantic_anchor,figure_caption,Figure 4. Fed fermentation of strain DN5/pBacR in shake flasks.,true,/home/gmy/bio-agent-workspace/bge-service/reports/phase5d_caption_cleanup_audit/protected_short_captions.csv
doc_0120,p4_b0027,TABLE 1 | Strains and plasmids used in this study.,short_caption_with_semantic_anchor,table_caption,TABLE 1 | Strains and plasmids used in this study.,true,/home/gmy/bio-agent-workspace/bge-service/reports/phase5d_caption_cleanup_audit/protected_short_captions.csv
doc_0122,p2_b0013,"Figure 1. Sequence analysis of α-1,2-fucosyltransferase and α-L-fucosidase.",short_caption_with_semantic_anchor,figure_caption,"Figure 1. Sequence analysis of α-1,2-fucosyltransferase and α-L-fucosidase.",true,/home/gmy/bio-agent-workspace/bge-service/reports/phase5d_caption_cleanup_audit/protected_short_captions.csv
doc_0122,p8_b0050,Figure 3. Scheme of biotechnological strategies for 2′-FL production.,short_caption_with_semantic_anchor,figure_caption,Figure 3. Scheme of biotechnological strategies for 2′-FL production.,true,/home/gmy/bio-agent-workspace/bge-service/reports/phase5d_caption_cleanup_audit/protected_short_captions.csv
doc_0123,p11_b0088,Fig. 7. Glucose consumption in different E.,short_caption_with_semantic_anchor,figure_caption,Fig. 7. Glucose consumption in different E.,true,/home/gmy/bio-agent-workspace/bge-service/reports/phase5d_caption_cleanup_audit/protected_short_captions.csv
doc_0123,p15_b0166,Fig. 3 C. Wang et al.,short_caption_with_semantic_anchor,figure_caption,Fig. 3 C. Wang et al.,true,/home/gmy/bio-agent-workspace/bge-service/reports/phase5d_caption_cleanup_audit/protected_short_captions.csv
doc_0123,p7_b0054,Table 3. The results show that the changes to LPS structure in E.,short_caption_with_semantic_anchor,table_caption,Table 3. The results show that the changes to LPS structure in E.,true,/home/gmy/bio-agent-workspace/bge-service/reports/phase5d_caption_cleanup_audit/protected_short_captions.csv
doc_0123,p9_b0068,Fig. 4. Comparison of CA production levels of E.,short_caption_with_semantic_anchor,figure_caption,Fig. 4. Comparison of CA production levels of E.,true,/home/gmy/bio-agent-workspace/bge-service/reports/phase5d_caption_cleanup_audit/protected_short_captions.csv
doc_0124,p2_b0020,Figure 1. The impact of autoclave sterilization on the stability of Neu5Ac.,short_caption_with_semantic_anchor,figure_caption,Figure 1. The impact of autoclave sterilization on the stability of Neu5Ac.,true,/home/gmy/bio-agent-workspace/bge-service/reports/phase5d_caption_cleanup_audit/protected_short_captions.csv
doc_0124,p4_b0033,"Figure 3. Arrhenius plots for Neu5Ac degradation in aqueous solutions at pH 1.0, 2.0, 11.0 and 12.0.",short_caption_with_semantic_anchor,figure_caption,"Figure 3. Arrhenius plots for Neu5Ac degradation in aqueous solutions at pH 1.0, 2.0, 11.0 and 12.0.",true,/home/gmy/bio-agent-workspace/bge-service/reports/phase5d_caption_cleanup_audit/protected_short_captions.csv
doc_0124,p5_b0037,Table 1. Kinetic parameters of Neu5Ac at pH 1.,short_caption_with_semantic_anchor,table_caption,Table 1. Kinetic parameters of Neu5Ac at pH 1.,true,/home/gmy/bio-agent-workspace/bge-service/reports/phase5d_caption_cleanup_audit/protected_short_captions.csv
doc_0125,p4_b0036,Fig. 1. Time-course of TnHex189 expression in B.,short_caption_with_semantic_anchor,figure_caption,Fig. 1. Time-course of TnHex189 expression in B.,true,/home/gmy/bio-agent-workspace/bge-service/reports/phase5d_caption_cleanup_audit/protected_short_captions.csv
doc_0127,p6_b0062,Fig. 5. Fluorescence of RBS selection and batch fermentation results.,short_caption_with_semantic_anchor,figure_caption,Fig. 5. Fluorescence of RBS selection and batch fermentation results.,true,/home/gmy/bio-agent-workspace/bge-service/reports/phase5d_caption_cleanup_audit/protected_short_captions.csv
doc_0127,p6_b0065,Table 2 Characterization of agea mutants.,short_caption_with_semantic_anchor,table_caption,Table 2 Characterization of agea mutants.,true,/home/gmy/bio-agent-workspace/bge-service/reports/phase5d_caption_cleanup_audit/protected_short_captions.csv
doc_0128,p2_b0030,Figure 1. Overview of the multi-enzyme cofactor recycling pathway for 3′-SL production.,short_caption_with_semantic_anchor,figure_caption,Figure 1. Overview of the multi-enzyme cofactor recycling pathway for 3′-SL production.,true,/home/gmy/bio-agent-workspace/bge-service/reports/phase5d_caption_cleanup_audit/protected_short_captions.csv
doc_0128,p4_b0046,Figure 3. SDS-PAGE of CMK co-expression with various chaperones.,short_caption_with_semantic_anchor,figure_caption,Figure 3. SDS-PAGE of CMK co-expression with various chaperones.,true,/home/gmy/bio-agent-workspace/bge-service/reports/phase5d_caption_cleanup_audit/protected_short_captions.csv
doc_0128,p7_b0081,Figure 8. Optimization of the ratios between four cell-free extracts for 3′-SL biotransformation.,short_caption_with_semantic_anchor,figure_caption,Figure 8. Optimization of the ratios between four cell-free extracts for 3′-SL biotransformation.,true,/home/gmy/bio-agent-workspace/bge-service/reports/phase5d_caption_cleanup_audit/protected_short_captions.csv
doc_0128,p8_b0088,Figure 9. Time course of 3′-SL production under optimal conditions.,short_caption_with_semantic_anchor,figure_caption,Figure 9. Time course of 3′-SL production under optimal conditions.,true,/home/gmy/bio-agent-workspace/bge-service/reports/phase5d_caption_cleanup_audit/protected_short_captions.csv
doc_0128,p8_b0097,Figure 9. Time course of 3′-SL production under optimal conditions.,short_caption_with_semantic_anchor,figure_caption,Figure 9. Time course of 3′-SL production under optimal conditions.,true,/home/gmy/bio-agent-workspace/bge-service/reports/phase5d_caption_cleanup_audit/protected_short_captions.csv
doc_0128,p9_b0109,"Table 1. Strains, genes, and plasmids used in the study.",short_caption_with_semantic_anchor,table_caption,"Table 1. Strains, genes, and plasmids used in the study.",true,/home/gmy/bio-agent-workspace/bge-service/reports/phase5d_caption_cleanup_audit/protected_short_captions.csv
doc_0129,p2_b0030,Figure 1. Overview of the multi-enzyme cofactor recycling pathway for 3′-SL production.,short_caption_with_semantic_anchor,figure_caption,Figure 1. Overview of the multi-enzyme cofactor recycling pathway for 3′-SL production.,true,/home/gmy/bio-agent-workspace/bge-service/reports/phase5d_caption_cleanup_audit/protected_short_captions.csv
doc_0129,p4_b0046,Figure 3. SDS-PAGE of CMK co-expression with various chaperones.,short_caption_with_semantic_anchor,figure_caption,Figure 3. SDS-PAGE of CMK co-expression with various chaperones.,true,/home/gmy/bio-agent-workspace/bge-service/reports/phase5d_caption_cleanup_audit/protected_short_captions.csv
doc_0129,p7_b0081,Figure 8. Optimization of the ratios between four cell-free extracts for 3′-SL biotransformation.,short_caption_with_semantic_anchor,figure_caption,Figure 8. Optimization of the ratios between four cell-free extracts for 3′-SL biotransformation.,true,/home/gmy/bio-agent-workspace/bge-service/reports/phase5d_caption_cleanup_audit/protected_short_captions.csv
doc_0129,p8_b0088,Figure 9. Time course of 3′-SL production under optimal conditions.,short_caption_with_semantic_anchor,figure_caption,Figure 9. Time course of 3′-SL production under optimal conditions.,true,/home/gmy/bio-agent-workspace/bge-service/reports/phase5d_caption_cleanup_audit/protected_short_captions.csv
doc_0129,p8_b0097,Figure 9. Time course of 3′-SL production under optimal conditions.,short_caption_with_semantic_anchor,figure_caption,Figure 9. Time course of 3′-SL production under optimal conditions.,true,/home/gmy/bio-agent-workspace/bge-service/reports/phase5d_caption_cleanup_audit/protected_short_captions.csv
doc_0129,p9_b0109,"Table 1. Strains, genes, and plasmids used in the study.",short_caption_with_semantic_anchor,table_caption,"Table 1. Strains, genes, and plasmids used in the study.",true,/home/gmy/bio-agent-workspace/bge-service/reports/phase5d_caption_cleanup_audit/protected_short_captions.csv
doc_0132,p9_b0089,"Table 1 CAI, correlation and disorder scores of PAS_chr2-2_0376 and PAS_chr2-2_0432",short_caption_with_semantic_anchor,table_caption,"Table 1 CAI, correlation and disorder scores of PAS_chr2-2_0376 and PAS_chr2-2_0432",true,/home/gmy/bio-agent-workspace/bge-service/reports/phase5d_caption_cleanup_audit/protected_short_captions.csv
doc_0133,p19_b0150,Fig. 1. Cryo-EM analysis of the wild-type (WT) S.,short_caption_with_semantic_anchor,figure_caption,Fig. 1. Cryo-EM analysis of the wild-type (WT) S.,true,/home/gmy/bio-agent-workspace/bge-service/reports/phase5d_caption_cleanup_audit/protected_short_captions.csv
doc_0133,p21_b0158,Fig. 2. Cryo-EM analysis of the WT and ΔSec62 T.,short_caption_with_semantic_anchor,figure_caption,Fig. 2. Cryo-EM analysis of the WT and ΔSec62 T.,true,/home/gmy/bio-agent-workspace/bge-service/reports/phase5d_caption_cleanup_audit/protected_short_captions.csv
doc_0133,p22_b0166,Fig. 3. Structure and mutagenesis analysis of the anchor domain of Sec62.,short_caption_with_semantic_anchor,figure_caption,Fig. 3. Structure and mutagenesis analysis of the anchor domain of Sec62.,true,/home/gmy/bio-agent-workspace/bge-service/reports/phase5d_caption_cleanup_audit/protected_short_captions.csv
doc_0133,p28_b0196,Fig. 8. Lipid/detergent molecules at the lateral gate.,short_caption_with_semantic_anchor,figure_caption,Fig. 8. Lipid/detergent molecules at the lateral gate.,true,/home/gmy/bio-agent-workspace/bge-service/reports/phase5d_caption_cleanup_audit/protected_short_captions.csv
doc_0133,p30_b0203,Fig. 9. All-atom MD simulations of the ScSec complex in a model lipid bilayer.,short_caption_with_semantic_anchor,figure_caption,Fig. 9. All-atom MD simulations of the ScSec complex in a model lipid bilayer.,true,/home/gmy/bio-agent-workspace/bge-service/reports/phase5d_caption_cleanup_audit/protected_short_captions.csv
doc_0133,p38_b0242,"Figure 3. Structural and functional analysis of a gating-defective mutant complex. a, The interaction between the FN3 domain of Sec63 and the L6/7 loop of Sec61α (shown is WT ScSec[C1]). Amino acids involved in the interactions are indicated. b, Yeast growth complementation experiments (at 30°C) testing functionality of indicated FN3 mutants of Sec63 in the background of WT (left) or pore-mutant (PM) Sec61α (right). FN3mut refers to a combination of E440R (ER) and F481S (FS) mutations and a deletion of seven amino acids 441–447 (441Δ7). To repress chromosomal WT Sec63 expression (under a tetracycline promoter), doxycycline (Dox) was added. −Dox control is shown in Extended Data Fig. 7a. c, As in b, but testing for indicated Sec61α mutants in the background of Sec63-FN3mut as a sole Sec63 copy. The addition of Dox represses chromosomal WT Sec61α expression. d, As in Fig. 2a, but with the FN3mut ScSec structures with and without Sec62. e, A comparison of the plug domain (purple density) between the FN3mut ScSec structures with and without Sec62 (yellow). Dashed lines, lateral gate helices (left to right: TM7, TM2, and TM3 of Sec61α). f, As in d, but comparing the Sec62-containing FN3mut/PM structure and the Sec62− class of WT ScSec. g, As in e, but with the FN3mut/PM ScSec structures. The experiments in b and c were repeated at least twice with similar results.",approved_eval_target_chunk,figure_caption,"Figure 3. Structural and functional analysis of a gating-defective mutant complex. a, The interaction between the FN3 domain of Sec63 and the L6/7 loop of Sec61α (shown is WT ScSec[C1]). Amino acids involved in the interactions are indicated. b, Yeast growth complementation experiments (at 30°C) testing functionality of indicated FN3 mutants of Sec63 in the background of WT (left) or pore-mutant (PM) Sec61α (right). FN3mut refers to a combination of E440R (ER) and F481S (FS) mutations and a deletion of seven amino acids 441–447 (441Δ7). To repress chromosomal WT Sec63 expression (under a tetracycline promoter), doxycycline (Dox) was added. −Dox control is shown in Extended Data Fig. 7a. c, As in b, but testing for indicated Sec61α mutants in the background of Sec63-FN3mut as a sole Sec63 copy. The addition of Dox represses chromosomal WT Sec61α expression. d, As in Fig. 2a, but with the FN3mut ScSec structures with and without Sec62. e, A comparison of the plug domain (purple density) between the FN3mut ScSec structures with and without Sec62 (yellow). Dashed lines, lateral gate helices (left to right: TM7, TM2, and TM3 of Sec61α). f, As in d, but comparing the Sec62-containing FN3mut/PM structure and the Sec62− class of WT ScSec. g, As in e, but with the FN3mut/PM ScSec structures. The experiments in b and c were repeated at least twice with similar results.",true,/home/gmy/bio-agent-workspace/bge-service/reports/phase5d_caption_cleanup_audit/protected_short_captions.csv
doc_0133,p42_b0254,Figure 6. A model for activation of the Sec61 channel by Sec62 and Sec63.,short_caption_with_semantic_anchor,figure_caption,Figure 6. A model for activation of the Sec61 channel by Sec62 and Sec63.,true,/home/gmy/bio-agent-workspace/bge-service/reports/phase5d_caption_cleanup_audit/protected_short_captions.csv
doc_0134,p2_b0014,Figure 1. Design and in vitro characterization of the biosensors.,short_caption_with_semantic_anchor,figure_caption,Figure 1. Design and in vitro characterization of the biosensors.,true,/home/gmy/bio-agent-workspace/bge-service/reports/phase5d_caption_cleanup_audit/protected_short_captions.csv
doc_0134,p3_b0031,Figure 2. UDP-GlcNAc level changes in HEK 293T cells perturbed with 2-DG.,short_caption_with_semantic_anchor,figure_caption,Figure 2. UDP-GlcNAc level changes in HEK 293T cells perturbed with 2-DG.,true,/home/gmy/bio-agent-workspace/bge-service/reports/phase5d_caption_cleanup_audit/protected_short_captions.csv
doc_0134,p4_b0044,Figure 3. Glucosamine (GlcN)-induced UDP-GlcNAc increase in HEK 293T cells.,short_caption_with_semantic_anchor,figure_caption,Figure 3. Glucosamine (GlcN)-induced UDP-GlcNAc increase in HEK 293T cells.,true,/home/gmy/bio-agent-workspace/bge-service/reports/phase5d_caption_cleanup_audit/protected_short_captions.csv
doc_0134,p5_b0052,Figure 5. Imaging of UDP-GlcNAc levels in pancreatic MIN6 β-cells.,short_caption_with_semantic_anchor,figure_caption,Figure 5. Imaging of UDP-GlcNAc levels in pancreatic MIN6 β-cells.,true,/home/gmy/bio-agent-workspace/bge-service/reports/phase5d_caption_cleanup_audit/protected_short_captions.csv
doc_0135,p3_b0029,Figure 1. Fam20 is conserved in animal kingdom.,short_caption_with_semantic_anchor,figure_caption,Figure 1. Fam20 is conserved in animal kingdom.,true,/home/gmy/bio-agent-workspace/bge-service/reports/phase5d_caption_cleanup_audit/protected_short_captions.csv
doc_0135,p4_b0033,"Figure 2. Structure of FAM20B, the glycan kinase.",short_caption_with_semantic_anchor,figure_caption,"Figure 2. Structure of FAM20B, the glycan kinase.",true,/home/gmy/bio-agent-workspace/bge-service/reports/phase5d_caption_cleanup_audit/protected_short_captions.csv
doc_0135,p8_b0055,"Figure 4. Structure of Fam20A, the secreted pseudokinase.",short_caption_with_semantic_anchor,figure_caption,"Figure 4. Structure of Fam20A, the secreted pseudokinase.",true,/home/gmy/bio-agent-workspace/bge-service/reports/phase5d_caption_cleanup_audit/protected_short_captions.csv
doc_0135,p9_b0064,Figure 5. Roles of Fam20 secretory pathway kinases.,short_caption_with_semantic_anchor,figure_caption,Figure 5. Roles of Fam20 secretory pathway kinases.,true,/home/gmy/bio-agent-workspace/bge-service/reports/phase5d_caption_cleanup_audit/protected_short_captions.csv
doc_0136,p3_b0029,Figure 1. Fam20 is conserved in animal kingdom.,short_caption_with_semantic_anchor,figure_caption,Figure 1. Fam20 is conserved in animal kingdom.,true,/home/gmy/bio-agent-workspace/bge-service/reports/phase5d_caption_cleanup_audit/protected_short_captions.csv
doc_0136,p4_b0033,"Figure 2. Structure of FAM20B, the glycan kinase.",short_caption_with_semantic_anchor,figure_caption,"Figure 2. Structure of FAM20B, the glycan kinase.",true,/home/gmy/bio-agent-workspace/bge-service/reports/phase5d_caption_cleanup_audit/protected_short_captions.csv
doc_0136,p8_b0055,"Figure 4. Structure of Fam20A, the secreted pseudokinase.",short_caption_with_semantic_anchor,figure_caption,"Figure 4. Structure of Fam20A, the secreted pseudokinase.",true,/home/gmy/bio-agent-workspace/bge-service/reports/phase5d_caption_cleanup_audit/protected_short_captions.csv
doc_0136,p9_b0064,Figure 5. Roles of Fam20 secretory pathway kinases.,short_caption_with_semantic_anchor,figure_caption,Figure 5. Roles of Fam20 secretory pathway kinases.,true,/home/gmy/bio-agent-workspace/bge-service/reports/phase5d_caption_cleanup_audit/protected_short_captions.csv
doc_0139,p2_b0017,Table 1. Luria−Bertani (LB) medium was used to culture E.,short_caption_with_semantic_anchor,table_caption,Table 1. Luria−Bertani (LB) medium was used to culture E.,true,/home/gmy/bio-agent-workspace/bge-service/reports/phase5d_caption_cleanup_audit/protected_short_captions.csv
doc_0139,p2_b0025,Table S2. The Cre/lox system was used for gene integration into the genome.,short_caption_with_semantic_anchor,table_caption,Table S2. The Cre/lox system was used for gene integration into the genome.,true,/home/gmy/bio-agent-workspace/bge-service/reports/phase5d_caption_cleanup_audit/protected_short_captions.csv
doc_0139,p2_b0030,Figure 1. Multiplexed pathway for NeuAc biosynthesis in B.,short_caption_with_semantic_anchor,figure_caption,Figure 1. Multiplexed pathway for NeuAc biosynthesis in B.,true,/home/gmy/bio-agent-workspace/bge-service/reports/phase5d_caption_cleanup_audit/protected_short_captions.csv
doc_0139,p8_b0076,Figure 6. Production of NeuAc in a 5 L bioreactor.,short_caption_with_semantic_anchor,figure_caption,Figure 6. Production of NeuAc in a 5 L bioreactor.,true,/home/gmy/bio-agent-workspace/bge-service/reports/phase5d_caption_cleanup_audit/protected_short_captions.csv
doc_0139,p8_b0078,Table 2. De Novo Biosynthesis of NeuAc strains characteristics key enzymes NeuAc titer,short_caption_with_semantic_anchor,table_caption,Table 2. De Novo Biosynthesis of NeuAc strains characteristics key enzymes NeuAc titer,true,/home/gmy/bio-agent-workspace/bge-service/reports/phase5d_caption_cleanup_audit/protected_short_captions.csv
doc_0140,p10_b0093,Figure 6. Schematic representation of 2′-FL production in engineered S.,short_caption_with_semantic_anchor,figure_caption,Figure 6. Schematic representation of 2′-FL production in engineered S.,true,/home/gmy/bio-agent-workspace/bge-service/reports/phase5d_caption_cleanup_audit/protected_short_captions.csv
doc_0140,p7_b0073,Figure 2. Schematic representation showing the 2′-FL/3-FL production in engineered E.,short_caption_with_semantic_anchor,figure_caption,Figure 2. Schematic representation showing the 2′-FL/3-FL production in engineered E.,true,/home/gmy/bio-agent-workspace/bge-service/reports/phase5d_caption_cleanup_audit/protected_short_captions.csv
doc_0140,p8_b0081,Figure 3. Structure of the catalytic site.,short_caption_with_semantic_anchor,figure_caption,Figure 3. Structure of the catalytic site.,true,/home/gmy/bio-agent-workspace/bge-service/reports/phase5d_caption_cleanup_audit/protected_short_captions.csv
doc_0140,p9_b0088,Figure 4. Schematic representation of LNnT/LNT production in engineered E.,short_caption_with_semantic_anchor,figure_caption,Figure 4. Schematic representation of LNnT/LNT production in engineered E.,true,/home/gmy/bio-agent-workspace/bge-service/reports/phase5d_caption_cleanup_audit/protected_short_captions.csv
doc_0141,p3_b0030,Table 1. Commercial infant formula with added-HMOs.,short_caption_with_semantic_anchor,table_caption,Table 1. Commercial infant formula with added-HMOs.,true,/home/gmy/bio-agent-workspace/bge-service/reports/phase5d_caption_cleanup_audit/protected_short_captions.csv
doc_0141,p3_b0032,"Figure 1. Structures of LNT, LNnT, and the derivatives discussed in this review.",short_caption_with_semantic_anchor,figure_caption,"Figure 1. Structures of LNT, LNnT, and the derivatives discussed in this review.",true,/home/gmy/bio-agent-workspace/bge-service/reports/phase5d_caption_cleanup_audit/protected_short_captions.csv
doc_0141,p6_b0067,"Figure 2. Enzymatic synthesis of LNT II, LNT, and LNnT.",short_caption_with_semantic_anchor,figure_caption,"Figure 2. Enzymatic synthesis of LNT II, LNT, and LNnT.",true,/home/gmy/bio-agent-workspace/bge-service/reports/phase5d_caption_cleanup_audit/protected_short_captions.csv
doc_0142,p4_b0032,Fig. 1. Mining and sequence analysis of α-L-fucosidase OUC-Jdch16.,short_caption_with_semantic_anchor,figure_caption,Fig. 1. Mining and sequence analysis of α-L-fucosidase OUC-Jdch16.,true,/home/gmy/bio-agent-workspace/bge-service/reports/phase5d_caption_cleanup_audit/protected_short_captions.csv
doc_0142,p7_b0049,"Fig. 4. (A) HPLC chromatogram of transfucosylation product, 2′-FL standard, and 3-FL standard.",short_caption_with_semantic_anchor,figure_caption,"Fig. 4. (A) HPLC chromatogram of transfucosylation product, 2′-FL standard, and 3-FL standard.",true,/home/gmy/bio-agent-workspace/bge-service/reports/phase5d_caption_cleanup_audit/protected_short_captions.csv
doc_0142,p8_b0053,Fig. 5. Effects of enzyme dosage and reaction time on transfucosylation product accumulation.,short_caption_with_semantic_anchor,figure_caption,Fig. 5. Effects of enzyme dosage and reaction time on transfucosylation product accumulation.,true,/home/gmy/bio-agent-workspace/bge-service/reports/phase5d_caption_cleanup_audit/protected_short_captions.csv
doc_0143,p2_b0014,Figure 1. Salvage pathway for 2′-FL biosynthesis in engineered E.,short_caption_with_semantic_anchor,figure_caption,Figure 1. Salvage pathway for 2′-FL biosynthesis in engineered E.,true,/home/gmy/bio-agent-workspace/bge-service/reports/phase5d_caption_cleanup_audit/protected_short_captions.csv
doc_0144,p2_b0014,Figure 1. Salvage pathway for 2′-FL biosynthesis in engineered E.,short_caption_with_semantic_anchor,figure_caption,Figure 1. Salvage pathway for 2′-FL biosynthesis in engineered E.,true,/home/gmy/bio-agent-workspace/bge-service/reports/phase5d_caption_cleanup_audit/protected_short_captions.csv
doc_0145,p10_b0093,Figure 6. Schematic representation of 2′-FL production in engineered S.,short_caption_with_semantic_anchor,figure_caption,Figure 6. Schematic representation of 2′-FL production in engineered S.,true,/home/gmy/bio-agent-workspace/bge-service/reports/phase5d_caption_cleanup_audit/protected_short_captions.csv
doc_0145,p7_b0073,Figure 2. Schematic representation showing the 2′-FL/3-FL production in engineered E.,short_caption_with_semantic_anchor,figure_caption,Figure 2. Schematic representation showing the 2′-FL/3-FL production in engineered E.,true,/home/gmy/bio-agent-workspace/bge-service/reports/phase5d_caption_cleanup_audit/protected_short_captions.csv
doc_0145,p8_b0081,Figure 3. Structure of the catalytic site.,short_caption_with_semantic_anchor,figure_caption,Figure 3. Structure of the catalytic site.,true,/home/gmy/bio-agent-workspace/bge-service/reports/phase5d_caption_cleanup_audit/protected_short_captions.csv
doc_0145,p9_b0088,Figure 4. Schematic representation of LNnT/LNT production in engineered E.,short_caption_with_semantic_anchor,figure_caption,Figure 4. Schematic representation of LNnT/LNT production in engineered E.,true,/home/gmy/bio-agent-workspace/bge-service/reports/phase5d_caption_cleanup_audit/protected_short_captions.csv
doc_0146,p5_b0045,Table 1. Γ is the mass action ratio.,short_caption_with_semantic_anchor,table_caption,Table 1. Γ is the mass action ratio.,true,/home/gmy/bio-agent-workspace/bge-service/reports/phase5d_caption_cleanup_audit/protected_short_captions.csv
doc_0147,p2_b0017,Table 1. Luria−Bertani (LB) medium was used to culture E.,short_caption_with_semantic_anchor,table_caption,Table 1. Luria−Bertani (LB) medium was used to culture E.,true,/home/gmy/bio-agent-workspace/bge-service/reports/phase5d_caption_cleanup_audit/protected_short_captions.csv
doc_0147,p2_b0030,Figure 1. Multiplexed pathway for NeuAc biosynthesis in B.,short_caption_with_semantic_anchor,figure_caption,Figure 1. Multiplexed pathway for NeuAc biosynthesis in B.,true,/home/gmy/bio-agent-workspace/bge-service/reports/phase5d_caption_cleanup_audit/protected_short_captions.csv
doc_0147,p8_b0076,Figure 6. Production of NeuAc in a 5 L bioreactor.,short_caption_with_semantic_anchor,figure_caption,Figure 6. Production of NeuAc in a 5 L bioreactor.,true,/home/gmy/bio-agent-workspace/bge-service/reports/phase5d_caption_cleanup_audit/protected_short_captions.csv
doc_0147,p8_b0078,Table 2. De Novo Biosynthesis of NeuAc strains characteristics key enzymes NeuAc titer,short_caption_with_semantic_anchor,table_caption,Table 2. De Novo Biosynthesis of NeuAc strains characteristics key enzymes NeuAc titer,true,/home/gmy/bio-agent-workspace/bge-service/reports/phase5d_caption_cleanup_audit/protected_short_captions.csv
doc_0148,p5_b0027,Table 1. Strains and plasmids used in this study,short_caption_with_semantic_anchor,table_caption,Table 1. Strains and plasmids used in this study,true,/home/gmy/bio-agent-workspace/bge-service/reports/phase5d_caption_cleanup_audit/protected_short_captions.csv
doc_0149,p3_b0027,"Table 1. For recombinant plasmid construction, genomic DNA of E.",short_caption_with_semantic_anchor,table_caption,"Table 1. For recombinant plasmid construction, genomic DNA of E.",true,/home/gmy/bio-agent-workspace/bge-service/reports/phase5d_caption_cleanup_audit/protected_short_captions.csv
doc_0150,p10_b0079,Table 1. List of strains used in this study.,short_caption_with_semantic_anchor,table_caption,Table 1. List of strains used in this study.,true,/home/gmy/bio-agent-workspace/bge-service/reports/phase5d_caption_cleanup_audit/protected_short_captions.csv
doc_0150,p13_b0148,Table S1. List of plasmids used in this study.,short_caption_with_semantic_anchor,table_caption,Table S1. List of plasmids used in this study.,true,/home/gmy/bio-agent-workspace/bge-service/reports/phase5d_caption_cleanup_audit/protected_short_captions.csv
doc_0150,p13_b0149,Table S2. Primers used in this study.,short_caption_with_semantic_anchor,table_caption,Table S2. Primers used in this study.,true,/home/gmy/bio-agent-workspace/bge-service/reports/phase5d_caption_cleanup_audit/protected_short_captions.csv
doc_0150,p2_b0018,"Fig. 1. The de novo path- way is the main pathway for microbial synthesis of GDP- L-fucose, which transforms mannose-6-phosphate into GDP-L-fucose via four enzymes, phosphomannomutase (manB, E.",approved_eval_target_chunk,figure_caption,"Fig. 1. The de novo path- way is the main pathway for microbial synthesis of GDP- L-fucose, which transforms mannose-6-phosphate into GDP-L-fucose via four enzymes, phosphomannomutase (manB, E.",true,/home/gmy/bio-agent-workspace/bge-service/reports/phase5d_caption_cleanup_audit/protected_short_captions.csv
doc_0150,p2_b0023,Fig. 1. 20-FL biosynthesis model (de novo or salvage pathway) in engineered E.,short_caption_with_semantic_anchor,figure_caption,Fig. 1. 20-FL biosynthesis model (de novo or salvage pathway) in engineered E.,true,/home/gmy/bio-agent-workspace/bge-service/reports/phase5d_caption_cleanup_audit/protected_short_captions.csv
doc_0150,p4_b0038,Fig. 2. Plasmid combinatorial optimization for 20-FL production.,short_caption_with_semantic_anchor,figure_caption,Fig. 2. Plasmid combinatorial optimization for 20-FL production.,true,/home/gmy/bio-agent-workspace/bge-service/reports/phase5d_caption_cleanup_audit/protected_short_captions.csv
doc_0150,p5_b0044,Fig. 3. Effect of increased cofactor NADPH and GTP availability on 20-FL production.,short_caption_with_semantic_anchor,figure_caption,Fig. 3. Effect of increased cofactor NADPH and GTP availability on 20-FL production.,true,/home/gmy/bio-agent-workspace/bge-service/reports/phase5d_caption_cleanup_audit/protected_short_captions.csv
doc_0150,p6_b0053,Fig. 4. Effect of gene knockout on 20-FL biosynthesis.,short_caption_with_semantic_anchor,figure_caption,Fig. 4. Effect of gene knockout on 20-FL biosynthesis.,true,/home/gmy/bio-agent-workspace/bge-service/reports/phase5d_caption_cleanup_audit/protected_short_captions.csv
doc_0151,p7_b0068,Figure 5. Transcriptional fine tuning by varying the plasmid copy number.,short_caption_with_semantic_anchor,figure_caption,Figure 5. Transcriptional fine tuning by varying the plasmid copy number.,true,/home/gmy/bio-agent-workspace/bge-service/reports/phase5d_caption_cleanup_audit/protected_short_captions.csv
doc_0152,p10_b0122,Figure 7. Inactivation of GPD1 to decrease the NADH consumption in shunt pathway.,short_caption_with_semantic_anchor,figure_caption,Figure 7. Inactivation of GPD1 to decrease the NADH consumption in shunt pathway.,true,/home/gmy/bio-agent-workspace/bge-service/reports/phase5d_caption_cleanup_audit/protected_short_captions.csv
doc_0152,p11_b0136,Table 2. The main strains used in the study.,short_caption_with_semantic_anchor,table_caption,Table 2. The main strains used in the study.,true,/home/gmy/bio-agent-workspace/bge-service/reports/phase5d_caption_cleanup_audit/protected_short_captions.csv
doc_0152,p12_b0146,Table 3. Overview on the production of α-farnesene.,short_caption_with_semantic_anchor,table_caption,Table 3. Overview on the production of α-farnesene.,true,/home/gmy/bio-agent-workspace/bge-service/reports/phase5d_caption_cleanup_audit/protected_short_captions.csv
doc_0152,p6_b0085,Figure 4. Inactivation of PGI1 negatively affects α-farnesene biosynthesis. (a) α-Farnesene titers. (b),short_caption_with_semantic_anchor,figure_caption,Figure 4. Inactivation of PGI1 negatively affects α-farnesene biosynthesis. (a) α-Farnesene titers. (b),true,/home/gmy/bio-agent-workspace/bge-service/reports/phase5d_caption_cleanup_audit/protected_short_captions.csv
doc_0152,p7_b0090,Figure 5. Optimization of the expression level of cPOS5 for α-farnesene biosynthesis.,short_caption_with_semantic_anchor,figure_caption,Figure 5. Optimization of the expression level of cPOS5 for α-farnesene biosynthesis.,true,/home/gmy/bio-agent-workspace/bge-service/reports/phase5d_caption_cleanup_audit/protected_short_captions.csv
doc_0153,p11_b0106,Figure 6 and the footnotes of Table 1 were corrected].,short_caption_with_semantic_anchor,figure_caption,Figure 6 and the footnotes of Table 1 were corrected].,true,/home/gmy/bio-agent-workspace/bge-service/reports/phase5d_caption_cleanup_audit/protected_short_captions.csv
doc_0153,p6_b0051,Table 1. Physiological traits of different SP strains.,short_caption_with_semantic_anchor,table_caption,Table 1. Physiological traits of different SP strains.,true,/home/gmy/bio-agent-workspace/bge-service/reports/phase5d_caption_cleanup_audit/protected_short_captions.csv
doc_0154,p14_b0139,Table 4. Escherichia coli-produced aglycosylated antibodies in clinical trials.,short_caption_with_semantic_anchor,table_caption,Table 4. Escherichia coli-produced aglycosylated antibodies in clinical trials.,true,/home/gmy/bio-agent-workspace/bge-service/reports/phase5d_caption_cleanup_audit/protected_short_captions.csv
doc_0154,p3_b0041,"Figure 2. Options for antibody expression, unique to Escherichia coli.",short_caption_with_semantic_anchor,figure_caption,"Figure 2. Options for antibody expression, unique to Escherichia coli.",true,/home/gmy/bio-agent-workspace/bge-service/reports/phase5d_caption_cleanup_audit/protected_short_captions.csv
doc_0155,p2_b0019,Fig. 1. Sar1 activation and COPII vesicle formation.,short_caption_with_semantic_anchor,figure_caption,Fig. 1. Sar1 activation and COPII vesicle formation.,true,/home/gmy/bio-agent-workspace/bge-service/reports/phase5d_caption_cleanup_audit/protected_short_captions.csv
doc_0155,p3_b0026,Table 1. Mutations of Sar1 and associated phenotypes.,short_caption_with_semantic_anchor,table_caption,Table 1. Mutations of Sar1 and associated phenotypes.,true,/home/gmy/bio-agent-workspace/bge-service/reports/phase5d_caption_cleanup_audit/protected_short_captions.csv
doc_0155,p5_b0070,Fig. 2. Structure of Sar1 and interactions with COPII coat.,short_caption_with_semantic_anchor,figure_caption,Fig. 2. Structure of Sar1 and interactions with COPII coat.,true,/home/gmy/bio-agent-workspace/bge-service/reports/phase5d_caption_cleanup_audit/protected_short_captions.csv
doc_0155,p6_b0078,Fig. 3. Mechanisms of curvature induction by Sar1.,short_caption_with_semantic_anchor,figure_caption,Fig. 3. Mechanisms of curvature induction by Sar1.,true,/home/gmy/bio-agent-workspace/bge-service/reports/phase5d_caption_cleanup_audit/protected_short_captions.csv
doc_0155,p9_b0110,Fig. 4. Network of COPII interactions at ERES in yeast and metazoa.,short_caption_with_semantic_anchor,figure_caption,Fig. 4. Network of COPII interactions at ERES in yeast and metazoa.,true,/home/gmy/bio-agent-workspace/bge-service/reports/phase5d_caption_cleanup_audit/protected_short_captions.csv
doc_0156,p4_b0027,Table 1. Intergenic Regions Identified as Potential Integration Sites for P.,short_caption_with_semantic_anchor,table_caption,Table 1. Intergenic Regions Identified as Potential Integration Sites for P.,true,/home/gmy/bio-agent-workspace/bge-service/reports/phase5d_caption_cleanup_audit/protected_short_captions.csv
doc_0157,p9_b0085,Table S1. The information of α-MF secretion signals using in this study.,short_caption_with_semantic_anchor,table_caption,Table S1. The information of α-MF secretion signals using in this study.,true,/home/gmy/bio-agent-workspace/bge-service/reports/phase5d_caption_cleanup_audit/protected_short_captions.csv
doc_0160,p9_b0085,Table S1. The information of α-MF secretion signals using in this study.,short_caption_with_semantic_anchor,table_caption,Table S1. The information of α-MF secretion signals using in this study.,true,/home/gmy/bio-agent-workspace/bge-service/reports/phase5d_caption_cleanup_audit/protected_short_captions.csv
doc_0163,p11_b0121,Table S2. All the P. pastoris strains used in this study were,short_caption_with_semantic_anchor,table_caption,Table S2. All the P. pastoris strains used in this study were,true,/home/gmy/bio-agent-workspace/bge-service/reports/phase5d_caption_cleanup_audit/protected_short_captions.csv
doc_0163,p14_b0166,Table S1. Concentration test for optimal amber suppression in eGFPY40X by pAzF.,short_caption_with_semantic_anchor,table_caption,Table S1. Concentration test for optimal amber suppression in eGFPY40X by pAzF.,true,/home/gmy/bio-agent-workspace/bge-service/reports/phase5d_caption_cleanup_audit/protected_short_captions.csv
doc_0164,p6_b0076,TABLE 2 The most recent recombinant protein expression systems in Pichia pastoris.,short_caption_with_semantic_anchor,table_caption,TABLE 2 The most recent recombinant protein expression systems in Pichia pastoris.,true,/home/gmy/bio-agent-workspace/bge-service/reports/phase5d_caption_cleanup_audit/protected_short_captions.csv
doc_0166,p10_b0102,Fig. 6. Localization analysis of GFP in Pichia pastoris cells.,short_caption_with_semantic_anchor,figure_caption,Fig. 6. Localization analysis of GFP in Pichia pastoris cells.,true,/home/gmy/bio-agent-workspace/bge-service/reports/phase5d_caption_cleanup_audit/protected_short_captions.csv
doc_0166,p15_b0180,Table S1. Amino acids indices correlated with the scFv titre values.,short_caption_with_semantic_anchor,table_caption,Table S1. Amino acids indices correlated with the scFv titre values.,true,/home/gmy/bio-agent-workspace/bge-service/reports/phase5d_caption_cleanup_audit/protected_short_captions.csv
doc_0166,p15_b0181,Table S2. Characteristics of plasmids used in this study.,short_caption_with_semantic_anchor,table_caption,Table S2. Characteristics of plasmids used in this study.,true,/home/gmy/bio-agent-workspace/bge-service/reports/phase5d_caption_cleanup_audit/protected_short_captions.csv
doc_0166,p15_b0182,Table S3. Primers used in this study.,short_caption_with_semantic_anchor,table_caption,Table S3. Primers used in this study.,true,/home/gmy/bio-agent-workspace/bge-service/reports/phase5d_caption_cleanup_audit/protected_short_captions.csv
doc_0166,p6_b0064,"Fig. 3. Target protein-swap experiments (scFv to GFP, BGL1p, or BiTE).",short_caption_with_semantic_anchor,figure_caption,"Fig. 3. Target protein-swap experiments (scFv to GFP, BGL1p, or BiTE).",true,/home/gmy/bio-agent-workspace/bge-service/reports/phase5d_caption_cleanup_audit/protected_short_captions.csv
doc_0167,p4_b0055,Figure 2. LC−MS analysis of LNT II and LNT biosynthesis in strain B1.,short_caption_with_semantic_anchor,figure_caption,Figure 2. LC−MS analysis of LNT II and LNT biosynthesis in strain B1.,true,/home/gmy/bio-agent-workspace/bge-service/reports/phase5d_caption_cleanup_audit/protected_short_captions.csv
doc_0167,p5_b0062,Figure 3. Screening of genes related to LNT metabolic pathway in E.,short_caption_with_semantic_anchor,figure_caption,Figure 3. Screening of genes related to LNT metabolic pathway in E.,true,/home/gmy/bio-agent-workspace/bge-service/reports/phase5d_caption_cleanup_audit/protected_short_captions.csv
doc_0167,p7_b0079,Figure 5. Improving LNT biosynthesis by inactivation genes in UDP-Gal bypass pathways.,short_caption_with_semantic_anchor,figure_caption,Figure 5. Improving LNT biosynthesis by inactivation genes in UDP-Gal bypass pathways.,true,/home/gmy/bio-agent-workspace/bge-service/reports/phase5d_caption_cleanup_audit/protected_short_captions.csv
doc_0169,p2_b0023,Figure 1. Metabolic pathway of NeuAc in E.,short_caption_with_semantic_anchor,figure_caption,Figure 1. Metabolic pathway of NeuAc in E.,true,/home/gmy/bio-agent-workspace/bge-service/reports/phase5d_caption_cleanup_audit/protected_short_captions.csv
doc_0169,p8_b0101,Figure 5. Production of NeuAc in a 3 L bioreactor.,short_caption_with_semantic_anchor,figure_caption,Figure 5. Production of NeuAc in a 3 L bioreactor.,true,/home/gmy/bio-agent-workspace/bge-service/reports/phase5d_caption_cleanup_audit/protected_short_captions.csv
doc_0170,p4_b0044,Figure 2. Effects of biosynthetic enzyme expression on LNT II production.,short_caption_with_semantic_anchor,figure_caption,Figure 2. Effects of biosynthetic enzyme expression on LNT II production.,true,/home/gmy/bio-agent-workspace/bge-service/reports/phase5d_caption_cleanup_audit/protected_short_captions.csv
doc_0171,p5_b0062,"Table S3. As a leading control, the housekeeping gene (16S rRNA) was utilized.",short_caption_with_semantic_anchor,table_caption,"Table S3. As a leading control, the housekeeping gene (16S rRNA) was utilized.",true,/home/gmy/bio-agent-workspace/bge-service/reports/phase5d_caption_cleanup_audit/protected_short_captions.csv
doc_0172,p3_b0032,Figure 1. Reconstructed biosynthetic pathway of LNT in E.,short_caption_with_semantic_anchor,figure_caption,Figure 1. Reconstructed biosynthetic pathway of LNT in E.,true,/home/gmy/bio-agent-workspace/bge-service/reports/phase5d_caption_cleanup_audit/protected_short_captions.csv
doc_0172,p5_b0046,Figure 4. Improving LNT biosynthesis by blocking the competitive pathways.,short_caption_with_semantic_anchor,figure_caption,Figure 4. Improving LNT biosynthesis by blocking the competitive pathways.,true,/home/gmy/bio-agent-workspace/bge-service/reports/phase5d_caption_cleanup_audit/protected_short_captions.csv
doc_0172,p6_b0054,Figure 5. Improving LNT biosynthesis by enhancing UTP regeneration.,short_caption_with_semantic_anchor,figure_caption,Figure 5. Improving LNT biosynthesis by enhancing UTP regeneration.,true,/home/gmy/bio-agent-workspace/bge-service/reports/phase5d_caption_cleanup_audit/protected_short_captions.csv
doc_0173,p11_b0138,Fig. 5. Engineered pathway for Neu5Ac and SL biosynthesis in E.,short_caption_with_semantic_anchor,figure_caption,Fig. 5. Engineered pathway for Neu5Ac and SL biosynthesis in E.,true,/home/gmy/bio-agent-workspace/bge-service/reports/phase5d_caption_cleanup_audit/protected_short_captions.csv
doc_0173,p2_b0018,Fig. 1. Structures of 3’-SL and 6’-SL.,short_caption_with_semantic_anchor,figure_caption,Fig. 1. Structures of 3’-SL and 6’-SL.,true,/home/gmy/bio-agent-workspace/bge-service/reports/phase5d_caption_cleanup_audit/protected_short_captions.csv
doc_0173,p3_b0025,Fig. 2. Physiological effects of SLs.,short_caption_with_semantic_anchor,figure_caption,Fig. 2. Physiological effects of SLs.,true,/home/gmy/bio-agent-workspace/bge-service/reports/phase5d_caption_cleanup_audit/protected_short_captions.csv
doc_0173,p4_b0030,Fig. 3. Potential catabolism pathway of SLs in bifidobacterial cells.,short_caption_with_semantic_anchor,figure_caption,Fig. 3. Potential catabolism pathway of SLs in bifidobacterial cells.,true,/home/gmy/bio-agent-workspace/bge-service/reports/phase5d_caption_cleanup_audit/protected_short_captions.csv
doc_0173,p9_b0105,Fig. 4. Multiple functions of P.,short_caption_with_semantic_anchor,figure_caption,Fig. 4. Multiple functions of P.,true,/home/gmy/bio-agent-workspace/bge-service/reports/phase5d_caption_cleanup_audit/protected_short_captions.csv
doc_0175,p2_b0020,Figure 1. Metabolic pathway for the biosynthesis of 3′-SL in engineered E.,short_caption_with_semantic_anchor,figure_caption,Figure 1. Metabolic pathway for the biosynthesis of 3′-SL in engineered E.,true,/home/gmy/bio-agent-workspace/bge-service/reports/phase5d_caption_cleanup_audit/protected_short_captions.csv
doc_0175,p4_b0033,Table 1. The highest extracellular 3′-SL concentration (1.,short_caption_with_semantic_anchor,table_caption,Table 1. The highest extracellular 3′-SL concentration (1.,true,/home/gmy/bio-agent-workspace/bge-service/reports/phase5d_caption_cleanup_audit/protected_short_captions.csv
doc_0176,p10_b0084,FIGURE 5 (See caption on next page),short_caption_with_semantic_anchor,figure_caption,FIGURE 5 (See caption on next page),true,/home/gmy/bio-agent-workspace/bge-service/reports/phase5d_caption_cleanup_audit/protected_short_captions.csv
doc_0176,p4_b0041,"TABLE 2 Plasmids used in this study Plasmids Description pCDFm T7 promoter, CloDF13 ori, Smr, modified in our lab pET24ma pET24ma‐futC pET24ma‐ PT7_futC (Nde/XhoI), Template for all PCRs of FutC mutants construction pC‐BCGW/pC‐BCGW‐SS pCDFm‐1 ‐ PT7_manC‐manB (NcoI/HindIII) + PT7_gmd‐wcaG (NdeI/EcoRV) pC‐BCGW‐SM Derivative of pCDFDuet‐1 with T7 promoter for manC‐manB and FC097a promoter for gmd‐wcaG (modified in our lab) pC‐BCGW‐SW Derivative of pCDFDuet‐1 with T7 promoter for manC‐manB and FC109b promoter for gmd‐wcaG (modified in our lab) pC‐BCGW‐MS Derivative of pCDFDuet‐1 with FC097 promoter for manC‐manB and T7 promoter for gmd‐wcaG (modified in our lab) pC‐BCGW‐MM Derivative of pCDFDuet‐1 with FC097 promoter for manC‐manB and FC097 promoter for gmd‐wcaG (modified in pC‐BCGW‐MW Derivative of pCDFDuet‐1 with FC097 promoter for manC‐manB and FC109 promoter for gmd‐wcaG (modified in pC‐BCGW‐WS Derivative of pCDFDuet‐1 with FC109 promoter for manC‐manB andT7 promoter for gmd‐wcaG (modified in our lab) pC‐BCGW‐WM Derivative of pCDFDuet‐1 with FC109 promoter for manC‐manB and FC097 promoter for gmd‐wcaG (modified in pC‐BCGW‐WW Derivative of pCDFDuet‐1 with FC109 promoter for manC‐manB and FC109 promoter for gmd‐wcaG (modified in aA mutant of T7 promoter exhibiting moderate expression strength compared with the wild‐ type T7 promoter. bA mutant of T7 promoter exhibiting very weak expression strength compared with the wild‐ type T7 promoter.",approved_eval_target_chunk,table_caption,"TABLE 2 Plasmids used in this study Plasmids Description pCDFm T7 promoter, CloDF13 ori, Smr, modified in our lab pET24ma pET24ma‐futC pET24ma‐ PT7_futC (Nde/XhoI), Template for all PCRs of FutC mutants construction pC‐BCGW/pC‐BCGW‐SS pCDFm‐1 ‐ PT7_manC‐manB (NcoI/HindIII) + PT7_gmd‐wcaG (NdeI/EcoRV) pC‐BCGW‐SM Derivative of pCDFDuet‐1 with T7 promoter for manC‐manB and FC097a promoter for gmd‐wcaG (modified in our lab) pC‐BCGW‐SW Derivative of pCDFDuet‐1 with T7 promoter for manC‐manB and FC109b promoter for gmd‐wcaG (modified in our lab) pC‐BCGW‐MS Derivative of pCDFDuet‐1 with FC097 promoter for manC‐manB and T7 promoter for gmd‐wcaG (modified in our lab) pC‐BCGW‐MM Derivative of pCDFDuet‐1 with FC097 promoter for manC‐manB and FC097 promoter for gmd‐wcaG (modified in pC‐BCGW‐MW Derivative of pCDFDuet‐1 with FC097 promoter for manC‐manB and FC109 promoter for gmd‐wcaG (modified in pC‐BCGW‐WS Derivative of pCDFDuet‐1 with FC109 promoter for manC‐manB andT7 promoter for gmd‐wcaG (modified in our lab) pC‐BCGW‐WM Derivative of pCDFDuet‐1 with FC109 promoter for manC‐manB and FC097 promoter for gmd‐wcaG (modified in pC‐BCGW‐WW Derivative of pCDFDuet‐1 with FC109 promoter for manC‐manB and FC109 promoter for gmd‐wcaG (modified in aA mutant of T7 promoter exhibiting moderate expression strength compared with the wild‐ type T7 promoter. bA mutant of T7 promoter exhibiting very weak expression strength compared with the wild‐ type T7 promoter.",true,/home/gmy/bio-agent-workspace/bge-service/reports/phase5d_caption_cleanup_audit/protected_short_captions.csv
doc_0177,p2_b0023,Figure 1. Metabolic pathway of NeuAc in E.,short_caption_with_semantic_anchor,figure_caption,Figure 1. Metabolic pathway of NeuAc in E.,true,/home/gmy/bio-agent-workspace/bge-service/reports/phase5d_caption_cleanup_audit/protected_short_captions.csv
doc_0177,p8_b0101,Figure 5. Production of NeuAc in a 3 L bioreactor.,short_caption_with_semantic_anchor,figure_caption,Figure 5. Production of NeuAc in a 3 L bioreactor.,true,/home/gmy/bio-agent-workspace/bge-service/reports/phase5d_caption_cleanup_audit/protected_short_captions.csv
doc_0178,p2_b0032,"Figure 1. Metabolic pathway for de novo synthesis lactose, 2′-FL and 3-FL in E.",short_caption_with_semantic_anchor,figure_caption,"Figure 1. Metabolic pathway for de novo synthesis lactose, 2′-FL and 3-FL in E.",true,/home/gmy/bio-agent-workspace/bge-service/reports/phase5d_caption_cleanup_audit/protected_short_captions.csv
doc_0178,p4_b0056,Figure 2. Effects of PTSGlc modification on cell growth and glucose transport.,short_caption_with_semantic_anchor,figure_caption,Figure 2. Effects of PTSGlc modification on cell growth and glucose transport.,true,/home/gmy/bio-agent-workspace/bge-service/reports/phase5d_caption_cleanup_audit/protected_short_captions.csv
doc_0178,p5_b0062,Figure 3. Introduction of the lactose synthesis pathway in engineered E.,short_caption_with_semantic_anchor,figure_caption,Figure 3. Introduction of the lactose synthesis pathway in engineered E.,true,/home/gmy/bio-agent-workspace/bge-service/reports/phase5d_caption_cleanup_audit/protected_short_captions.csv
doc_0178,p6_b0067,"Figure 4. Multiple sequence alignment of β-1,4-GalT from three bacterial sources.",short_caption_with_semantic_anchor,figure_caption,"Figure 4. Multiple sequence alignment of β-1,4-GalT from three bacterial sources.",true,/home/gmy/bio-agent-workspace/bge-service/reports/phase5d_caption_cleanup_audit/protected_short_captions.csv
doc_0178,p7_b0078,Figure 6. Biosynthesis of 2′-FL and 3-FL by batch and fed-batch cultivation.,short_caption_with_semantic_anchor,figure_caption,Figure 6. Biosynthesis of 2′-FL and 3-FL by batch and fed-batch cultivation.,true,/home/gmy/bio-agent-workspace/bge-service/reports/phase5d_caption_cleanup_audit/protected_short_captions.csv
doc_0179,p3_b0029,"Table 1. Escherichia coli BL21 Star (DE3), E.",short_caption_with_semantic_anchor,table_caption,"Table 1. Escherichia coli BL21 Star (DE3), E.",true,/home/gmy/bio-agent-workspace/bge-service/reports/phase5d_caption_cleanup_audit/protected_short_captions.csv
doc_0179,p3_b0035,"Table 1. Strains, genes, and plasmids used in the study.",short_caption_with_semantic_anchor,table_caption,"Table 1. Strains, genes, and plasmids used in the study.",true,/home/gmy/bio-agent-workspace/bge-service/reports/phase5d_caption_cleanup_audit/protected_short_captions.csv
doc_0179,p4_b0057,Table 2. Primers used for mutations.,short_caption_with_semantic_anchor,table_caption,Table 2. Primers used for mutations.,true,/home/gmy/bio-agent-workspace/bge-service/reports/phase5d_caption_cleanup_audit/protected_short_captions.csv
doc_0179,p6_b0084,Figure 1. Residual activity of the wild-type and single-site mutants.,short_caption_with_semantic_anchor,figure_caption,Figure 1. Residual activity of the wild-type and single-site mutants.,true,/home/gmy/bio-agent-workspace/bge-service/reports/phase5d_caption_cleanup_audit/protected_short_captions.csv
doc_0179,p6_b0086,Figure 2. The crystal structure of wild-type CMK (PDB: code,short_caption_with_semantic_anchor,figure_caption,Figure 2. The crystal structure of wild-type CMK (PDB: code,true,/home/gmy/bio-agent-workspace/bge-service/reports/phase5d_caption_cleanup_audit/protected_short_captions.csv
doc_0179,p6_b0089,Figure 3. Residual activity of the wild-type and double-site,short_caption_with_semantic_anchor,figure_caption,Figure 3. Residual activity of the wild-type and double-site,true,/home/gmy/bio-agent-workspace/bge-service/reports/phase5d_caption_cleanup_audit/protected_short_captions.csv
doc_0179,p7_b0093,Figure 5. The residual enzyme activ- ity of Q30G/E85I/D148W/K165L was 46.,short_caption_with_semantic_anchor,figure_caption,Figure 5. The residual enzyme activ- ity of Q30G/E85I/D148W/K165L was 46.,true,/home/gmy/bio-agent-workspace/bge-service/reports/phase5d_caption_cleanup_audit/protected_short_captions.csv
doc_0179,p7_b0099,Figure 4. Residual activity of the wild-type and triple-site Figure 5.,short_caption_with_semantic_anchor,figure_caption,Figure 4. Residual activity of the wild-type and triple-site Figure 5.,true,/home/gmy/bio-agent-workspace/bge-service/reports/phase5d_caption_cleanup_audit/protected_short_captions.csv
doc_0179,p8_b0111,Figure 6. Identification of pDPCN plasmid digestion.,short_caption_with_semantic_anchor,figure_caption,Figure 6. Identification of pDPCN plasmid digestion.,true,/home/gmy/bio-agent-workspace/bge-service/reports/phase5d_caption_cleanup_audit/protected_short_captions.csv
doc_0179,p8_b0114,Figure 7. Time course of 3’-SL production in 25 mL.,short_caption_with_semantic_anchor,figure_caption,Figure 7. Time course of 3’-SL production in 25 mL.,true,/home/gmy/bio-agent-workspace/bge-service/reports/phase5d_caption_cleanup_audit/protected_short_captions.csv
doc_0180,p2_b0019,Figure 1. Construction of metabolic pathways for microbial synthesis of 2′-FL.,short_caption_with_semantic_anchor,figure_caption,Figure 1. Construction of metabolic pathways for microbial synthesis of 2′-FL.,true,/home/gmy/bio-agent-workspace/bge-service/reports/phase5d_caption_cleanup_audit/protected_short_captions.csv
doc_0181,p4_b0068,Table 1 | Peptidoglycan synthesis enzymes and cell morphogenesis proteins in Escherichia coli,short_caption_with_semantic_anchor,table_caption,Table 1 | Peptidoglycan synthesis enzymes and cell morphogenesis proteins in Escherichia coli,true,/home/gmy/bio-agent-workspace/bge-service/reports/phase5d_caption_cleanup_audit/protected_short_captions.csv
doc_0182,p2_b0020,Figure 1. Metabolic pathway for the biosynthesis of 2′-FL in engineered E.,short_caption_with_semantic_anchor,figure_caption,Figure 1. Metabolic pathway for the biosynthesis of 2′-FL in engineered E.,true,/home/gmy/bio-agent-workspace/bge-service/reports/phase5d_caption_cleanup_audit/protected_short_captions.csv
doc_0182,p4_b0036,Figure 2. Diagrams of various engineered E.,short_caption_with_semantic_anchor,figure_caption,Figure 2. Diagrams of various engineered E.,true,/home/gmy/bio-agent-workspace/bge-service/reports/phase5d_caption_cleanup_audit/protected_short_captions.csv
doc_0183,p4_b0046,"FIGURE 1 CH2 domain mutant design and purification. (a) The structure of isolated CH2 domain (Protein Data Bank: 3DJ9). Cys261 and Cys321 form the native disulfide bond (highlighted in yellow). Thr250 and Leu314 (mut10) or Leu242 and Lys334 (mut20), which were replaced by cysteines introducing new disulfide bonds (highlighted in green and orange, respectively). (b) Amino acid sequence alignment of human CH2 domain and its mutants (all the CH2 domain residues are numbered according to european union ((EU) numbering). (c) Elution profile during the cation exchange chromatography (TOYOPEARL SP-650M) step using a NaCl gradient. (d) sodium dodecyl sulfate-polyacrylamide gel electrophoresis (SDS–PAGE) analysis of fractions from the cation exchange chromatography step. The numbers above correspond to the fraction number shown in panel (c). (e) The size exclusion chromatography of the CH2 domain is represented by the blue solid line, while mut10 is represented by the green solid line. The protein marker is indicated by the black broken line. These peaks in markers represent the following proteins and molecules: thyroglobulin (670 kDa), γ-globulin (158 kDa), ovalbumin (44 kDa), myoglobin (17 kDa), and vitamin B12 (1.3 kDa), respectively. 4 of 12",approved_eval_target_chunk,figure_caption,"FIGURE 1 CH2 domain mutant design and purification. (a) The structure of isolated CH2 domain (Protein Data Bank: 3DJ9). Cys261 and Cys321 form the native disulfide bond (highlighted in yellow). Thr250 and Leu314 (mut10) or Leu242 and Lys334 (mut20), which were replaced by cysteines introducing new disulfide bonds (highlighted in green and orange, respectively). (b) Amino acid sequence alignment of human CH2 domain and its mutants (all the CH2 domain residues are numbered according to european union ((EU) numbering). (c) Elution profile during the cation exchange chromatography (TOYOPEARL SP-650M) step using a NaCl gradient. (d) sodium dodecyl sulfate-polyacrylamide gel electrophoresis (SDS–PAGE) analysis of fractions from the cation exchange chromatography step. The numbers above correspond to the fraction number shown in panel (c). (e) The size exclusion chromatography of the CH2 domain is represented by the blue solid line, while mut10 is represented by the green solid line. The protein marker is indicated by the black broken line. These peaks in markers represent the following proteins and molecules: thyroglobulin (670 kDa), γ-globulin (158 kDa), ovalbumin (44 kDa), myoglobin (17 kDa), and vitamin B12 (1.3 kDa), respectively. 4 of 12",true,/home/gmy/bio-agent-workspace/bge-service/reports/phase5d_caption_cleanup_audit/protected_short_captions.csv
doc_0183,p8_b0071,TABLE 3 Thermal stability of CH2 domain and disulfide bond mutants.,short_caption_with_semantic_anchor,table_caption,TABLE 3 Thermal stability of CH2 domain and disulfide bond mutants.,true,/home/gmy/bio-agent-workspace/bge-service/reports/phase5d_caption_cleanup_audit/protected_short_captions.csv
doc_0184,p16_b0104,Table S3. The signal peptide of each protein was predicted by SignalP 6.,short_caption_with_semantic_anchor,table_caption,Table S3. The signal peptide of each protein was predicted by SignalP 6.,true,/home/gmy/bio-agent-workspace/bge-service/reports/phase5d_caption_cleanup_audit/protected_short_captions.csv
doc_0184,p17_b0140,Fig. S3 (mBio00617-23-S0003.pdf). Sequence alignment of PpSpi1 and ScSpi1.,short_caption_with_semantic_anchor,figure_caption,Fig. S3 (mBio00617-23-S0003.pdf). Sequence alignment of PpSpi1 and ScSpi1.,true,/home/gmy/bio-agent-workspace/bge-service/reports/phase5d_caption_cleanup_audit/protected_short_captions.csv
doc_0184,p17_b0147,Table S4 (mBio00617-23-S0010.pdf). Strains and vectors used in this study.,short_caption_with_semantic_anchor,table_caption,Table S4 (mBio00617-23-S0010.pdf). Strains and vectors used in this study.,true,/home/gmy/bio-agent-workspace/bge-service/reports/phase5d_caption_cleanup_audit/protected_short_captions.csv
doc_0185,p2_b0019,Fig. 1. Schematic diagram of protein secretion in P.,short_caption_with_semantic_anchor,figure_caption,Fig. 1. Schematic diagram of protein secretion in P.,true,/home/gmy/bio-agent-workspace/bge-service/reports/phase5d_caption_cleanup_audit/protected_short_captions.csv
doc_0185,p3_b0024,Fig. 2. Multi-copy DEX plasmid construction in vitro.,short_caption_with_semantic_anchor,figure_caption,Fig. 2. Multi-copy DEX plasmid construction in vitro.,true,/home/gmy/bio-agent-workspace/bge-service/reports/phase5d_caption_cleanup_audit/protected_short_captions.csv
doc_0185,p5_b0046,Fig. 3. The increment in copy number improves the production of DEX.,short_caption_with_semantic_anchor,figure_caption,Fig. 3. The increment in copy number improves the production of DEX.,true,/home/gmy/bio-agent-workspace/bge-service/reports/phase5d_caption_cleanup_audit/protected_short_captions.csv
doc_0186,p13_b0102,Fig. S9. Cofactor FAD plays a role in assembly and redox Fig.,short_caption_with_semantic_anchor,figure_caption,Fig. S9. Cofactor FAD plays a role in assembly and redox Fig.,true,/home/gmy/bio-agent-workspace/bge-service/reports/phase5d_caption_cleanup_audit/protected_short_captions.csv
doc_0186,p14_b0109,"Fig. 6. In group 1, the additional FAD in culture media increased 3.",short_caption_with_semantic_anchor,figure_caption,"Fig. 6. In group 1, the additional FAD in culture media increased 3.",true,/home/gmy/bio-agent-workspace/bge-service/reports/phase5d_caption_cleanup_audit/protected_short_captions.csv
doc_0187,p12_b0118,Fig. 1. Optical density of biosensor expressing strains.,short_caption_with_semantic_anchor,figure_caption,Fig. 1. Optical density of biosensor expressing strains.,true,/home/gmy/bio-agent-workspace/bge-service/reports/phase5d_caption_cleanup_audit/protected_short_captions.csv
doc_0187,p12_b0120,Table 1. Data aquation parameters for liquid chromatography-multiple reaction monitoring-mass spectrometry (LC-MRM-MS).,short_caption_with_semantic_anchor,table_caption,Table 1. Data aquation parameters for liquid chromatography-multiple reaction monitoring-mass spectrometry (LC-MRM-MS).,true,/home/gmy/bio-agent-workspace/bge-service/reports/phase5d_caption_cleanup_audit/protected_short_captions.csv
doc_0188,p3_b0028,Figure 1. Sketch of methanol metabolism in P.,short_caption_with_semantic_anchor,figure_caption,Figure 1. Sketch of methanol metabolism in P.,true,/home/gmy/bio-agent-workspace/bge-service/reports/phase5d_caption_cleanup_audit/protected_short_captions.csv
doc_0188,p3_b0038,Table 1. Strains and plasmids used in this study.,short_caption_with_semantic_anchor,table_caption,Table 1. Strains and plasmids used in this study.,true,/home/gmy/bio-agent-workspace/bge-service/reports/phase5d_caption_cleanup_audit/protected_short_captions.csv
doc_0188,p4_b0051,Table 2. Primers used for strain and plasmid construction in this study.,short_caption_with_semantic_anchor,table_caption,Table 2. Primers used for strain and plasmid construction in this study.,true,/home/gmy/bio-agent-workspace/bge-service/reports/phase5d_caption_cleanup_audit/protected_short_captions.csv
doc_0188,p9_b0078,"Table 4. The biomass and methanol utilization rate of PC110 strain and mutant strains, PC110-AOX1- 464 and PC110-∆AOX2, in 0.5% methanol-minimal medium.",approved_eval_target_chunk,table_caption,"Table 4. The biomass and methanol utilization rate of PC110 strain and mutant strains, PC110-AOX1- 464 and PC110-∆AOX2, in 0.5% methanol-minimal medium.",true,/home/gmy/bio-agent-workspace/bge-service/reports/phase5d_caption_cleanup_audit/protected_short_captions.csv
doc_0189,p5_b0045,Figure 2. Identification of Sbh1-dependent and Sbh1 phosphorylation-dependent ER translocation substrates.,short_caption_with_semantic_anchor,figure_caption,Figure 2. Identification of Sbh1-dependent and Sbh1 phosphorylation-dependent ER translocation substrates.,true,/home/gmy/bio-agent-workspace/bge-service/reports/phase5d_caption_cleanup_audit/protected_short_captions.csv
doc_0189,p7_b0060,Figure 4. Screening for the kinase responsible for Sbh1 S3/T5-phosphorylation.,short_caption_with_semantic_anchor,figure_caption,Figure 4. Screening for the kinase responsible for Sbh1 S3/T5-phosphorylation.,true,/home/gmy/bio-agent-workspace/bge-service/reports/phase5d_caption_cleanup_audit/protected_short_captions.csv
doc_0189,p9_b0079,"Figure 5. Phosphorylation-dependent proline isomerase Ess1 contributes to Sbh1 regulation. A, schematic representation of the phosphorylated-S3/ T5 Sbh1 N-terminus. Phosphorylated amino acids shown in red. B, Ess1-catalyzed phosphoserine-proline isomerization. Carbon atoms in gray, oxygen atoms in red, nitrogen atoms in blue, phosphorous atom in orange, hydrogen atoms not shown. C, WT and ess1H164R strains were grown to early exponential phase, lysed, and membranes sedimented; proteins were resolved by SDS-PAGE and Ess1 (19 kD) was detected by Western blotting with specific antisera.",approved_eval_target_chunk,figure_caption,"Figure 5. Phosphorylation-dependent proline isomerase Ess1 contributes to Sbh1 regulation. A, schematic representation of the phosphorylated-S3/ T5 Sbh1 N-terminus. Phosphorylated amino acids shown in red. B, Ess1-catalyzed phosphoserine-proline isomerization. Carbon atoms in gray, oxygen atoms in red, nitrogen atoms in blue, phosphorous atom in orange, hydrogen atoms not shown. C, WT and ess1H164R strains were grown to early exponential phase, lysed, and membranes sedimented; proteins were resolved by SDS-PAGE and Ess1 (19 kD) was detected by Western blotting with specific antisera.",true,/home/gmy/bio-agent-workspace/bge-service/reports/phase5d_caption_cleanup_audit/protected_short_captions.csv
doc_0190,p2_b0018,Figure 1. Differences between Pichia pastoris and Saccharomyces cerevisiae.,short_caption_with_semantic_anchor,figure_caption,Figure 1. Differences between Pichia pastoris and Saccharomyces cerevisiae.,true,/home/gmy/bio-agent-workspace/bge-service/reports/phase5d_caption_cleanup_audit/protected_short_captions.csv
doc_0190,p2_b0021,Figure 2. Colony morphology (A) and microscopic image (B) of P. pastoris.,short_caption_with_semantic_anchor,figure_caption,Figure 2. Colony morphology (A) and microscopic image (B) of P. pastoris.,true,/home/gmy/bio-agent-workspace/bge-service/reports/phase5d_caption_cleanup_audit/protected_short_captions.csv
doc_0190,p2_b0023,Figure 1. Differences between Pichia pastoris and Saccharomyces cerevisiae.,short_caption_with_semantic_anchor,figure_caption,Figure 1. Differences between Pichia pastoris and Saccharomyces cerevisiae.,true,/home/gmy/bio-agent-workspace/bge-service/reports/phase5d_caption_cleanup_audit/protected_short_captions.csv
doc_0190,p2_b0027,Figure 1. Differences between Pichia pastoris and Saccharomyces cerevisiae.,short_caption_with_semantic_anchor,figure_caption,Figure 1. Differences between Pichia pastoris and Saccharomyces cerevisiae.,true,/home/gmy/bio-agent-workspace/bge-service/reports/phase5d_caption_cleanup_audit/protected_short_captions.csv
doc_0190,p2_b0030,Figure 2. Colony morphology (A) and microscopic image (B) of P. pastoris.,short_caption_with_semantic_anchor,figure_caption,Figure 2. Colony morphology (A) and microscopic image (B) of P. pastoris.,true,/home/gmy/bio-agent-workspace/bge-service/reports/phase5d_caption_cleanup_audit/protected_short_captions.csv
doc_0190,p2_b0032,Figure 2. Colony morphology (A) and microscopic image (B) of P.,short_caption_with_semantic_anchor,figure_caption,Figure 2. Colony morphology (A) and microscopic image (B) of P.,true,/home/gmy/bio-agent-workspace/bge-service/reports/phase5d_caption_cleanup_audit/protected_short_captions.csv
doc_0190,p4_b0048,Figure 3. (A) The structure of PAOX1. (B) Transcriptional regulation of PAOX1.,short_caption_with_semantic_anchor,figure_caption,Figure 3. (A) The structure of PAOX1. (B) Transcriptional regulation of PAOX1.,true,/home/gmy/bio-agent-workspace/bge-service/reports/phase5d_caption_cleanup_audit/protected_short_captions.csv
doc_0190,p5_b0055,"Table 1. Among these, the promoter PADH2 is naturally present in P.",short_caption_with_semantic_anchor,table_caption,"Table 1. Among these, the promoter PADH2 is naturally present in P.",true,/home/gmy/bio-agent-workspace/bge-service/reports/phase5d_caption_cleanup_audit/protected_short_captions.csv
doc_0190,p5_b0057,Table 1. Promoters used in P. pastoris.,short_caption_with_semantic_anchor,table_caption,Table 1. Promoters used in P. pastoris.,true,/home/gmy/bio-agent-workspace/bge-service/reports/phase5d_caption_cleanup_audit/protected_short_captions.csv
doc_0190,p9_b0106,Figure 4. The portfolio of typical compounds produced by engineered P. pastoris.,short_caption_with_semantic_anchor,figure_caption,Figure 4. The portfolio of typical compounds produced by engineered P. pastoris.,true,/home/gmy/bio-agent-workspace/bge-service/reports/phase5d_caption_cleanup_audit/protected_short_captions.csv
doc_0190,p9_b0107,Figure 4. The portfolio of typical compounds produced by engineered P. pastoris.,short_caption_with_semantic_anchor,figure_caption,Figure 4. The portfolio of typical compounds produced by engineered P. pastoris.,true,/home/gmy/bio-agent-workspace/bge-service/reports/phase5d_caption_cleanup_audit/protected_short_captions.csv
doc_0190,p9_b0108,Table 2. Synthesis of various compounds in P. pastoris.,short_caption_with_semantic_anchor,table_caption,Table 2. Synthesis of various compounds in P. pastoris.,true,/home/gmy/bio-agent-workspace/bge-service/reports/phase5d_caption_cleanup_audit/protected_short_captions.csv
doc_0191,p3_b0040,Figure 1. Bioproduction of LNnT and LNT in E. coli strains. (A),short_caption_with_semantic_anchor,figure_caption,Figure 1. Bioproduction of LNnT and LNT in E. coli strains. (A),true,/home/gmy/bio-agent-workspace/bge-service/reports/phase5d_caption_cleanup_audit/protected_short_captions.csv
doc_0191,p3_b0045,"Figure 1. continued (DE3), C43 (DE3), Rosetta (DE3), NovaBlue (DE3), and JM109 (DE3).",short_caption_with_semantic_anchor,figure_caption,"Figure 1. continued (DE3), C43 (DE3), Rosetta (DE3), NovaBlue (DE3), and JM109 (DE3).",true,/home/gmy/bio-agent-workspace/bge-service/reports/phase5d_caption_cleanup_audit/protected_short_captions.csv
doc_0191,p6_b0073,Figure 3. Optimization of LNnT and LNT production by different plasmid combinations.,short_caption_with_semantic_anchor,figure_caption,Figure 3. Optimization of LNnT and LNT production by different plasmid combinations.,true,/home/gmy/bio-agent-workspace/bge-service/reports/phase5d_caption_cleanup_audit/protected_short_captions.csv
doc_0191,p7_b0082,Figure 4. Effect of blocking competitive pathways on LNnT and LNT biosynthesis.,short_caption_with_semantic_anchor,figure_caption,Figure 4. Effect of blocking competitive pathways on LNnT and LNT biosynthesis.,true,/home/gmy/bio-agent-workspace/bge-service/reports/phase5d_caption_cleanup_audit/protected_short_captions.csv
doc_0192,p5_b0060,Figure 1. Engineered pathway for NeuAc biosynthesis in E. coli.,short_caption_with_semantic_anchor,figure_caption,Figure 1. Engineered pathway for NeuAc biosynthesis in E. coli.,true,/home/gmy/bio-agent-workspace/bge-service/reports/phase5d_caption_cleanup_audit/protected_short_captions.csv
doc_0192,p5_b0066,Figure 2. Blocking competitive pathways for NeuAc production. (A),short_caption_with_semantic_anchor,figure_caption,Figure 2. Blocking competitive pathways for NeuAc production. (A),true,/home/gmy/bio-agent-workspace/bge-service/reports/phase5d_caption_cleanup_audit/protected_short_captions.csv
doc_0192,p7_b0089,Figure 5. Optimization of the carbon source for NeuAc synthesis enhancement by EM19.,short_caption_with_semantic_anchor,figure_caption,Figure 5. Optimization of the carbon source for NeuAc synthesis enhancement by EM19.,true,/home/gmy/bio-agent-workspace/bge-service/reports/phase5d_caption_cleanup_audit/protected_short_captions.csv
doc_0193,p3_b0040,Figure 1. Bioproduction of LNnT and LNT in E. coli strains. (A),short_caption_with_semantic_anchor,figure_caption,Figure 1. Bioproduction of LNnT and LNT in E. coli strains. (A),true,/home/gmy/bio-agent-workspace/bge-service/reports/phase5d_caption_cleanup_audit/protected_short_captions.csv
doc_0193,p3_b0045,"Figure 1. continued (DE3), C43 (DE3), Rosetta (DE3), NovaBlue (DE3), and JM109 (DE3).",short_caption_with_semantic_anchor,figure_caption,"Figure 1. continued (DE3), C43 (DE3), Rosetta (DE3), NovaBlue (DE3), and JM109 (DE3).",true,/home/gmy/bio-agent-workspace/bge-service/reports/phase5d_caption_cleanup_audit/protected_short_captions.csv
doc_0193,p6_b0073,Figure 3. Optimization of LNnT and LNT production by different plasmid combinations.,short_caption_with_semantic_anchor,figure_caption,Figure 3. Optimization of LNnT and LNT production by different plasmid combinations.,true,/home/gmy/bio-agent-workspace/bge-service/reports/phase5d_caption_cleanup_audit/protected_short_captions.csv
doc_0193,p7_b0082,Figure 4. Effect of blocking competitive pathways on LNnT and LNT biosynthesis.,short_caption_with_semantic_anchor,figure_caption,Figure 4. Effect of blocking competitive pathways on LNnT and LNT biosynthesis.,true,/home/gmy/bio-agent-workspace/bge-service/reports/phase5d_caption_cleanup_audit/protected_short_captions.csv
doc_0193,p9_b0101,Figure 6. Effect of setA knockout on LNnT and LNT production in 5 L bioreactors.,short_caption_with_semantic_anchor,figure_caption,Figure 6. Effect of setA knockout on LNnT and LNT production in 5 L bioreactors.,true,/home/gmy/bio-agent-workspace/bge-service/reports/phase5d_caption_cleanup_audit/protected_short_captions.csv
doc_0194,p2_b0032,Table 1. Strains Used in This Study strains characteristics source E.,short_caption_with_semantic_anchor,table_caption,Table 1. Strains Used in This Study strains characteristics source E.,true,/home/gmy/bio-agent-workspace/bge-service/reports/phase5d_caption_cleanup_audit/protected_short_captions.csv
doc_0194,p3_b0053,Figure 1. De novo biosynthesis of 2′-FL in E.,short_caption_with_semantic_anchor,figure_caption,Figure 1. De novo biosynthesis of 2′-FL in E.,true,/home/gmy/bio-agent-workspace/bge-service/reports/phase5d_caption_cleanup_audit/protected_short_captions.csv
doc_0194,p5_b0077,Figure 4. De novo biosynthesis of DFL in E.,short_caption_with_semantic_anchor,figure_caption,Figure 4. De novo biosynthesis of DFL in E.,true,/home/gmy/bio-agent-workspace/bge-service/reports/phase5d_caption_cleanup_audit/protected_short_captions.csv
doc_0194,p6_b0084,Figure 5. Effect of GDP-L-fucose accumulation on DFL synthesis.,short_caption_with_semantic_anchor,figure_caption,Figure 5. Effect of GDP-L-fucose accumulation on DFL synthesis.,true,/home/gmy/bio-agent-workspace/bge-service/reports/phase5d_caption_cleanup_audit/protected_short_captions.csv
doc_0195,p5_b0060,Figure 1. Engineered pathway for NeuAc biosynthesis in E. coli.,short_caption_with_semantic_anchor,figure_caption,Figure 1. Engineered pathway for NeuAc biosynthesis in E. coli.,true,/home/gmy/bio-agent-workspace/bge-service/reports/phase5d_caption_cleanup_audit/protected_short_captions.csv
doc_0195,p5_b0066,Figure 2. Blocking competitive pathways for NeuAc production. (A),short_caption_with_semantic_anchor,figure_caption,Figure 2. Blocking competitive pathways for NeuAc production. (A),true,/home/gmy/bio-agent-workspace/bge-service/reports/phase5d_caption_cleanup_audit/protected_short_captions.csv
doc_0195,p7_b0089,Figure 5. Optimization of the carbon source for NeuAc synthesis enhancement by EM19.,short_caption_with_semantic_anchor,figure_caption,Figure 5. Optimization of the carbon source for NeuAc synthesis enhancement by EM19.,true,/home/gmy/bio-agent-workspace/bge-service/reports/phase5d_caption_cleanup_audit/protected_short_captions.csv
doc_0196,p3_b0030,Table 1. The basic vectors pHT0a and pP43NMK were stocked in the laboratory.,short_caption_with_semantic_anchor,table_caption,Table 1. The basic vectors pHT0a and pP43NMK were stocked in the laboratory.,true,/home/gmy/bio-agent-workspace/bge-service/reports/phase5d_caption_cleanup_audit/protected_short_captions.csv
doc_0197,p2_b0021,Table 1. Strains and Plasmids strains or plasmids description source Strains MGC01 E.,short_caption_with_semantic_anchor,table_caption,Table 1. Strains and Plasmids strains or plasmids description source Strains MGC01 E.,true,/home/gmy/bio-agent-workspace/bge-service/reports/phase5d_caption_cleanup_audit/protected_short_captions.csv
doc_0197,p3_b0034,Figure 1. Construction of the genetically engineered E.,short_caption_with_semantic_anchor,figure_caption,Figure 1. Construction of the genetically engineered E.,true,/home/gmy/bio-agent-workspace/bge-service/reports/phase5d_caption_cleanup_audit/protected_short_captions.csv
doc_0198,p2_b0018,Fig. 1. Metabolic pathway of 6′-SL biosynthesis in engineering E.,short_caption_with_semantic_anchor,figure_caption,Fig. 1. Metabolic pathway of 6′-SL biosynthesis in engineering E.,true,/home/gmy/bio-agent-workspace/bge-service/reports/phase5d_caption_cleanup_audit/protected_short_captions.csv
doc_0198,p5_b0048,Fig. 3. LC-MS analysis of 6′-SL biosynthesis in strain BZ1.,short_caption_with_semantic_anchor,figure_caption,Fig. 3. LC-MS analysis of 6′-SL biosynthesis in strain BZ1.,true,/home/gmy/bio-agent-workspace/bge-service/reports/phase5d_caption_cleanup_audit/protected_short_captions.csv
doc_0198,p6_b0056,Fig. 4. Plasmid combinatorial optimization for 6′-SL production.,short_caption_with_semantic_anchor,figure_caption,Fig. 4. Plasmid combinatorial optimization for 6′-SL production.,true,/home/gmy/bio-agent-workspace/bge-service/reports/phase5d_caption_cleanup_audit/protected_short_captions.csv
doc_0198,p7_b0062,Fig. 5. Effects of optimized expression of UDP-GlcNAc on 6′-SL.,short_caption_with_semantic_anchor,figure_caption,Fig. 5. Effects of optimized expression of UDP-GlcNAc on 6′-SL.,true,/home/gmy/bio-agent-workspace/bge-service/reports/phase5d_caption_cleanup_audit/protected_short_captions.csv
doc_0198,p8_b0066,"Fig. 6. Effects of deletion of lacZ, nanA, pfkA and nagB on 6′-SL production.",short_caption_with_semantic_anchor,figure_caption,"Fig. 6. Effects of deletion of lacZ, nanA, pfkA and nagB on 6′-SL production.",true,/home/gmy/bio-agent-workspace/bge-service/reports/phase5d_caption_cleanup_audit/protected_short_captions.csv
doc_0199,p7_b0072,"Figure 6. Effects of metal ions (Zn2+, Cu2+, Ca2+, Mg2+, Ba2+, Fe3+) and chemicals (SDS) on the hydrol- ysis activity of EntFuc. The residual activity was measured by the standard assay and then presented Figure 6. Effects of metal ions (Zn2+, Cu2+, Ca2+, Mg2+, Ba2+, Fe3+) and chemicals (SDS) on the hydrolysis activity of EntFuc. The residual activity was measured by the standard assay and then presented as a percentage relative to the initial activity. 7 of 14 The substrate specificity of EntFuc was assessed based on its hydrolysis capacity against pNP-α-L-Fuc. Meanwhile, other chromogenic substrates, including pNP-α-D-Gal, pNP-β-D-Gal, pNP-α-D-Glu, pNP-β-D-Glu, and pNP-α-D-mannopyranoside, were also applied to determine the hydrolysis activity of EntFuc. The released pNP was detected by ultraviolet light at 405 nm. Simultaneously, 2′FL and Xyloglucan (XyG) were also used to assay the hydrolysis activity by releasing Fuc, which was then detected by HPLC. The structures of hydrolysis substrates are shown in Figure 7. The enzyme activity was only observed in hydrolyzing pNP-α-L-Fuc, while no activity could be detected using other synthetic substrates, which was different from many characterized α-L-fucosidases. For example, PsaFuc [31] and BT_2192 [17] were able to hydrolyze pNP-Fuc and pNP-β-D- Gal, PbFuc [16] was able to hydrolyze 2′FL and Mfuc5 [19], FgFCOl [19] could hydrolyze XyG. Meanwhile, most α-L-fucosidases were able to hydrolyze 2′FL. Zeuner et al. re- ported that NixE, Mfuc5, and FgFCO1 [19] show activity on 2′FL; Lezyk et al. reported that Thma, Mfuc1, Mfuc2, and Mfuc7 [20] also act on 2′FL. The proportion of transfuco- sylation and hydrolysis activity is important to produce 2′FL. The α-L-fucosidase EntFuc facilitated the synthesis of 2′FL because EntFuc had negligible activity on 2′FL and could conduct a reverse hydrolysis reaction.",approved_eval_target_chunk,figure_caption,"Figure 6. Effects of metal ions (Zn2+, Cu2+, Ca2+, Mg2+, Ba2+, Fe3+) and chemicals (SDS) on the hydrol- ysis activity of EntFuc. The residual activity was measured by the standard assay and then presented Figure 6. Effects of metal ions (Zn2+, Cu2+, Ca2+, Mg2+, Ba2+, Fe3+) and chemicals (SDS) on the hydrolysis activity of EntFuc. The residual activity was measured by the standard assay and then presented as a percentage relative to the initial activity. 7 of 14 The substrate specificity of EntFuc was assessed based on its hydrolysis capacity against pNP-α-L-Fuc. Meanwhile, other chromogenic substrates, including pNP-α-D-Gal, pNP-β-D-Gal, pNP-α-D-Glu, pNP-β-D-Glu, and pNP-α-D-mannopyranoside, were also applied to determine the hydrolysis activity of EntFuc. The released pNP was detected by ultraviolet light at 405 nm. Simultaneously, 2′FL and Xyloglucan (XyG) were also used to assay the hydrolysis activity by releasing Fuc, which was then detected by HPLC. The structures of hydrolysis substrates are shown in Figure 7. The enzyme activity was only observed in hydrolyzing pNP-α-L-Fuc, while no activity could be detected using other synthetic substrates, which was different from many characterized α-L-fucosidases. For example, PsaFuc [31] and BT_2192 [17] were able to hydrolyze pNP-Fuc and pNP-β-D- Gal, PbFuc [16] was able to hydrolyze 2′FL and Mfuc5 [19], FgFCOl [19] could hydrolyze XyG. Meanwhile, most α-L-fucosidases were able to hydrolyze 2′FL. Zeuner et al. re- ported that NixE, Mfuc5, and FgFCO1 [19] show activity on 2′FL; Lezyk et al. reported that Thma, Mfuc1, Mfuc2, and Mfuc7 [20] also act on 2′FL. The proportion of transfuco- sylation and hydrolysis activity is important to produce 2′FL. The α-L-fucosidase EntFuc facilitated the synthesis of 2′FL because EntFuc had negligible activity on 2′FL and could conduct a reverse hydrolysis reaction.",true,/home/gmy/bio-agent-workspace/bge-service/reports/phase5d_caption_cleanup_audit/protected_short_captions.csv
doc_0199,p7_b0075,Figure 7. The structure of hydrolysis substrates.,short_caption_with_semantic_anchor,figure_caption,Figure 7. The structure of hydrolysis substrates.,true,/home/gmy/bio-agent-workspace/bge-service/reports/phase5d_caption_cleanup_audit/protected_short_captions.csv
doc_0201,p7_b0081,"Table 1. Genes, plasmids and E.",short_caption_with_semantic_anchor,table_caption,"Table 1. Genes, plasmids and E.",true,/home/gmy/bio-agent-workspace/bge-service/reports/phase5d_caption_cleanup_audit/protected_short_captions.csv
doc_0202,p3_b0042,Figure 1. Construction of the metabolically engineered E.,short_caption_with_semantic_anchor,figure_caption,Figure 1. Construction of the metabolically engineered E.,true,/home/gmy/bio-agent-workspace/bge-service/reports/phase5d_caption_cleanup_audit/protected_short_captions.csv
doc_0202,p5_b0052,Figure 3. Comparison of various engineered E.,short_caption_with_semantic_anchor,figure_caption,Figure 3. Comparison of various engineered E.,true,/home/gmy/bio-agent-workspace/bge-service/reports/phase5d_caption_cleanup_audit/protected_short_captions.csv
doc_0202,p6_b0062,Figure 4. Comparison of 2′-FL biosynthesis by various groups of engineered E.,short_caption_with_semantic_anchor,figure_caption,Figure 4. Comparison of 2′-FL biosynthesis by various groups of engineered E.,true,/home/gmy/bio-agent-workspace/bge-service/reports/phase5d_caption_cleanup_audit/protected_short_captions.csv
doc_0202,p7_b0074,Figure 6. Production of 2′-FL by a 5 L fed-batch cultivation of strain BYBB.,short_caption_with_semantic_anchor,figure_caption,Figure 6. Production of 2′-FL by a 5 L fed-batch cultivation of strain BYBB.,true,/home/gmy/bio-agent-workspace/bge-service/reports/phase5d_caption_cleanup_audit/protected_short_captions.csv
doc_0203,p2_b0020,"Table 1. Overview of the Plasmids and Engineering Strains Utilized in This Research strains & plasmids description source strains E. coli JM109 thi, recA1, gyrA96, endA1, supE44 laboratory E. coli BL21 (DE3)",approved_eval_target_chunk,table_caption,"Table 1. Overview of the Plasmids and Engineering Strains Utilized in This Research strains & plasmids description source strains E. coli JM109 thi, recA1, gyrA96, endA1, supE44 laboratory E. coli BL21 (DE3)",true,/home/gmy/bio-agent-workspace/bge-service/reports/phase5d_caption_cleanup_audit/protected_short_captions.csv
doc_0203,p4_b0051,Table 1. Homologous recombi- nation PCR was employed to characterize the overexpression plasmids.,short_caption_with_semantic_anchor,table_caption,Table 1. Homologous recombi- nation PCR was employed to characterize the overexpression plasmids.,true,/home/gmy/bio-agent-workspace/bge-service/reports/phase5d_caption_cleanup_audit/protected_short_captions.csv
doc_0203,p4_b0060,Figure 1. Escherichia coli BL21 de novo synthesis route of 2′-FL from glycerol.,short_caption_with_semantic_anchor,figure_caption,Figure 1. Escherichia coli BL21 de novo synthesis route of 2′-FL from glycerol.,true,/home/gmy/bio-agent-workspace/bge-service/reports/phase5d_caption_cleanup_audit/protected_short_captions.csv
doc_0203,p5_b0071,Figure 2. Different strains produce 2′-FL in a 3 L bioreactor.,short_caption_with_semantic_anchor,figure_caption,Figure 2. Different strains produce 2′-FL in a 3 L bioreactor.,true,/home/gmy/bio-agent-workspace/bge-service/reports/phase5d_caption_cleanup_audit/protected_short_captions.csv
doc_0203,p8_b0095,Figure 5. Fermentation outcome for strain different strains.,short_caption_with_semantic_anchor,figure_caption,Figure 5. Fermentation outcome for strain different strains.,true,/home/gmy/bio-agent-workspace/bge-service/reports/phase5d_caption_cleanup_audit/protected_short_captions.csv
doc_0207,p11_b0096,"Table S2. Unless oth- erwise specified, P.",short_caption_with_semantic_anchor,table_caption,"Table S2. Unless oth- erwise specified, P.",true,/home/gmy/bio-agent-workspace/bge-service/reports/phase5d_caption_cleanup_audit/protected_short_captions.csv
doc_0208,p4_b0060,Table 1. Description of K. phaffii Strains Used in This Study,short_caption_with_semantic_anchor,table_caption,Table 1. Description of K. phaffii Strains Used in This Study,true,/home/gmy/bio-agent-workspace/bge-service/reports/phase5d_caption_cleanup_audit/protected_short_captions.csv
doc_0208,p5_b0077,Fig. 3. Product accumulation over time from K.,short_caption_with_semantic_anchor,figure_caption,Fig. 3. Product accumulation over time from K.,true,/home/gmy/bio-agent-workspace/bge-service/reports/phase5d_caption_cleanup_audit/protected_short_captions.csv
doc_0210,p2_b0020,Table S1. Primers used to construct each vector are listed in Table S2.,short_caption_with_semantic_anchor,table_caption,Table S1. Primers used to construct each vector are listed in Table S2.,true,/home/gmy/bio-agent-workspace/bge-service/reports/phase5d_caption_cleanup_audit/protected_short_captions.csv
doc_0210,p3_b0031,Table S2. The acces- sion number of each introduced gene is listed in Table S3.,short_caption_with_semantic_anchor,table_caption,Table S2. The acces- sion number of each introduced gene is listed in Table S3.,true,/home/gmy/bio-agent-workspace/bge-service/reports/phase5d_caption_cleanup_audit/protected_short_captions.csv
doc_0211,p13_b0133,Figure 4. Antibody production in P. pastoris: considerations to increase the production yield.,short_caption_with_semantic_anchor,figure_caption,Figure 4. Antibody production in P. pastoris: considerations to increase the production yield.,true,/home/gmy/bio-agent-workspace/bge-service/reports/phase5d_caption_cleanup_audit/protected_short_captions.csv
doc_0211,p4_b0038,Figure 1. Antibody formats produced using microbial hosts.,short_caption_with_semantic_anchor,figure_caption,Figure 1. Antibody formats produced using microbial hosts.,true,/home/gmy/bio-agent-workspace/bge-service/reports/phase5d_caption_cleanup_audit/protected_short_captions.csv
doc_0211,p7_b0069,Figure 2. Glycosylation pathway and glycan pattern comparison: 2a.,short_caption_with_semantic_anchor,figure_caption,Figure 2. Glycosylation pathway and glycan pattern comparison: 2a.,true,/home/gmy/bio-agent-workspace/bge-service/reports/phase5d_caption_cleanup_audit/protected_short_captions.csv
doc_0211,p9_b0087,Figure 3. Antibody production in E.,short_caption_with_semantic_anchor,figure_caption,Figure 3. Antibody production in E.,true,/home/gmy/bio-agent-workspace/bge-service/reports/phase5d_caption_cleanup_audit/protected_short_captions.csv
doc_0212,p3_b0034,Fig. 1. Lactoferricin expression in Pichia pastoris.,short_caption_with_semantic_anchor,figure_caption,Fig. 1. Lactoferricin expression in Pichia pastoris.,true,/home/gmy/bio-agent-workspace/bge-service/reports/phase5d_caption_cleanup_audit/protected_short_captions.csv
doc_0212,p5_b0060,Fig. 3. Signal peptide screening for lactoferricin secretion.,short_caption_with_semantic_anchor,figure_caption,Fig. 3. Signal peptide screening for lactoferricin secretion.,true,/home/gmy/bio-agent-workspace/bge-service/reports/phase5d_caption_cleanup_audit/protected_short_captions.csv
doc_0214,p2_b0018,Figure 1. Western-blotting and Coomassie blue staining analyses of purified FAM20A.,short_caption_with_semantic_anchor,figure_caption,Figure 1. Western-blotting and Coomassie blue staining analyses of purified FAM20A.,true,/home/gmy/bio-agent-workspace/bge-service/reports/phase5d_caption_cleanup_audit/protected_short_captions.csv
doc_0214,p3_b0023,Figure 2. Mass spectrometric analysis of FAM20A purified by IMAC.,short_caption_with_semantic_anchor,figure_caption,Figure 2. Mass spectrometric analysis of FAM20A purified by IMAC.,true,/home/gmy/bio-agent-workspace/bge-service/reports/phase5d_caption_cleanup_audit/protected_short_captions.csv
doc_0214,p4_b0030,"Figure 4. Subcellular localization of exogenous FAM20A in 17IIA11 and LS8 cells. 17IIA11 odontoblast-like cells (A) and LS8 ameloblast-like cells (B) were transiently transfected with the FAM20A-FLAG construct, and were then permeabilized with 0.1% Triton X-100 and immunofluorescently labeled with a mouse monoclonal anti-FLAG M2 antibody that detects FAM20A-FLAG (signal in red) and a rabbit anti-GM130 antibody (signal in green). Nuclei were stained with DAPI (blue). GM130 is a marker for the cis-Golgi network. The merged images show co-localization (yellow) of FAM20A-FLAG and GM130. *Marks the non-transfected cells. Scale bars: 10 μm.",approved_eval_target_chunk,figure_caption,"Figure 4. Subcellular localization of exogenous FAM20A in 17IIA11 and LS8 cells. 17IIA11 odontoblast-like cells (A) and LS8 ameloblast-like cells (B) were transiently transfected with the FAM20A-FLAG construct, and were then permeabilized with 0.1% Triton X-100 and immunofluorescently labeled with a mouse monoclonal anti-FLAG M2 antibody that detects FAM20A-FLAG (signal in red) and a rabbit anti-GM130 antibody (signal in green). Nuclei were stained with DAPI (blue). GM130 is a marker for the cis-Golgi network. The merged images show co-localization (yellow) of FAM20A-FLAG and GM130. *Marks the non-transfected cells. Scale bars: 10 μm.",true,/home/gmy/bio-agent-workspace/bge-service/reports/phase5d_caption_cleanup_audit/protected_short_captions.csv
doc_0215,p11_b0124,Fig. 5. The summary of the partial puri fication is shown in Table 1.,short_caption_with_semantic_anchor,figure_caption,Fig. 5. The summary of the partial puri fication is shown in Table 1.,true,/home/gmy/bio-agent-workspace/bge-service/reports/phase5d_caption_cleanup_audit/protected_short_captions.csv
doc_0217,p2_b0033,Table 1. Physiochemical parameters of AMP and fusion proteins.,short_caption_with_semantic_anchor,table_caption,Table 1. Physiochemical parameters of AMP and fusion proteins.,true,/home/gmy/bio-agent-workspace/bge-service/reports/phase5d_caption_cleanup_audit/protected_short_captions.csv
doc_0217,p3_b0055,Figure 1. Construction and extraction of recombinant plasmids.,short_caption_with_semantic_anchor,figure_caption,Figure 1. Construction and extraction of recombinant plasmids.,true,/home/gmy/bio-agent-workspace/bge-service/reports/phase5d_caption_cleanup_audit/protected_short_captions.csv
doc_0217,p4_b0063,Table 2. Shake flask level expression of positive transformants.,short_caption_with_semantic_anchor,table_caption,Table 2. Shake flask level expression of positive transformants.,true,/home/gmy/bio-agent-workspace/bge-service/reports/phase5d_caption_cleanup_audit/protected_short_captions.csv
doc_0217,p5_b0095,Table 3. MICs and MBCs of L2 against S. agalactiae.,short_caption_with_semantic_anchor,table_caption,Table 3. MICs and MBCs of L2 against S. agalactiae.,true,/home/gmy/bio-agent-workspace/bge-service/reports/phase5d_caption_cleanup_audit/protected_short_captions.csv
doc_0217,p5_b0100,Figure 4. Purification and identification of L2.,short_caption_with_semantic_anchor,figure_caption,Figure 4. Purification and identification of L2.,true,/home/gmy/bio-agent-workspace/bge-service/reports/phase5d_caption_cleanup_audit/protected_short_captions.csv
doc_0217,p5_b0102,Table 3. MICs and MBCs of L2 against S. agalactiae.,short_caption_with_semantic_anchor,table_caption,Table 3. MICs and MBCs of L2 against S. agalactiae.,true,/home/gmy/bio-agent-workspace/bge-service/reports/phase5d_caption_cleanup_audit/protected_short_captions.csv
doc_0219,p6_b0130,Table S2. (D) Growth of P.,short_caption_with_semantic_anchor,table_caption,Table S2. (D) Growth of P.,true,/home/gmy/bio-agent-workspace/bge-service/reports/phase5d_caption_cleanup_audit/protected_short_captions.csv
doc_0222,p3_b0030,Fig. 1. Effects of different K.,short_caption_with_semantic_anchor,figure_caption,Fig. 1. Effects of different K.,true,/home/gmy/bio-agent-workspace/bge-service/reports/phase5d_caption_cleanup_audit/protected_short_captions.csv
doc_0225,p2_b0018,Fig. 1. Engineering status of protein for improving microbial cell factories.,short_caption_with_semantic_anchor,figure_caption,Fig. 1. Engineering status of protein for improving microbial cell factories.,true,/home/gmy/bio-agent-workspace/bge-service/reports/phase5d_caption_cleanup_audit/protected_short_captions.csv
doc_0225,p8_b0057,Fig. 4. Strategies for enhancing microbial synthetic capacity by protein assembly.,short_caption_with_semantic_anchor,figure_caption,Fig. 4. Strategies for enhancing microbial synthetic capacity by protein assembly.,true,/home/gmy/bio-agent-workspace/bge-service/reports/phase5d_caption_cleanup_audit/protected_short_captions.csv
doc_0226,p10_b0107,Figure S4. Structures of wild type and MH5 are presented (PDF),short_caption_with_semantic_anchor,figure_caption,Figure S4. Structures of wild type and MH5 are presented (PDF),true,/home/gmy/bio-agent-workspace/bge-service/reports/phase5d_caption_cleanup_audit/protected_short_captions.csv
doc_0226,p10_b0113,Figure 8. De novo biosynthesis of DFL in a 5 L fermenter by strain BLC09-58.,short_caption_with_semantic_anchor,figure_caption,Figure 8. De novo biosynthesis of DFL in a 5 L fermenter by strain BLC09-58.,true,/home/gmy/bio-agent-workspace/bge-service/reports/phase5d_caption_cleanup_audit/protected_short_captions.csv
doc_0226,p3_b0037,Figure 1. Scheme of DFL biosynthesis in engineered E.,short_caption_with_semantic_anchor,figure_caption,Figure 1. Scheme of DFL biosynthesis in engineered E.,true,/home/gmy/bio-agent-workspace/bge-service/reports/phase5d_caption_cleanup_audit/protected_short_captions.csv
doc_0226,p4_b0046,Figure 2. Biosynthesis of DFL in engineered E.,short_caption_with_semantic_anchor,figure_caption,Figure 2. Biosynthesis of DFL in engineered E.,true,/home/gmy/bio-agent-workspace/bge-service/reports/phase5d_caption_cleanup_audit/protected_short_captions.csv
doc_0226,p6_b0063,Figure 4. DFL and FL biosynthesis analysis.,short_caption_with_semantic_anchor,figure_caption,Figure 4. DFL and FL biosynthesis analysis.,true,/home/gmy/bio-agent-workspace/bge-service/reports/phase5d_caption_cleanup_audit/protected_short_captions.csv
doc_0226,p7_b0072,Figure 5. Comparison of DFL and FL biosynthesis by the engineered E.,short_caption_with_semantic_anchor,figure_caption,Figure 5. Comparison of DFL and FL biosynthesis by the engineered E.,true,/home/gmy/bio-agent-workspace/bge-service/reports/phase5d_caption_cleanup_audit/protected_short_captions.csv
doc_0226,p8_b0081,Figure 6. Comparison of DFL and FL biosynthesis by the engineered E.,short_caption_with_semantic_anchor,figure_caption,Figure 6. Comparison of DFL and FL biosynthesis by the engineered E.,true,/home/gmy/bio-agent-workspace/bge-service/reports/phase5d_caption_cleanup_audit/protected_short_captions.csv
doc_0226,p9_b0091,Figure 7. Structural insight into the best mutant MH5.,short_caption_with_semantic_anchor,figure_caption,Figure 7. Structural insight into the best mutant MH5.,true,/home/gmy/bio-agent-workspace/bge-service/reports/phase5d_caption_cleanup_audit/protected_short_captions.csv
doc_0227,p2_b0017,Table 1. Summary of the Engineered E.,short_caption_with_semantic_anchor,table_caption,Table 1. Summary of the Engineered E.,true,/home/gmy/bio-agent-workspace/bge-service/reports/phase5d_caption_cleanup_audit/protected_short_captions.csv
doc_0229,p2_b0018,Table 1. GENEWIZ Co.,short_caption_with_semantic_anchor,table_caption,Table 1. GENEWIZ Co.,true,/home/gmy/bio-agent-workspace/bge-service/reports/phase5d_caption_cleanup_audit/protected_short_captions.csv
doc_0229,p2_b0021,Fig. 1. The metabolic pathway of 3-FL production in E.,short_caption_with_semantic_anchor,figure_caption,Fig. 1. The metabolic pathway of 3-FL production in E.,true,/home/gmy/bio-agent-workspace/bge-service/reports/phase5d_caption_cleanup_audit/protected_short_captions.csv
doc_0229,p6_b0058,Fig. 4. Fermentation results of plasmid-free strains by shake-flask culture.,short_caption_with_semantic_anchor,figure_caption,Fig. 4. Fermentation results of plasmid-free strains by shake-flask culture.,true,/home/gmy/bio-agent-workspace/bge-service/reports/phase5d_caption_cleanup_audit/protected_short_captions.csv
doc_0230,p2_b0020,Table S3. Strain E.,short_caption_with_semantic_anchor,table_caption,Table S3. Strain E.,true,/home/gmy/bio-agent-workspace/bge-service/reports/phase5d_caption_cleanup_audit/protected_short_captions.csv
doc_0230,p3_b0025,Fig. 1. Amino acid sequence identity comparison of various SiaTs candidates.,short_caption_with_semantic_anchor,figure_caption,Fig. 1. Amino acid sequence identity comparison of various SiaTs candidates.,true,/home/gmy/bio-agent-workspace/bge-service/reports/phase5d_caption_cleanup_audit/protected_short_captions.csv
doc_0230,p4_b0036,Fig. 2. Biosynthesis of 6′-SL from glycerol and lactose.,short_caption_with_semantic_anchor,figure_caption,Fig. 2. Biosynthesis of 6′-SL from glycerol and lactose.,true,/home/gmy/bio-agent-workspace/bge-service/reports/phase5d_caption_cleanup_audit/protected_short_captions.csv
doc_0230,p7_b0045,Fig. 5. Comparison of 6′-SL biosynthesis by various groups of engineered E.,short_caption_with_semantic_anchor,figure_caption,Fig. 5. Comparison of 6′-SL biosynthesis by various groups of engineered E.,true,/home/gmy/bio-agent-workspace/bge-service/reports/phase5d_caption_cleanup_audit/protected_short_captions.csv
doc_0230,p8_b0049,Fig. 7. Strain EZAKBEP accumulated 15.,short_caption_with_semantic_anchor,figure_caption,Fig. 7. Strain EZAKBEP accumulated 15.,true,/home/gmy/bio-agent-workspace/bge-service/reports/phase5d_caption_cleanup_audit/protected_short_captions.csv
doc_0230,p9_b0062,Fig. 7. Result of 6′-SL production in a 5 L bioreactor by fed-batch cultivation.,short_caption_with_semantic_anchor,figure_caption,Fig. 7. Result of 6′-SL production in a 5 L bioreactor by fed-batch cultivation.,true,/home/gmy/bio-agent-workspace/bge-service/reports/phase5d_caption_cleanup_audit/protected_short_captions.csv
doc_0231,p2_b0023,Figure 1. Engineered pathway for 3′-SL biosynthesis in E.,short_caption_with_semantic_anchor,figure_caption,Figure 1. Engineered pathway for 3′-SL biosynthesis in E.,true,/home/gmy/bio-agent-workspace/bge-service/reports/phase5d_caption_cleanup_audit/protected_short_captions.csv
doc_0231,p5_b0043,"Figure 2. Effect of α2,3-SiaT expression from different sources on 3′-SL yield.",short_caption_with_semantic_anchor,figure_caption,"Figure 2. Effect of α2,3-SiaT expression from different sources on 3′-SL yield.",true,/home/gmy/bio-agent-workspace/bge-service/reports/phase5d_caption_cleanup_audit/protected_short_captions.csv
doc_0231,p6_b0050,Figure 3. Optimization of plasmid combinations for 3′-SL production.,short_caption_with_semantic_anchor,figure_caption,Figure 3. Optimization of plasmid combinations for 3′-SL production.,true,/home/gmy/bio-agent-workspace/bge-service/reports/phase5d_caption_cleanup_audit/protected_short_captions.csv
doc_0231,p7_b0063,Figure 4. Effect of critical enzyme expression in the precursor pools on 3′-SL.,short_caption_with_semantic_anchor,figure_caption,Figure 4. Effect of critical enzyme expression in the precursor pools on 3′-SL.,true,/home/gmy/bio-agent-workspace/bge-service/reports/phase5d_caption_cleanup_audit/protected_short_captions.csv
doc_0231,p8_b0070,Figure 5. Inactivating the competitive genes in the 3′-SL metabolic pathway.,short_caption_with_semantic_anchor,figure_caption,Figure 5. Inactivating the competitive genes in the 3′-SL metabolic pathway.,true,/home/gmy/bio-agent-workspace/bge-service/reports/phase5d_caption_cleanup_audit/protected_short_captions.csv
doc_0232,p11_b0102,Fig. 6. Enhancing the production performance of LDFT strains by chromosome engineering.,short_caption_with_semantic_anchor,figure_caption,Fig. 6. Enhancing the production performance of LDFT strains by chromosome engineering.,true,/home/gmy/bio-agent-workspace/bge-service/reports/phase5d_caption_cleanup_audit/protected_short_captions.csv
doc_0234,p2_b0016,Table 1. Bacterial strains and plasmids used in this study.,short_caption_with_semantic_anchor,table_caption,Table 1. Bacterial strains and plasmids used in this study.,true,/home/gmy/bio-agent-workspace/bge-service/reports/phase5d_caption_cleanup_audit/protected_short_captions.csv
doc_0234,p3_b0068,Table 2. Oligonucleotide primers used in this study.,short_caption_with_semantic_anchor,table_caption,Table 2. Oligonucleotide primers used in this study.,true,/home/gmy/bio-agent-workspace/bge-service/reports/phase5d_caption_cleanup_audit/protected_short_captions.csv
doc_0235,p6_b0049,"Figure 2. Phosphorylation of αs1-casein. (A) Native and non-native sites from in vitro phosphorylation of αs1-casein, identified using liquid chromatography-mass spectrometry (LC-MS). (B) SDS-PAGE of total protein extracts of lysate from Escherichia coli expressing phosphomimetic α s1-casein (R α s1-PM) and E. coli co- expressing αs1-casein and respective kinases [YabT (Rαs1-YT) and PrkD (Rαs1-PD)]. Arrows point to the respective protein bands. (C) pH 4–7 immobilized pH gradient (IPG) strips were used for isoelectric focusing, followed by SDS-PAGE in the second dimension and staining with phosphoprotein stain Pro-Q diamond and total protein stain SYPRO Ruby for mapping phosphorylation levels induced by the different kinases relative to the total protein. α-casein (α-cn) was used as a positive control.",approved_eval_target_chunk,figure_caption,"Figure 2. Phosphorylation of αs1-casein. (A) Native and non-native sites from in vitro phosphorylation of αs1-casein, identified using liquid chromatography-mass spectrometry (LC-MS). (B) SDS-PAGE of total protein extracts of lysate from Escherichia coli expressing phosphomimetic α s1-casein (R α s1-PM) and E. coli co- expressing αs1-casein and respective kinases [YabT (Rαs1-YT) and PrkD (Rαs1-PD)]. Arrows point to the respective protein bands. (C) pH 4–7 immobilized pH gradient (IPG) strips were used for isoelectric focusing, followed by SDS-PAGE in the second dimension and staining with phosphoprotein stain Pro-Q diamond and total protein stain SYPRO Ruby for mapping phosphorylation levels induced by the different kinases relative to the total protein. α-casein (α-cn) was used as a positive control.",true,/home/gmy/bio-agent-workspace/bge-service/reports/phase5d_caption_cleanup_audit/protected_short_captions.csv
doc_0236,p10_b0095,"FIGURE 5 | Uptake of VLPs by DCs. WT VLPs, L51T VLPs, P160N VLPs, and G166T VLPs were incubated in DCs for 1 h (A), 2 h (B), and 6 h (C), after which IFA was conducted using anti-FMDV polyclonal antibody and FITC-labelled goat anti-pig IgG as the secondary antibody. The cell nuclei were stained with 4′,6-diamidino-2-phenylindole (DAPI), and the DAPI and FITC fluorescence images were integrated into a merged image. The control group was incubated with PBS, the WT group was incubated with WT VLPs, the L51T group was incubated with L51T VLPs, the P160N group was incubated with P160N VLPs, and the G166T group was incubated with G166T VLPs, 1 bar = 100 μm. Representative data shown are mean ± SD from one of three independent experiments (*p < 0.05).",approved_eval_target_chunk,figure_caption,"FIGURE 5 | Uptake of VLPs by DCs. WT VLPs, L51T VLPs, P160N VLPs, and G166T VLPs were incubated in DCs for 1 h (A), 2 h (B), and 6 h (C), after which IFA was conducted using anti-FMDV polyclonal antibody and FITC-labelled goat anti-pig IgG as the secondary antibody. The cell nuclei were stained with 4′,6-diamidino-2-phenylindole (DAPI), and the DAPI and FITC fluorescence images were integrated into a merged image. The control group was incubated with PBS, the WT group was incubated with WT VLPs, the L51T group was incubated with L51T VLPs, the P160N group was incubated with P160N VLPs, and the G166T group was incubated with G166T VLPs, 1 bar = 100 μm. Representative data shown are mean ± SD from one of three independent experiments (*p < 0.05).",true,/home/gmy/bio-agent-workspace/bge-service/reports/phase5d_caption_cleanup_audit/protected_short_captions.csv
doc_0236,p14_b0188,Figure S1: Screening of potential gly- cosylation sites of VP1.,short_caption_with_semantic_anchor,figure_caption,Figure S1: Screening of potential gly- cosylation sites of VP1.,true,/home/gmy/bio-agent-workspace/bge-service/reports/phase5d_caption_cleanup_audit/protected_short_captions.csv
doc_0236,p14_b0192,Figure S2: CD analy- sis of VP1 and its mutants.,short_caption_with_semantic_anchor,figure_caption,Figure S2: CD analy- sis of VP1 and its mutants.,true,/home/gmy/bio-agent-workspace/bge-service/reports/phase5d_caption_cleanup_audit/protected_short_captions.csv
doc_0236,p14_b0194,Table S5: N-glycan Information of G166T.,short_caption_with_semantic_anchor,table_caption,Table S5: N-glycan Information of G166T.,true,/home/gmy/bio-agent-workspace/bge-service/reports/phase5d_caption_cleanup_audit/protected_short_captions.csv
doc_0237,p2_b0019,Table S1. The plasmid cor rectness was verified by DNA sequencing.,short_caption_with_semantic_anchor,table_caption,Table S1. The plasmid cor rectness was verified by DNA sequencing.,true,/home/gmy/bio-agent-workspace/bge-service/reports/phase5d_caption_cleanup_audit/protected_short_captions.csv
doc_0237,p6_b0057,Fig. 2. Sequence features of signal peptides governing secretion capacity in Komagataella phaffii.,short_caption_with_semantic_anchor,figure_caption,Fig. 2. Sequence features of signal peptides governing secretion capacity in Komagataella phaffii.,true,/home/gmy/bio-agent-workspace/bge-service/reports/phase5d_caption_cleanup_audit/protected_short_captions.csv
doc_0237,p7_b0073,Fig. 3. Enhanced secretory production of β-galactosidase BgaD-D (91.,short_caption_with_semantic_anchor,figure_caption,Fig. 3. Enhanced secretory production of β-galactosidase BgaD-D (91.,true,/home/gmy/bio-agent-workspace/bge-service/reports/phase5d_caption_cleanup_audit/protected_short_captions.csv
doc_0238,p3_b0025,Fig 1. Outer cell wall mannan synthesis pathway in S.,short_caption_with_semantic_anchor,figure_caption,Fig 1. Outer cell wall mannan synthesis pathway in S.,true,/home/gmy/bio-agent-workspace/bge-service/reports/phase5d_caption_cleanup_audit/protected_short_captions.csv
doc_0238,p6_b0049,Table 1. X-ray crystal structure of apo S.,short_caption_with_semantic_anchor,table_caption,Table 1. X-ray crystal structure of apo S.,true,/home/gmy/bio-agent-workspace/bge-service/reports/phase5d_caption_cleanup_audit/protected_short_captions.csv
doc_0238,p8_b0077,Fig 3. Mapped sequence conservation across Och1 yeast and mold homologs.,short_caption_with_semantic_anchor,figure_caption,Fig 3. Mapped sequence conservation across Och1 yeast and mold homologs.,true,/home/gmy/bio-agent-workspace/bge-service/reports/phase5d_caption_cleanup_audit/protected_short_captions.csv
doc_0238,p9_b0082,Table 2. Summary of relevant Dali search results compared to Och1 structure.,short_caption_with_semantic_anchor,table_caption,Table 2. Summary of relevant Dali search results compared to Och1 structure.,true,/home/gmy/bio-agent-workspace/bge-service/reports/phase5d_caption_cleanup_audit/protected_short_captions.csv
doc_0240,p12_b0082,Table 2. Classical and atypical pathways.,short_caption_with_semantic_anchor,table_caption,Table 2. Classical and atypical pathways.,true,/home/gmy/bio-agent-workspace/bge-service/reports/phase5d_caption_cleanup_audit/protected_short_captions.csv
doc_0240,p8_b0051,Table 1. Characteristics of different transport pathways.,short_caption_with_semantic_anchor,table_caption,Table 1. Characteristics of different transport pathways.,true,/home/gmy/bio-agent-workspace/bge-service/reports/phase5d_caption_cleanup_audit/protected_short_captions.csv
doc_0240,p9_b0064,Figure 2. Schematic diagrams of different transport pathways.,short_caption_with_semantic_anchor,figure_caption,Figure 2. Schematic diagrams of different transport pathways.,true,/home/gmy/bio-agent-workspace/bge-service/reports/phase5d_caption_cleanup_audit/protected_short_captions.csv
doc_0241,p7_b0081,Fig. 3 (See legend on next page.),short_caption_with_semantic_anchor,figure_caption,Fig. 3 (See legend on next page.),true,/home/gmy/bio-agent-workspace/bge-service/reports/phase5d_caption_cleanup_audit/protected_short_captions.csv
doc_0243,p7_b0049,TABLE 1 Sorting signals of various ER-and Golgi-resident membrane proteins.,short_caption_with_semantic_anchor,table_caption,TABLE 1 Sorting signals of various ER-and Golgi-resident membrane proteins.,true,/home/gmy/bio-agent-workspace/bge-service/reports/phase5d_caption_cleanup_audit/protected_short_captions.csv
doc_0244,p12_b0156,Fig. 4. The secretion pathway of heterologous protein.,short_caption_with_semantic_anchor,figure_caption,Fig. 4. The secretion pathway of heterologous protein.,true,/home/gmy/bio-agent-workspace/bge-service/reports/phase5d_caption_cleanup_audit/protected_short_captions.csv
doc_0244,p13_b0161,Fig. 5. Yeast N-glycosylation process and glycosylation modification.,short_caption_with_semantic_anchor,figure_caption,Fig. 5. Yeast N-glycosylation process and glycosylation modification.,true,/home/gmy/bio-agent-workspace/bge-service/reports/phase5d_caption_cleanup_audit/protected_short_captions.csv
doc_0244,p5_b0085,Fig. 1. Surface display techniques are used for protein screening.,short_caption_with_semantic_anchor,figure_caption,Fig. 1. Surface display techniques are used for protein screening.,true,/home/gmy/bio-agent-workspace/bge-service/reports/phase5d_caption_cleanup_audit/protected_short_captions.csv
doc_0244,p8_b0103,Fig. 3. Yeast expression vectors.,short_caption_with_semantic_anchor,figure_caption,Fig. 3. Yeast expression vectors.,true,/home/gmy/bio-agent-workspace/bge-service/reports/phase5d_caption_cleanup_audit/protected_short_captions.csv
doc_0245,p3_b0098,Figure 1. Engineered 3-FL de novo synthesis pathway in E.,short_caption_with_semantic_anchor,figure_caption,Figure 1. Engineered 3-FL de novo synthesis pathway in E.,true,/home/gmy/bio-agent-workspace/bge-service/reports/phase5d_caption_cleanup_audit/protected_short_captions.csv
doc_0245,p5_b0131,Figure 3. Screening of gene integration loci.,short_caption_with_semantic_anchor,figure_caption,Figure 3. Screening of gene integration loci.,true,/home/gmy/bio-agent-workspace/bge-service/reports/phase5d_caption_cleanup_audit/protected_short_captions.csv
doc_0245,p7_b0152,Figure 6. Optimization of expression conditions in shake flasks.,short_caption_with_semantic_anchor,figure_caption,Figure 6. Optimization of expression conditions in shake flasks.,true,/home/gmy/bio-agent-workspace/bge-service/reports/phase5d_caption_cleanup_audit/protected_short_captions.csv
doc_0245,p8_b0166,Figure 7. Fermentation of strain 3FL05−1 in a 5 L bioreactor.,short_caption_with_semantic_anchor,figure_caption,Figure 7. Fermentation of strain 3FL05−1 in a 5 L bioreactor.,true,/home/gmy/bio-agent-workspace/bge-service/reports/phase5d_caption_cleanup_audit/protected_short_captions.csv
doc_0246,p3_b0036,Figure 1. Schematic diagram of hot spot prediction and preliminary screening.,short_caption_with_semantic_anchor,figure_caption,Figure 1. Schematic diagram of hot spot prediction and preliminary screening.,true,/home/gmy/bio-agent-workspace/bge-service/reports/phase5d_caption_cleanup_audit/protected_short_captions.csv
doc_0246,p5_b0051,Figure 3. Determination of the enzymatic properties of M32-H10 and single-point mutants.,short_caption_with_semantic_anchor,figure_caption,Figure 3. Determination of the enzymatic properties of M32-H10 and single-point mutants.,true,/home/gmy/bio-agent-workspace/bge-service/reports/phase5d_caption_cleanup_audit/protected_short_captions.csv
doc_0246,p9_b0086,Figure 7. Three-dimensional structure prediction and molecular docking of M32-H10.,short_caption_with_semantic_anchor,figure_caption,Figure 7. Three-dimensional structure prediction and molecular docking of M32-H10.,true,/home/gmy/bio-agent-workspace/bge-service/reports/phase5d_caption_cleanup_audit/protected_short_captions.csv
doc_0248,p4_b0019,Figure 2. Characterization of iPopQC systems for coupling growth and synthesis.,short_caption_with_semantic_anchor,figure_caption,Figure 2. Characterization of iPopQC systems for coupling growth and synthesis.,true,/home/gmy/bio-agent-workspace/bge-service/reports/phase5d_caption_cleanup_audit/protected_short_captions.csv
doc_0248,p8_b0043,Figure 5. Improved production robustness by iPopQC.,short_caption_with_semantic_anchor,figure_caption,Figure 5. Improved production robustness by iPopQC.,true,/home/gmy/bio-agent-workspace/bge-service/reports/phase5d_caption_cleanup_audit/protected_short_captions.csv
doc_0249,p2_b0024,Fig. 1. Schematic presentation of NeuAc synthesis pathway in engineered E.,short_caption_with_semantic_anchor,figure_caption,Fig. 1. Schematic presentation of NeuAc synthesis pathway in engineered E.,true,/home/gmy/bio-agent-workspace/bge-service/reports/phase5d_caption_cleanup_audit/protected_short_captions.csv
doc_0249,p3_b0040,Supplementary Fig. 2. Design strategy of the NeuAc biosensor.,short_caption_with_semantic_anchor,figure_caption,Supplementary Fig. 2. Design strategy of the NeuAc biosensor.,true,/home/gmy/bio-agent-workspace/bge-service/reports/phase5d_caption_cleanup_audit/protected_short_captions.csv
doc_0249,p5_b0052,Table 1 Distinction of the designed degenerate RBSs between library1 and 2.,short_caption_with_semantic_anchor,table_caption,Table 1 Distinction of the designed degenerate RBSs between library1 and 2.,true,/home/gmy/bio-agent-workspace/bge-service/reports/phase5d_caption_cleanup_audit/protected_short_captions.csv
doc_0249,p5_b0055,Table 2 Strains Biomass (g CDW/L),short_caption_with_semantic_anchor,table_caption,Table 2 Strains Biomass (g CDW/L),true,/home/gmy/bio-agent-workspace/bge-service/reports/phase5d_caption_cleanup_audit/protected_short_captions.csv
doc_0249,p6_b0069,Table 3 Characterization of NeuB mutants.,short_caption_with_semantic_anchor,table_caption,Table 3 Characterization of NeuB mutants.,true,/home/gmy/bio-agent-workspace/bge-service/reports/phase5d_caption_cleanup_audit/protected_short_captions.csv
doc_0251,p2_b0023,Figure 1. Engineered pathway for 3′-SL biosynthesis in E.,short_caption_with_semantic_anchor,figure_caption,Figure 1. Engineered pathway for 3′-SL biosynthesis in E.,true,/home/gmy/bio-agent-workspace/bge-service/reports/phase5d_caption_cleanup_audit/protected_short_captions.csv
doc_0251,p4_b0033,"Table 1. continued strains/plasmids characteristics Plasmids pETDuet-1 AmpR, two T7 promoters, two MCS, pBR332 ori pRSFDuet-1 KanR, two T7 promoters, two MCS, RSF ori pCDFDuet-1 StrR, two T7 promoters, two MCS, CDF ori pACYCDuet-1 CmrR, two T7 promoters, two MCS, p15A ori pCOLADuet-1 KanR, two T7 promoters, two MCS, ColA ori pCas RepA101(Ts), KanR, Pcas-cas9, ParaB-Red, lacIq Ptrc-sgRNA-pMB1 pTargetF SpeR, sgRNA plasmid, pMB1 ori pET-BCA pETDuet-1 ligated with neuBCA pRS-BCA pRSFDuet-1 ligated with neuBCA pCD-BCA pCDFDuet-1 ligated with neuBCA pAC-BCA pACYCDuet-1 ligated with neuBCA pCO-BCA pCOLADuet-1 ligated with neuBCA pET-BCAA pETDuet-1 ligated with neuBCA and glnA pRS-LY pRSFDuet-1 ligated with lst and lacY pRS-PY pRSFDuet-1 ligated with pm0188 and lacY pRS-P*Y pRSFDuet-1 ligated with pm0188* and lacY pRS-WY pRSFDuet-1 ligated with WQG and lacY pRS-NY pRSFDuet-1 ligated with Nst and lacY pRS-VY pRSFDuet-1 ligated with vs16 and lacY pET-P*Y pETDuet-1 ligated with pm0188* and lacY pCD-P*Y pCDFDuet-1 ligated with pm0188* and lacY pAC-P*Y pACYCDuet-1 ligated with pm0188* and lacY pCO-P*Y pCOLADuet-1 ligated with pm0188* and lacY pCD-glmS pCDFDuet-1 ligated with glmS pCD-glmM pCDFDuet-1 ligated with glmM pCD-glmU pCDFDuet-1 ligated with glmU pCD-SM pCDFDuet-1 ligated with glmSM pCD-SU pCDFDuet-1 ligated with glmSU pCD-MU pCDFDuet-1 ligated with glmMU pCD-SMU pCDFDuet-1 ligated with glmSMU pRS (BBa_B0030)-P*Y pRSFDuet-1 with RBS (BBa_B0030) ligated with pm0188* and lacY pRS (BBa_B0031)-P*Y pRSFDuet-1 with RBS (BBa_B0031) ligated with pm0188* and lacY pRS (BBa_B0032)-P*Y pRSFDuet-1 with RBS (BBa_B0032) ligated with pm0188* and lacY pRS (BBa_B0033)-P*Y pRSFDuet-1 with RBS (BBa_B0033) ligated with pm0188* and lacY pRS (BBa_B0034)-P*Y pRSFDuet-1 with RBS (BBa_B0034) ligated with pm0188* and lacY pRS (BBa_J01010)-P*Y pRSFDuet-1 with RBS (BBa_J01010) ligated with pm0188* and lacY pRS (BBa_J01080)-P*Y pRSFDuet-1 with RBS (BBa_J01080) ligated with pm0188* and lacY pRS (BBa_J01080)-MBP-P*Y pRS (BBa_J01080)-P*Y containing pm0188* with MBP fused at its N-terminus pRS (BBa_J01080)-DsbA-P*Y pRS (BBa_J01080)-P*Y containing pm0188* with DsbA fused at its N-terminus pRS (BBa_J01080)-TrxA-P*Y pRS (BBa_J01080)-P*Y containing pm0188* with TrxA fused at its N-terminus pRS (BBa_J01080)-SUMO-P*Y pRS (BBa_J01080)-P*Y containing pm0188* with SUMO fused at its N-terminus pRS (BBa_J01080)-InfB-P*Y pRS (BBa_J01080)-P*Y containing pm0188* with InfB fused at its N-terminus pRS (BBa_J01080)-pelB-P*Y pRS (BBa_J01080)-P*Y containing pm0188* with pelB fused at its N-terminus",approved_eval_target_chunk,table_caption,"Table 1. continued strains/plasmids characteristics Plasmids pETDuet-1 AmpR, two T7 promoters, two MCS, pBR332 ori pRSFDuet-1 KanR, two T7 promoters, two MCS, RSF ori pCDFDuet-1 StrR, two T7 promoters, two MCS, CDF ori pACYCDuet-1 CmrR, two T7 promoters, two MCS, p15A ori pCOLADuet-1 KanR, two T7 promoters, two MCS, ColA ori pCas RepA101(Ts), KanR, Pcas-cas9, ParaB-Red, lacIq Ptrc-sgRNA-pMB1 pTargetF SpeR, sgRNA plasmid, pMB1 ori pET-BCA pETDuet-1 ligated with neuBCA pRS-BCA pRSFDuet-1 ligated with neuBCA pCD-BCA pCDFDuet-1 ligated with neuBCA pAC-BCA pACYCDuet-1 ligated with neuBCA pCO-BCA pCOLADuet-1 ligated with neuBCA pET-BCAA pETDuet-1 ligated with neuBCA and glnA pRS-LY pRSFDuet-1 ligated with lst and lacY pRS-PY pRSFDuet-1 ligated with pm0188 and lacY pRS-P*Y pRSFDuet-1 ligated with pm0188* and lacY pRS-WY pRSFDuet-1 ligated with WQG and lacY pRS-NY pRSFDuet-1 ligated with Nst and lacY pRS-VY pRSFDuet-1 ligated with vs16 and lacY pET-P*Y pETDuet-1 ligated with pm0188* and lacY pCD-P*Y pCDFDuet-1 ligated with pm0188* and lacY pAC-P*Y pACYCDuet-1 ligated with pm0188* and lacY pCO-P*Y pCOLADuet-1 ligated with pm0188* and lacY pCD-glmS pCDFDuet-1 ligated with glmS pCD-glmM pCDFDuet-1 ligated with glmM pCD-glmU pCDFDuet-1 ligated with glmU pCD-SM pCDFDuet-1 ligated with glmSM pCD-SU pCDFDuet-1 ligated with glmSU pCD-MU pCDFDuet-1 ligated with glmMU pCD-SMU pCDFDuet-1 ligated with glmSMU pRS (BBa_B0030)-P*Y pRSFDuet-1 with RBS (BBa_B0030) ligated with pm0188* and lacY pRS (BBa_B0031)-P*Y pRSFDuet-1 with RBS (BBa_B0031) ligated with pm0188* and lacY pRS (BBa_B0032)-P*Y pRSFDuet-1 with RBS (BBa_B0032) ligated with pm0188* and lacY pRS (BBa_B0033)-P*Y pRSFDuet-1 with RBS (BBa_B0033) ligated with pm0188* and lacY pRS (BBa_B0034)-P*Y pRSFDuet-1 with RBS (BBa_B0034) ligated with pm0188* and lacY pRS (BBa_J01010)-P*Y pRSFDuet-1 with RBS (BBa_J01010) ligated with pm0188* and lacY pRS (BBa_J01080)-P*Y pRSFDuet-1 with RBS (BBa_J01080) ligated with pm0188* and lacY pRS (BBa_J01080)-MBP-P*Y pRS (BBa_J01080)-P*Y containing pm0188* with MBP fused at its N-terminus pRS (BBa_J01080)-DsbA-P*Y pRS (BBa_J01080)-P*Y containing pm0188* with DsbA fused at its N-terminus pRS (BBa_J01080)-TrxA-P*Y pRS (BBa_J01080)-P*Y containing pm0188* with TrxA fused at its N-terminus pRS (BBa_J01080)-SUMO-P*Y pRS (BBa_J01080)-P*Y containing pm0188* with SUMO fused at its N-terminus pRS (BBa_J01080)-InfB-P*Y pRS (BBa_J01080)-P*Y containing pm0188* with InfB fused at its N-terminus pRS (BBa_J01080)-pelB-P*Y pRS (BBa_J01080)-P*Y containing pm0188* with pelB fused at its N-terminus",true,/home/gmy/bio-agent-workspace/bge-service/reports/phase5d_caption_cleanup_audit/protected_short_captions.csv
doc_0251,p5_b0043,"Figure 2. Effect of α2,3-SiaT expression from different sources on 3′-SL yield.",short_caption_with_semantic_anchor,figure_caption,"Figure 2. Effect of α2,3-SiaT expression from different sources on 3′-SL yield.",true,/home/gmy/bio-agent-workspace/bge-service/reports/phase5d_caption_cleanup_audit/protected_short_captions.csv
doc_0251,p6_b0050,Figure 3. Optimization of plasmid combinations for 3′-SL production.,short_caption_with_semantic_anchor,figure_caption,Figure 3. Optimization of plasmid combinations for 3′-SL production.,true,/home/gmy/bio-agent-workspace/bge-service/reports/phase5d_caption_cleanup_audit/protected_short_captions.csv
doc_0251,p7_b0063,Figure 4. Effect of critical enzyme expression in the precursor pools on 3′-SL.,short_caption_with_semantic_anchor,figure_caption,Figure 4. Effect of critical enzyme expression in the precursor pools on 3′-SL.,true,/home/gmy/bio-agent-workspace/bge-service/reports/phase5d_caption_cleanup_audit/protected_short_captions.csv
doc_0251,p8_b0070,Figure 5. Inactivating the competitive genes in the 3′-SL metabolic pathway.,short_caption_with_semantic_anchor,figure_caption,Figure 5. Inactivating the competitive genes in the 3′-SL metabolic pathway.,true,/home/gmy/bio-agent-workspace/bge-service/reports/phase5d_caption_cleanup_audit/protected_short_captions.csv
doc_0254,p1_b0014,Table S1. See DOI: https://doi.,short_caption_with_semantic_anchor,table_caption,Table S1. See DOI: https://doi.,true,/home/gmy/bio-agent-workspace/bge-service/reports/phase5d_caption_cleanup_audit/protected_short_captions.csv
doc_0255,p4_b0033,FIGURE 2 | Experimental workflow of fecal microbiota transplantation (FMT).,short_caption_with_semantic_anchor,figure_caption,FIGURE 2 | Experimental workflow of fecal microbiota transplantation (FMT).,true,/home/gmy/bio-agent-workspace/bge-service/reports/phase5d_caption_cleanup_audit/protected_short_captions.csv
doc_0258,p3_b0060,"Table 1. Data were calculated according to the 2−ΔΔCt method (Livak & Schmittgen, 2001).",short_caption_with_semantic_anchor,table_caption,"Table 1. Data were calculated according to the 2−ΔΔCt method (Livak & Schmittgen, 2001).",true,/home/gmy/bio-agent-workspace/bge-service/reports/phase5d_caption_cleanup_audit/protected_short_captions.csv
doc_0259,p5_b0042,"Fig. 4. 2′-FL inhibits the infiltration of Th17 cells and pro-inflammatory cytokines into the skin lesions in the IMQ-induced mice model of psoriasis. (A) Single-cell suspensions of lymph nodes and spleens from IMQ-treated mice were stained with anti-CD4 and anti-IL-17A antibody, then subjected to FACS analysis. The per- centages of CD4+IL-17A+ cells were calculated. *p < 0.05, **p < 0.01. (B) Total relative mRNA expression levels of TNF-α, IL-6, IL-1α, and IL-1β were measured by quantitative RTPCR and expressed as a ratio to GAPDH. *p < 0.05, **p < 0.01. (C) Blood was collected on the last day of the experiment. Serum levels of TNF- α and IL-6 were measured by ELISA. *p < 0.05, **p < 0.01.",approved_eval_target_chunk,figure_caption,"Fig. 4. 2′-FL inhibits the infiltration of Th17 cells and pro-inflammatory cytokines into the skin lesions in the IMQ-induced mice model of psoriasis. (A) Single-cell suspensions of lymph nodes and spleens from IMQ-treated mice were stained with anti-CD4 and anti-IL-17A antibody, then subjected to FACS analysis. The per- centages of CD4+IL-17A+ cells were calculated. *p < 0.05, **p < 0.01. (B) Total relative mRNA expression levels of TNF-α, IL-6, IL-1α, and IL-1β were measured by quantitative RTPCR and expressed as a ratio to GAPDH. *p < 0.05, **p < 0.01. (C) Blood was collected on the last day of the experiment. Serum levels of TNF- α and IL-6 were measured by ELISA. *p < 0.05, **p < 0.01.",true,/home/gmy/bio-agent-workspace/bge-service/reports/phase5d_caption_cleanup_audit/protected_short_captions.csv
doc_0260,p8_b0064,TABLE 2 Relativeabundancesof microbiomepathwaysinrectalcontentsthat weresignificantly impactedbythe interaction between20-FLandBi-26.,short_caption_with_semantic_anchor,table_caption,TABLE 2 Relativeabundancesof microbiomepathwaysinrectalcontentsthat weresignificantly impactedbythe interaction between20-FLandBi-26.,true,/home/gmy/bio-agent-workspace/bge-service/reports/phase5d_caption_cleanup_audit/protected_short_captions.csv
doc_0261,p2_b0017,Figure 1. Genus level relative abundance of bacteria in each inoculum.,short_caption_with_semantic_anchor,figure_caption,Figure 1. Genus level relative abundance of bacteria in each inoculum.,true,/home/gmy/bio-agent-workspace/bge-service/reports/phase5d_caption_cleanup_audit/protected_short_captions.csv
doc_0261,p4_b0041,Supplementary Fig. S3. The number of total bacteria (p < 0.,short_caption_with_semantic_anchor,figure_caption,Supplementary Fig. S3. The number of total bacteria (p < 0.,true,/home/gmy/bio-agent-workspace/bge-service/reports/phase5d_caption_cleanup_audit/protected_short_captions.csv
doc_0261,p6_b0054,Supplementary Fig. S5c). No other significant values were observed.,short_caption_with_semantic_anchor,figure_caption,Supplementary Fig. S5c). No other significant values were observed.,true,/home/gmy/bio-agent-workspace/bge-service/reports/phase5d_caption_cleanup_audit/protected_short_captions.csv
doc_0261,p6_b0079,Table 3. Phylum and genus-level microbiota changes with all the vessels combined between breast-fed and formula-fed infants regardless of treatment or 2′-fucosyllactose (2′-FL) fermentation velocities.,approved_eval_target_chunk,table_caption,Table 3. Phylum and genus-level microbiota changes with all the vessels combined between breast-fed and formula-fed infants regardless of treatment or 2′-fucosyllactose (2′-FL) fermentation velocities.,true,/home/gmy/bio-agent-workspace/bge-service/reports/phase5d_caption_cleanup_audit/protected_short_captions.csv
doc_0262,p3_b0027,Fig. 2. Physiological roles of Neu5Ac.,short_caption_with_semantic_anchor,figure_caption,Fig. 2. Physiological roles of Neu5Ac.,true,/home/gmy/bio-agent-workspace/bge-service/reports/phase5d_caption_cleanup_audit/protected_short_captions.csv
doc_0262,p5_b0045,Fig. 3. Two approaches for enzymatic production of Neu5Ac.,short_caption_with_semantic_anchor,figure_caption,Fig. 3. Two approaches for enzymatic production of Neu5Ac.,true,/home/gmy/bio-agent-workspace/bge-service/reports/phase5d_caption_cleanup_audit/protected_short_captions.csv
doc_0267,p3_b0033,Fig. 1. Biosynthesis of 3′-SL from glycerol and lactose.,short_caption_with_semantic_anchor,figure_caption,Fig. 1. Biosynthesis of 3′-SL from glycerol and lactose.,true,/home/gmy/bio-agent-workspace/bge-service/reports/phase5d_caption_cleanup_audit/protected_short_captions.csv
doc_0267,p4_b0045,Fig. 2. Comparison of various engineered E.,short_caption_with_semantic_anchor,figure_caption,Fig. 2. Comparison of various engineered E.,true,/home/gmy/bio-agent-workspace/bge-service/reports/phase5d_caption_cleanup_audit/protected_short_captions.csv
doc_0267,p5_b0050,Fig. 3. Comparison of 3′-SL biosynthesis by the engineered E.,short_caption_with_semantic_anchor,figure_caption,Fig. 3. Comparison of 3′-SL biosynthesis by the engineered E.,true,/home/gmy/bio-agent-workspace/bge-service/reports/phase5d_caption_cleanup_audit/protected_short_captions.csv
doc_0268,p3_b0041,Table 1. The enzyme was purified 19.,short_caption_with_semantic_anchor,table_caption,Table 1. The enzyme was purified 19.,true,/home/gmy/bio-agent-workspace/bge-service/reports/phase5d_caption_cleanup_audit/protected_short_captions.csv
doc_0269,p7_b0053,Figure 5. The role of 3′-sialyllactose (3′-SL) in T cell activation.,short_caption_with_semantic_anchor,figure_caption,Figure 5. The role of 3′-sialyllactose (3′-SL) in T cell activation.,true,/home/gmy/bio-agent-workspace/bge-service/reports/phase5d_caption_cleanup_audit/protected_short_captions.csv
doc_0269,p9_b0058,Figure 7. Quantitative analysis of Bifidobacterium after oral administration of 3′-sialyllactose (3′-SL).,short_caption_with_semantic_anchor,figure_caption,Figure 7. Quantitative analysis of Bifidobacterium after oral administration of 3′-sialyllactose (3′-SL).,true,/home/gmy/bio-agent-workspace/bge-service/reports/phase5d_caption_cleanup_audit/protected_short_captions.csv
doc_0272,p4_b0045,FIG. 1. Detailed comparative map of the csc-dsd regions of the E.,short_caption_with_semantic_anchor,figure_caption,FIG. 1. Detailed comparative map of the csc-dsd regions of the E.,true,/home/gmy/bio-agent-workspace/bge-service/reports/phase5d_caption_cleanup_audit/protected_short_captions.csv
doc_0272,p7_b0066,FIG. 3. Sucrose transport by JM109 harboring cscB expression plasmids.,short_caption_with_semantic_anchor,figure_caption,FIG. 3. Sucrose transport by JM109 harboring cscB expression plasmids.,true,/home/gmy/bio-agent-workspace/bge-service/reports/phase5d_caption_cleanup_audit/protected_short_captions.csv
doc_0273,p2_b0023,Figure 1. Metabolic pathway for the biosynthesis of 3′-SL in engineered E.,short_caption_with_semantic_anchor,figure_caption,Figure 1. Metabolic pathway for the biosynthesis of 3′-SL in engineered E.,true,/home/gmy/bio-agent-workspace/bge-service/reports/phase5d_caption_cleanup_audit/protected_short_captions.csv
doc_0273,p4_b0038,Table 1. The highest extracellular 3′-SL concentration (1.,short_caption_with_semantic_anchor,table_caption,Table 1. The highest extracellular 3′-SL concentration (1.,true,/home/gmy/bio-agent-workspace/bge-service/reports/phase5d_caption_cleanup_audit/protected_short_captions.csv
doc_0273,p4_b0043,Table 1. Comparison of 3′-SL Production by Shake-Flask Cultivations Reported in This Study and by High-Cell-Density Cultivations Reported by Fierfort et al.16 strains (disrupted genes) total 3′-SL concentration (g/L) this study Fierfort’s study this study Fierfort’s study EZ1 (ΔlacZ),approved_eval_target_chunk,table_caption,Table 1. Comparison of 3′-SL Production by Shake-Flask Cultivations Reported in This Study and by High-Cell-Density Cultivations Reported by Fierfort et al.16 strains (disrupted genes) total 3′-SL concentration (g/L) this study Fierfort’s study this study Fierfort’s study EZ1 (ΔlacZ),true,/home/gmy/bio-agent-workspace/bge-service/reports/phase5d_caption_cleanup_audit/protected_short_captions.csv
doc_0275,p4_b0044,Figure 2. Scheme of the overall reactions for hybrid EMP.,short_caption_with_semantic_anchor,figure_caption,Figure 2. Scheme of the overall reactions for hybrid EMP.,true,/home/gmy/bio-agent-workspace/bge-service/reports/phase5d_caption_cleanup_audit/protected_short_captions.csv
doc_0275,p5_b0054,Figure 3. Growth and glucose consumption in engineered C.,short_caption_with_semantic_anchor,figure_caption,Figure 3. Growth and glucose consumption in engineered C.,true,/home/gmy/bio-agent-workspace/bge-service/reports/phase5d_caption_cleanup_audit/protected_short_captions.csv
doc_0275,p6_b0058,Figure 4. Metabolic fate of acetyl phosphate generated from hybrid EMP in C.,short_caption_with_semantic_anchor,figure_caption,Figure 4. Metabolic fate of acetyl phosphate generated from hybrid EMP in C.,true,/home/gmy/bio-agent-workspace/bge-service/reports/phase5d_caption_cleanup_audit/protected_short_captions.csv
doc_0276,p2_b0024,Fig. 1. Sequence alignment of GT-42 members from C.,short_caption_with_semantic_anchor,figure_caption,Fig. 1. Sequence alignment of GT-42 members from C.,true,/home/gmy/bio-agent-workspace/bge-service/reports/phase5d_caption_cleanup_audit/protected_short_captions.csv
doc_0276,p4_b0036,Fig. 3. Effect of Mg+2 and Mn+2 on the activity of HAC1267 and HAC1268.,short_caption_with_semantic_anchor,figure_caption,Fig. 3. Effect of Mg+2 and Mn+2 on the activity of HAC1267 and HAC1268.,true,/home/gmy/bio-agent-workspace/bge-service/reports/phase5d_caption_cleanup_audit/protected_short_captions.csv
doc_0281,p4_b0030,TABLE 1 | Applications of extremophiles and extremozymes in industry.,short_caption_with_semantic_anchor,table_caption,TABLE 1 | Applications of extremophiles and extremozymes in industry.,true,/home/gmy/bio-agent-workspace/bge-service/reports/phase5d_caption_cleanup_audit/protected_short_captions.csv
doc_0281,p7_b0063,FIGURE 2 | Application of extremozymes in bioenergy and biochemicals production.,short_caption_with_semantic_anchor,figure_caption,FIGURE 2 | Application of extremozymes in bioenergy and biochemicals production.,true,/home/gmy/bio-agent-workspace/bge-service/reports/phase5d_caption_cleanup_audit/protected_short_captions.csv
doc_0282,p3_b0045,Table 1. Primers used in this study.,short_caption_with_semantic_anchor,table_caption,Table 1. Primers used in this study.,true,/home/gmy/bio-agent-workspace/bge-service/reports/phase5d_caption_cleanup_audit/protected_short_captions.csv
doc_0284,p7_b0106,Fig. 1. Effect of pH on N-acetylglucosaminyltransferase activity.,short_caption_with_semantic_anchor,figure_caption,Fig. 1. Effect of pH on N-acetylglucosaminyltransferase activity.,true,/home/gmy/bio-agent-workspace/bge-service/reports/phase5d_caption_cleanup_audit/protected_short_captions.csv
doc_0284,p7_b0108,Fig. 2. Metal ion requirements of A’-acetylglucosaminyltransferase.,short_caption_with_semantic_anchor,figure_caption,Fig. 2. Metal ion requirements of A’-acetylglucosaminyltransferase.,true,/home/gmy/bio-agent-workspace/bge-service/reports/phase5d_caption_cleanup_audit/protected_short_captions.csv
doc_0285,p6_b0073,Figure 6. Enzymatic conversion of lactose into LNT and LNnT.,short_caption_with_semantic_anchor,figure_caption,Figure 6. Enzymatic conversion of lactose into LNT and LNnT.,true,/home/gmy/bio-agent-workspace/bge-service/reports/phase5d_caption_cleanup_audit/protected_short_captions.csv
doc_0286,p4_b0082,FIG. 1. Silver-stained deoxycholate-PAGE of LPS (0.,short_caption_with_semantic_anchor,figure_caption,FIG. 1. Silver-stained deoxycholate-PAGE of LPS (0.,true,/home/gmy/bio-agent-workspace/bge-service/reports/phase5d_caption_cleanup_audit/protected_short_captions.csv
doc_0286,p5_b0096,FIG. 3. Structure of the lacto-N-neotetraose epitope in N. men-,short_caption_with_semantic_anchor,figure_caption,FIG. 3. Structure of the lacto-N-neotetraose epitope in N. men-,true,/home/gmy/bio-agent-workspace/bge-service/reports/phase5d_caption_cleanup_audit/protected_short_captions.csv
doc_0286,p6_b0111,Fig. 5. Three major peaks were observed in the reaction mixture from MC58.,short_caption_with_semantic_anchor,figure_caption,Fig. 5. Three major peaks were observed in the reaction mixture from MC58.,true,/home/gmy/bio-agent-workspace/bge-service/reports/phase5d_caption_cleanup_audit/protected_short_captions.csv
doc_0287,p2_b0044,Figure 1. Acid resistance mechanisms in Gram-negative enteric bacteria.,short_caption_with_semantic_anchor,figure_caption,Figure 1. Acid resistance mechanisms in Gram-negative enteric bacteria.,true,/home/gmy/bio-agent-workspace/bge-service/reports/phase5d_caption_cleanup_audit/protected_short_captions.csv
doc_0287,p4_b0086,Figure 2. Model for HdeA function during and after acid stress.,short_caption_with_semantic_anchor,figure_caption,Figure 2. Model for HdeA function during and after acid stress.,true,/home/gmy/bio-agent-workspace/bge-service/reports/phase5d_caption_cleanup_audit/protected_short_captions.csv
doc_0288,p2_b0020,Table 1. Kinetic Constants for Cvβ3GalT and EcWbgO enzyme substrate kcat (min−1),short_caption_with_semantic_anchor,table_caption,Table 1. Kinetic Constants for Cvβ3GalT and EcWbgO enzyme substrate kcat (min−1),true,/home/gmy/bio-agent-workspace/bge-service/reports/phase5d_caption_cleanup_audit/protected_short_captions.csv
doc_0291,p15_b0047,Table 1-1 Lipid content and fatty acid composition of some microbials (%) 碳源 油脂含量 脂肪酸(W/W 总脂肪酸),short_caption_with_semantic_anchor,table_caption,Table 1-1 Lipid content and fatty acid composition of some microbials (%) 碳源 油脂含量 脂肪酸(W/W 总脂肪酸),true,/home/gmy/bio-agent-workspace/bge-service/reports/phase5d_caption_cleanup_audit/protected_short_captions.csv
doc_0293,p10_b0115,Figure 7. Sequence and structural comparison between HdeA and HdeB.,short_caption_with_semantic_anchor,figure_caption,Figure 7. Sequence and structural comparison between HdeA and HdeB.,true,/home/gmy/bio-agent-workspace/bge-service/reports/phase5d_caption_cleanup_audit/protected_short_captions.csv
doc_0293,p3_b0047,Figure 1. Structural characterization of HdeA in the activated state.,short_caption_with_semantic_anchor,figure_caption,Figure 1. Structural characterization of HdeA in the activated state.,true,/home/gmy/bio-agent-workspace/bge-service/reports/phase5d_caption_cleanup_audit/protected_short_captions.csv
doc_0293,p4_b0056,Figure 2. HdeA–client interactions probed by 19F NMR.,short_caption_with_semantic_anchor,figure_caption,Figure 2. HdeA–client interactions probed by 19F NMR.,true,/home/gmy/bio-agent-workspace/bge-service/reports/phase5d_caption_cleanup_audit/protected_short_captions.csv
doc_0293,p7_b0077,Figure 5. Acid-sensitive structural hot spots identified by CEST NMR.,short_caption_with_semantic_anchor,figure_caption,Figure 5. Acid-sensitive structural hot spots identified by CEST NMR.,true,/home/gmy/bio-agent-workspace/bge-service/reports/phase5d_caption_cleanup_audit/protected_short_captions.csv
doc_0293,p9_b0106,Figure 6. Summary of acid-induced activation mechanism of HdeA.,short_caption_with_semantic_anchor,figure_caption,Figure 6. Summary of acid-induced activation mechanism of HdeA.,true,/home/gmy/bio-agent-workspace/bge-service/reports/phase5d_caption_cleanup_audit/protected_short_captions.csv
doc_0294,p4_b0034,Figure 2: the N-terminal residues of HdeA are more protected at pH 2.,short_caption_with_semantic_anchor,figure_caption,Figure 2: the N-terminal residues of HdeA are more protected at pH 2.,true,/home/gmy/bio-agent-workspace/bge-service/reports/phase5d_caption_cleanup_audit/protected_short_captions.csv
doc_0296,p3_b0068,Table 2. Oligonucleotide primers used in this study.,short_caption_with_semantic_anchor,table_caption,Table 2. Oligonucleotide primers used in this study.,true,/home/gmy/bio-agent-workspace/bge-service/reports/phase5d_caption_cleanup_audit/protected_short_captions.csv
doc_0298,p6_b0051,Fig. 4. The effect of knocking out nagB gene on the synthesis of CHOS.,short_caption_with_semantic_anchor,figure_caption,Fig. 4. The effect of knocking out nagB gene on the synthesis of CHOS.,true,/home/gmy/bio-agent-workspace/bge-service/reports/phase5d_caption_cleanup_audit/protected_short_captions.csv
doc_0299,p10_b0111,Figure 7. Production of 3′-SL in a 5-L bioreactor.,short_caption_with_semantic_anchor,figure_caption,Figure 7. Production of 3′-SL in a 5-L bioreactor.,true,/home/gmy/bio-agent-workspace/bge-service/reports/phase5d_caption_cleanup_audit/protected_short_captions.csv
doc_0299,p7_b0082,Figure 5. Fine-tuning the metabolic intensity of key pathways.,short_caption_with_semantic_anchor,figure_caption,Figure 5. Fine-tuning the metabolic intensity of key pathways.,true,/home/gmy/bio-agent-workspace/bge-service/reports/phase5d_caption_cleanup_audit/protected_short_captions.csv
doc_0302,p4_b0051,Figure 1. Effect of 6′-SL on physical characteristics.,short_caption_with_semantic_anchor,figure_caption,Figure 1. Effect of 6′-SL on physical characteristics.,true,/home/gmy/bio-agent-workspace/bge-service/reports/phase5d_caption_cleanup_audit/protected_short_captions.csv
doc_0304,p3_b0030,Fig. 1 An overview of biomass degradation,short_caption_with_semantic_anchor,figure_caption,Fig. 1 An overview of biomass degradation,true,/home/gmy/bio-agent-workspace/bge-service/reports/phase5d_caption_cleanup_audit/protected_short_captions.csv
doc_0305,p4_b0039,Fig. 1. Two functional forms of the glycolysis flux biosensor based on Cra.,short_caption_with_semantic_anchor,figure_caption,Fig. 1. Two functional forms of the glycolysis flux biosensor based on Cra.,true,/home/gmy/bio-agent-workspace/bge-service/reports/phase5d_caption_cleanup_audit/protected_short_captions.csv
doc_0305,p5_b0043,Fig. 2. Engineering workflow for positive-response construction and tuning.,short_caption_with_semantic_anchor,figure_caption,Fig. 2. Engineering workflow for positive-response construction and tuning.,true,/home/gmy/bio-agent-workspace/bge-service/reports/phase5d_caption_cleanup_audit/protected_short_captions.csv
doc_0305,p8_b0061,Fig. 6. Application of the flux biosensor in GlcNAc biosynthesis for improved production.,short_caption_with_semantic_anchor,figure_caption,Fig. 6. Application of the flux biosensor in GlcNAc biosynthesis for improved production.,true,/home/gmy/bio-agent-workspace/bge-service/reports/phase5d_caption_cleanup_audit/protected_short_captions.csv
doc_0306,p2_b0045,Fig. 2. Effect of pH on the activity of recombinant LgtA (GlcNAcT).,short_caption_with_semantic_anchor,figure_caption,Fig. 2. Effect of pH on the activity of recombinant LgtA (GlcNAcT).,true,/home/gmy/bio-agent-workspace/bge-service/reports/phase5d_caption_cleanup_audit/protected_short_captions.csv
doc_0307,p2_b0016,Fig. 1. Metabolic pathway of GlcNAc synthesis in C.,short_caption_with_semantic_anchor,figure_caption,Fig. 1. Metabolic pathway of GlcNAc synthesis in C.,true,/home/gmy/bio-agent-workspace/bge-service/reports/phase5d_caption_cleanup_audit/protected_short_captions.csv
doc_0307,p5_b0046,Fig. 3. Improving the GlcNAc transport system for enhanced GlcNAc production in C.,short_caption_with_semantic_anchor,figure_caption,Fig. 3. Improving the GlcNAc transport system for enhanced GlcNAc production in C.,true,/home/gmy/bio-agent-workspace/bge-service/reports/phase5d_caption_cleanup_audit/protected_short_captions.csv
doc_0308,p3_b0033,Figure 3. Effect of glucose on the transport of sucrose by CscB.,short_caption_with_semantic_anchor,figure_caption,Figure 3. Effect of glucose on the transport of sucrose by CscB.,true,/home/gmy/bio-agent-workspace/bge-service/reports/phase5d_caption_cleanup_audit/protected_short_captions.csv
doc_0308,p4_b0042,Figure 5. Lactulose transport activity of CscB.,short_caption_with_semantic_anchor,figure_caption,Figure 5. Lactulose transport activity of CscB.,true,/home/gmy/bio-agent-workspace/bge-service/reports/phase5d_caption_cleanup_audit/protected_short_captions.csv
doc_0309,p3_b0043,FIG. 1. The GNB/LNB pathway and related enzymes.,short_caption_with_semantic_anchor,figure_caption,FIG. 1. The GNB/LNB pathway and related enzymes.,true,/home/gmy/bio-agent-workspace/bge-service/reports/phase5d_caption_cleanup_audit/protected_short_captions.csv
doc_0309,p7_b0071,FIG. 4. Hydrolysis of lacto-N-tetraose into LNB and lactose by the recombinant LnbB.,short_caption_with_semantic_anchor,figure_caption,FIG. 4. Hydrolysis of lacto-N-tetraose into LNB and lactose by the recombinant LnbB.,true,/home/gmy/bio-agent-workspace/bge-service/reports/phase5d_caption_cleanup_audit/protected_short_captions.csv
doc_0309,p8_b0080,FIG. 5. Transglycosylation and condensation activities of the recombinant LnbB.,short_caption_with_semantic_anchor,figure_caption,FIG. 5. Transglycosylation and condensation activities of the recombinant LnbB.,true,/home/gmy/bio-agent-workspace/bge-service/reports/phase5d_caption_cleanup_audit/protected_short_captions.csv
doc_0310,p12_b0108,Table 2. Primers used for cloning.,short_caption_with_semantic_anchor,table_caption,Table 2. Primers used for cloning.,true,/home/gmy/bio-agent-workspace/bge-service/reports/phase5d_caption_cleanup_audit/protected_short_captions.csv
doc_0310,p7_b0071,"Figure 3. MALDI-TOF MS analysis results for RNase B with heterogeneous high-mannose N-gly- cans (A) and RNase B sequentially treated with EfMan-I-His6 (B), MBP-∆28hGnT-I-His6 (C), (F) in step-wise reactions.",approved_eval_target_chunk,figure_caption,"Figure 3. MALDI-TOF MS analysis results for RNase B with heterogeneous high-mannose N-gly- cans (A) and RNase B sequentially treated with EfMan-I-His6 (B), MBP-∆28hGnT-I-His6 (C), (F) in step-wise reactions.",true,/home/gmy/bio-agent-workspace/bge-service/reports/phase5d_caption_cleanup_audit/protected_short_captions.csv
doc_0310,p8_b0080,"Figure 4. MALDI-TOF MS analysis results for RNase B treated with EfMan-I-His6 for 2 h (A), OP2E containing EfMan-I-His6, MBP-∆28hGnT-I-His6 for 2 h (B), OP4E containing EfMan-I-His6, MBP- Figure 4. MALDI-TOF MS analysis results for RNase B treated with EfMan-I-His6 for 2 h (A), OP2E containing EfMan-I-His6, MBP-∆28hGnT-I-His6 for 2 h (B), OP4E containing EfMan-I-His6, MBP- ∆28hGnT-I-His6, ∆24Bt3994-His6, and ∆18Bt1769-His6 for 2 h (C), OP5E containing EfMan-I-His6, MBP-∆28hGnT-I-His6, ∆24Bt3994-His6, ∆18Bt1769-His6, and MBP-∆27hGnT-II-His6 for 18 h (D), and OP5E for 18 h followed by incubation with MBP-∆128Bβ4GalT1-His6 for additional 2 h (E). All reactions were carried out at 30 ◦C in Tris-HCl (100 mM, pH 7.5) containing CaCl2 (2 mM), MgCl2 (2 mM), and MnCl2 (2 mM). The peak marked with an asterisk (*) in each figure is for RNase A, the non-glycosylated ribonuclease that is present in the commercially obtained RNase B sample, which was used as the internal standard. The symbol representations of the expected products are shown.",approved_eval_target_chunk,figure_caption,"Figure 4. MALDI-TOF MS analysis results for RNase B treated with EfMan-I-His6 for 2 h (A), OP2E containing EfMan-I-His6, MBP-∆28hGnT-I-His6 for 2 h (B), OP4E containing EfMan-I-His6, MBP- Figure 4. MALDI-TOF MS analysis results for RNase B treated with EfMan-I-His6 for 2 h (A), OP2E containing EfMan-I-His6, MBP-∆28hGnT-I-His6 for 2 h (B), OP4E containing EfMan-I-His6, MBP- ∆28hGnT-I-His6, ∆24Bt3994-His6, and ∆18Bt1769-His6 for 2 h (C), OP5E containing EfMan-I-His6, MBP-∆28hGnT-I-His6, ∆24Bt3994-His6, ∆18Bt1769-His6, and MBP-∆27hGnT-II-His6 for 18 h (D), and OP5E for 18 h followed by incubation with MBP-∆128Bβ4GalT1-His6 for additional 2 h (E). All reactions were carried out at 30 ◦C in Tris-HCl (100 mM, pH 7.5) containing CaCl2 (2 mM), MgCl2 (2 mM), and MnCl2 (2 mM). The peak marked with an asterisk (*) in each figure is for RNase A, the non-glycosylated ribonuclease that is present in the commercially obtained RNase B sample, which was used as the internal standard. The symbol representations of the expected products are shown.",true,/home/gmy/bio-agent-workspace/bge-service/reports/phase5d_caption_cleanup_audit/protected_short_captions.csv
doc_0311,p4_b0047,"Fig. 2. The genome editing toolbox, part 1: what works well.",short_caption_with_semantic_anchor,figure_caption,"Fig. 2. The genome editing toolbox, part 1: what works well.",true,/home/gmy/bio-agent-workspace/bge-service/reports/phase5d_caption_cleanup_audit/protected_short_captions.csv
doc_0311,p5_b0069,"Fig. 3. The genome editing toolbox, part 2: challenges and emerging tools.",short_caption_with_semantic_anchor,figure_caption,"Fig. 3. The genome editing toolbox, part 2: challenges and emerging tools.",true,/home/gmy/bio-agent-workspace/bge-service/reports/phase5d_caption_cleanup_audit/protected_short_captions.csv
doc_0313,p2_b0055,Fig. 1. Production scheme of the trisaccharide LNT-2 (GlcNAcβ1-3 Galβ 1-4 Glc) by E.,short_caption_with_semantic_anchor,figure_caption,Fig. 1. Production scheme of the trisaccharide LNT-2 (GlcNAcβ1-3 Galβ 1-4 Glc) by E.,true,/home/gmy/bio-agent-workspace/bge-service/reports/phase5d_caption_cleanup_audit/protected_short_captions.csv
doc_0313,p3_b0063,Fig. 2. High-cell-density cultivation of (A) E.,short_caption_with_semantic_anchor,figure_caption,Fig. 2. High-cell-density cultivation of (A) E.,true,/home/gmy/bio-agent-workspace/bge-service/reports/phase5d_caption_cleanup_audit/protected_short_captions.csv
doc_0315,p2_b0016,Table 1. Bacterial strains and plasmids used in this study.,short_caption_with_semantic_anchor,table_caption,Table 1. Bacterial strains and plasmids used in this study.,true,/home/gmy/bio-agent-workspace/bge-service/reports/phase5d_caption_cleanup_audit/protected_short_captions.csv
doc_0316,p2_b0025,Figure 1. De novo biosynthesis of 6′-SL in E.,short_caption_with_semantic_anchor,figure_caption,Figure 1. De novo biosynthesis of 6′-SL in E.,true,/home/gmy/bio-agent-workspace/bge-service/reports/phase5d_caption_cleanup_audit/protected_short_captions.csv
doc_0316,p3_b0033,Table 1. Strains and Plasmids Strains or plasmids Description Resource Strains E.,short_caption_with_semantic_anchor,table_caption,Table 1. Strains and Plasmids Strains or plasmids Description Resource Strains E.,true,/home/gmy/bio-agent-workspace/bge-service/reports/phase5d_caption_cleanup_audit/protected_short_captions.csv
doc_0316,p4_b0040,Figure 2. Synthesis and confirmation of 6′-SL in E.,short_caption_with_semantic_anchor,figure_caption,Figure 2. Synthesis and confirmation of 6′-SL in E.,true,/home/gmy/bio-agent-workspace/bge-service/reports/phase5d_caption_cleanup_audit/protected_short_captions.csv
doc_0317,p2_b0026,Figure 1. Metabolic pathway for the biosynthesis of 6′-SL in engineered E.,short_caption_with_semantic_anchor,figure_caption,Figure 1. Metabolic pathway for the biosynthesis of 6′-SL in engineered E.,true,/home/gmy/bio-agent-workspace/bge-service/reports/phase5d_caption_cleanup_audit/protected_short_captions.csv
doc_0317,p4_b0056,"Figure 3. Effects of α2,6-SiaT from different microbial sources on 6′- SL.",short_caption_with_semantic_anchor,figure_caption,"Figure 3. Effects of α2,6-SiaT from different microbial sources on 6′- SL.",true,/home/gmy/bio-agent-workspace/bge-service/reports/phase5d_caption_cleanup_audit/protected_short_captions.csv
doc_0317,p5_b0066,Figure 7. 6′-SL bioproduction of strain DAT07 in a 5 L bioreactor.,short_caption_with_semantic_anchor,figure_caption,Figure 7. 6′-SL bioproduction of strain DAT07 in a 5 L bioreactor.,true,/home/gmy/bio-agent-workspace/bge-service/reports/phase5d_caption_cleanup_audit/protected_short_captions.csv
doc_0317,p6_b0076,Figure 4. The 5 L bioreactor yield of DAT03 (22.,short_caption_with_semantic_anchor,figure_caption,Figure 4. The 5 L bioreactor yield of DAT03 (22.,true,/home/gmy/bio-agent-workspace/bge-service/reports/phase5d_caption_cleanup_audit/protected_short_captions.csv
doc_0317,p7_b0093,"Figure S2. Consequently, nine strains were constructed.",short_caption_with_semantic_anchor,figure_caption,"Figure S2. Consequently, nine strains were constructed.",true,/home/gmy/bio-agent-workspace/bge-service/reports/phase5d_caption_cleanup_audit/protected_short_captions.csv
doc_0318,p2_b0019,"Table S3. For plasmid construction, the E.",short_caption_with_semantic_anchor,table_caption,"Table S3. For plasmid construction, the E.",true,/home/gmy/bio-agent-workspace/bge-service/reports/phase5d_caption_cleanup_audit/protected_short_captions.csv
doc_0318,p5_b0053,Fig. 1. Metabolic pathway of 6′-SL synthesis in E. coli.,short_caption_with_semantic_anchor,figure_caption,Fig. 1. Metabolic pathway of 6′-SL synthesis in E. coli.,true,/home/gmy/bio-agent-workspace/bge-service/reports/phase5d_caption_cleanup_audit/protected_short_captions.csv
doc_0319,p2_b0016,Table 1. Luria−Bertani medium was used for the culture of all B.,short_caption_with_semantic_anchor,table_caption,Table 1. Luria−Bertani medium was used for the culture of all B.,true,/home/gmy/bio-agent-workspace/bge-service/reports/phase5d_caption_cleanup_audit/protected_short_captions.csv
doc_0319,p2_b0021,Figure 1. The LNnT biosynthetic pathway in B.,short_caption_with_semantic_anchor,figure_caption,Figure 1. The LNnT biosynthetic pathway in B.,true,/home/gmy/bio-agent-workspace/bge-service/reports/phase5d_caption_cleanup_audit/protected_short_captions.csv
doc_0319,p2_b0025,Table 1. Strains Used in This Study strains characteristics,short_caption_with_semantic_anchor,table_caption,Table 1. Strains Used in This Study strains characteristics,true,/home/gmy/bio-agent-workspace/bge-service/reports/phase5d_caption_cleanup_audit/protected_short_captions.csv
doc_0319,p3_b0036,Figure 2. Effects of sgRNAs with different inhibition efficiencies on LNnT production.,short_caption_with_semantic_anchor,figure_caption,Figure 2. Effects of sgRNAs with different inhibition efficiencies on LNnT production.,true,/home/gmy/bio-agent-workspace/bge-service/reports/phase5d_caption_cleanup_audit/protected_short_captions.csv
doc_0320,p3_b0028,Figure 3. Nature’s sialoside biosynthetic routes.,short_caption_with_semantic_anchor,figure_caption,Figure 3. Nature’s sialoside biosynthetic routes.,true,/home/gmy/bio-agent-workspace/bge-service/reports/phase5d_caption_cleanup_audit/protected_short_captions.csv
doc_0320,p9_b0072,Table 1. Enzyme and Mutants Expressed in E.,short_caption_with_semantic_anchor,table_caption,Table 1. Enzyme and Mutants Expressed in E.,true,/home/gmy/bio-agent-workspace/bge-service/reports/phase5d_caption_cleanup_audit/protected_short_captions.csv
doc_0321,p7_b0070,"Fig. 5. SEM images of untreated (A, B) and BLac treated (C, D) rice straw.",short_caption_with_semantic_anchor,figure_caption,"Fig. 5. SEM images of untreated (A, B) and BLac treated (C, D) rice straw.",true,/home/gmy/bio-agent-workspace/bge-service/reports/phase5d_caption_cleanup_audit/protected_short_captions.csv
doc_0322,p4_b0037,TABLE 1 24‐hr Gb3 titer (in g/L) with different energy sources Energy source JAT/pGb3 JAET/pGb3 Galactose 0.67 ± 0.12 0.12 ± 0.04 Glucose 0.18 ± 0.05 0.17 ± 0.03 α‐KG 1.80 ± 0.15 2.05 ± 0.22 Succinate 2.04 ± 0.13 1.46 ± 0.18 Note: Data shown are averages of three replicates.,approved_eval_target_chunk,table_caption,TABLE 1 24‐hr Gb3 titer (in g/L) with different energy sources Energy source JAT/pGb3 JAET/pGb3 Galactose 0.67 ± 0.12 0.12 ± 0.04 Glucose 0.18 ± 0.05 0.17 ± 0.03 α‐KG 1.80 ± 0.15 2.05 ± 0.22 Succinate 2.04 ± 0.13 1.46 ± 0.18 Note: Data shown are averages of three replicates.,true,/home/gmy/bio-agent-workspace/bge-service/reports/phase5d_caption_cleanup_audit/protected_short_captions.csv
doc_0324,p3_b0050,Table 1. Strains used in this study Strain Characteristics Ref.,short_caption_with_semantic_anchor,table_caption,Table 1. Strains used in this study Strain Characteristics Ref.,true,/home/gmy/bio-agent-workspace/bge-service/reports/phase5d_caption_cleanup_audit/protected_short_captions.csv
doc_0326,p7_b0056,Table 1. Applications of dynamic regulation for balancing microbial production and cell growth.,short_caption_with_semantic_anchor,table_caption,Table 1. Applications of dynamic regulation for balancing microbial production and cell growth.,true,/home/gmy/bio-agent-workspace/bge-service/reports/phase5d_caption_cleanup_audit/protected_short_captions.csv
doc_0328,p15_b0125,Table 3. Characteristics of quantitative real-time PCR primers.,short_caption_with_semantic_anchor,table_caption,Table 3. Characteristics of quantitative real-time PCR primers.,true,/home/gmy/bio-agent-workspace/bge-service/reports/phase5d_caption_cleanup_audit/protected_short_captions.csv
doc_0328,p4_b0036,Table 1. Mothers and infants information statistics.,short_caption_with_semantic_anchor,table_caption,Table 1. Mothers and infants information statistics.,true,/home/gmy/bio-agent-workspace/bge-service/reports/phase5d_caption_cleanup_audit/protected_short_captions.csv
doc_0329,p10_b0071,Figure 4. 2′-FL activates microglia by regulating cytokines after ischemic brain injury.,short_caption_with_semantic_anchor,figure_caption,Figure 4. 2′-FL activates microglia by regulating cytokines after ischemic brain injury.,true,/home/gmy/bio-agent-workspace/bge-service/reports/phase5d_caption_cleanup_audit/protected_short_captions.csv
doc_0329,p10_b0075,Figure 4. 2′-FL activates microglia by regulating cytokines after ischemic brain injury.,short_caption_with_semantic_anchor,figure_caption,Figure 4. 2′-FL activates microglia by regulating cytokines after ischemic brain injury.,true,/home/gmy/bio-agent-workspace/bge-service/reports/phase5d_caption_cleanup_audit/protected_short_captions.csv
doc_0329,p11_b0084,Figure 5. 2′-FL activates STAT6 after ischemic brain injury.,short_caption_with_semantic_anchor,figure_caption,Figure 5. 2′-FL activates STAT6 after ischemic brain injury.,true,/home/gmy/bio-agent-workspace/bge-service/reports/phase5d_caption_cleanup_audit/protected_short_captions.csv
doc_0329,p9_b0062,Figure 3. 2′-FL attenuates ROS production after ischemic brain injury.,short_caption_with_semantic_anchor,figure_caption,Figure 3. 2′-FL attenuates ROS production after ischemic brain injury.,true,/home/gmy/bio-agent-workspace/bge-service/reports/phase5d_caption_cleanup_audit/protected_short_captions.csv
doc_0329,p9_b0066,Figure 3. 2′-FL attenuates ROS production after ischemic brain injury.,short_caption_with_semantic_anchor,figure_caption,Figure 3. 2′-FL attenuates ROS production after ischemic brain injury.,true,/home/gmy/bio-agent-workspace/bge-service/reports/phase5d_caption_cleanup_audit/protected_short_captions.csv
doc_0330,p4_b0039,Figure 1. Experimental design.,short_caption_with_semantic_anchor,figure_caption,Figure 1. Experimental design.,true,/home/gmy/bio-agent-workspace/bge-service/reports/phase5d_caption_cleanup_audit/protected_short_captions.csv
doc_0332,p11_b0138,Figure S1. The effect of daily oral treatment (10 days) with,short_caption_with_semantic_anchor,figure_caption,Figure S1. The effect of daily oral treatment (10 days) with,true,/home/gmy/bio-agent-workspace/bge-service/reports/phase5d_caption_cleanup_audit/protected_short_captions.csv
doc_0332,p11_b0142,Table S1. Characteristics of saccharides utilized in the study.,short_caption_with_semantic_anchor,table_caption,Table S1. Characteristics of saccharides utilized in the study.,true,/home/gmy/bio-agent-workspace/bge-service/reports/phase5d_caption_cleanup_audit/protected_short_captions.csv
doc_0333,p3_b0056,Figure 1. Binding of norovirus GII.,short_caption_with_semantic_anchor,figure_caption,Figure 1. Binding of norovirus GII.,true,/home/gmy/bio-agent-workspace/bge-service/reports/phase5d_caption_cleanup_audit/protected_short_captions.csv
doc_0333,p5_b0091,Figure 3. Inhibition of norovirus GII.,short_caption_with_semantic_anchor,figure_caption,Figure 3. Inhibition of norovirus GII.,true,/home/gmy/bio-agent-workspace/bge-service/reports/phase5d_caption_cleanup_audit/protected_short_captions.csv
doc_0333,p7_b0105,Figure 6. Binding analysis of norovirus GII.,short_caption_with_semantic_anchor,figure_caption,Figure 6. Binding analysis of norovirus GII.,true,/home/gmy/bio-agent-workspace/bge-service/reports/phase5d_caption_cleanup_audit/protected_short_captions.csv
doc_0333,p8_b0113,Figure 7. Inhibition of norovirus GII.,short_caption_with_semantic_anchor,figure_caption,Figure 7. Inhibition of norovirus GII.,true,/home/gmy/bio-agent-workspace/bge-service/reports/phase5d_caption_cleanup_audit/protected_short_captions.csv
doc_0333,p8_b0115,"Figure 8. Inhibition of norovirus GII.4 (Sydney, 2012, JX459908) VLP",short_caption_with_semantic_anchor,figure_caption,"Figure 8. Inhibition of norovirus GII.4 (Sydney, 2012, JX459908) VLP",true,/home/gmy/bio-agent-workspace/bge-service/reports/phase5d_caption_cleanup_audit/protected_short_captions.csv
doc_0335,p10_b0119,Figure 5. Linear discriminant analysis among different groups from LEfSe analysis.,short_caption_with_semantic_anchor,figure_caption,Figure 5. Linear discriminant analysis among different groups from LEfSe analysis.,true,/home/gmy/bio-agent-workspace/bge-service/reports/phase5d_caption_cleanup_audit/protected_short_captions.csv
doc_0335,p12_b0127,"Figure 7. Effects of fecal microbial transplantation, acetate, and propionate on constipation.",short_caption_with_semantic_anchor,figure_caption,"Figure 7. Effects of fecal microbial transplantation, acetate, and propionate on constipation.",true,/home/gmy/bio-agent-workspace/bge-service/reports/phase5d_caption_cleanup_audit/protected_short_captions.csv
doc_0335,p5_b0066,Table 1. RT-qPCR primer design Primer name Forward (5′–3′),short_caption_with_semantic_anchor,table_caption,Table 1. RT-qPCR primer design Primer name Forward (5′–3′),true,/home/gmy/bio-agent-workspace/bge-service/reports/phase5d_caption_cleanup_audit/protected_short_captions.csv
doc_0335,p5_b0069,"Table 2. Short-chain fatty acid standard curve Standard Standard curve y = 2,665.",short_caption_with_semantic_anchor,table_caption,"Table 2. Short-chain fatty acid standard curve Standard Standard curve y = 2,665.",true,/home/gmy/bio-agent-workspace/bge-service/reports/phase5d_caption_cleanup_audit/protected_short_captions.csv
doc_0336,p11_b0100,Figure S1: Regularized canonical correlation analysis (rCCA) between bacterial composition and metabolites.,short_caption_with_semantic_anchor,figure_caption,Figure S1: Regularized canonical correlation analysis (rCCA) between bacterial composition and metabolites.,true,/home/gmy/bio-agent-workspace/bge-service/reports/phase5d_caption_cleanup_audit/protected_short_captions.csv
doc_0336,p4_b0042,Table 1. Demographics and fecal baseline factors of pediatric IBD patients.,short_caption_with_semantic_anchor,table_caption,Table 1. Demographics and fecal baseline factors of pediatric IBD patients.,true,/home/gmy/bio-agent-workspace/bge-service/reports/phase5d_caption_cleanup_audit/protected_short_captions.csv
doc_0336,p5_b0053,Figure 1. Microbial composition at family level of eight pIBD donors.,short_caption_with_semantic_anchor,figure_caption,Figure 1. Microbial composition at family level of eight pIBD donors.,true,/home/gmy/bio-agent-workspace/bge-service/reports/phase5d_caption_cleanup_audit/protected_short_captions.csv
doc_0337,p1_b0009,"Fig. 1. and Table 1): (1) the α-2,8-linked Neu5Ac (McGuire and Binkley.",short_caption_with_semantic_anchor,figure_caption,"Fig. 1. and Table 1): (1) the α-2,8-linked Neu5Ac (McGuire and Binkley.",true,/home/gmy/bio-agent-workspace/bge-service/reports/phase5d_caption_cleanup_audit/protected_short_captions.csv
doc_0337,p2_b0024,Table 1 Occurrence and struc- ture of polysialic acids in bacteria,short_caption_with_semantic_anchor,table_caption,Table 1 Occurrence and struc- ture of polysialic acids in bacteria,true,/home/gmy/bio-agent-workspace/bge-service/reports/phase5d_caption_cleanup_audit/protected_short_captions.csv
doc_0338,p11_b0120,Figure 5. Sialic acid levels in hippocampal tissue.,short_caption_with_semantic_anchor,figure_caption,Figure 5. Sialic acid levels in hippocampal tissue.,true,/home/gmy/bio-agent-workspace/bge-service/reports/phase5d_caption_cleanup_audit/protected_short_captions.csv
doc_0338,p12_b0123,Table 2. Sialic acid levels in hippocampal tissue.,short_caption_with_semantic_anchor,table_caption,Table 2. Sialic acid levels in hippocampal tissue.,true,/home/gmy/bio-agent-workspace/bge-service/reports/phase5d_caption_cleanup_audit/protected_short_captions.csv
doc_0338,p12_b0133,Figure 6. Gene expression in hippocampal tissue.,short_caption_with_semantic_anchor,figure_caption,Figure 6. Gene expression in hippocampal tissue.,true,/home/gmy/bio-agent-workspace/bge-service/reports/phase5d_caption_cleanup_audit/protected_short_captions.csv
doc_0338,p14_b0168,Figure 7. Dose–response effect of sialyllactose and lactose on neuronal survival.,short_caption_with_semantic_anchor,figure_caption,Figure 7. Dose–response effect of sialyllactose and lactose on neuronal survival.,true,/home/gmy/bio-agent-workspace/bge-service/reports/phase5d_caption_cleanup_audit/protected_short_captions.csv
doc_0339,p11_b0120,Figure 5. Sialic acid levels in hippocampal tissue.,short_caption_with_semantic_anchor,figure_caption,Figure 5. Sialic acid levels in hippocampal tissue.,true,/home/gmy/bio-agent-workspace/bge-service/reports/phase5d_caption_cleanup_audit/protected_short_captions.csv
doc_0339,p12_b0123,Table 2. Sialic acid levels in hippocampal tissue.,short_caption_with_semantic_anchor,table_caption,Table 2. Sialic acid levels in hippocampal tissue.,true,/home/gmy/bio-agent-workspace/bge-service/reports/phase5d_caption_cleanup_audit/protected_short_captions.csv
doc_0339,p12_b0133,Figure 6. Gene expression in hippocampal tissue.,short_caption_with_semantic_anchor,figure_caption,Figure 6. Gene expression in hippocampal tissue.,true,/home/gmy/bio-agent-workspace/bge-service/reports/phase5d_caption_cleanup_audit/protected_short_captions.csv
doc_0339,p14_b0168,Figure 7. Dose–response effect of sialyllactose and lactose on neuronal survival.,short_caption_with_semantic_anchor,figure_caption,Figure 7. Dose–response effect of sialyllactose and lactose on neuronal survival.,true,/home/gmy/bio-agent-workspace/bge-service/reports/phase5d_caption_cleanup_audit/protected_short_captions.csv
doc_0339,p9_b0092,Table 1. Magnetic resonance imaging for the ROIs not shown in Figure 4.,short_caption_with_semantic_anchor,table_caption,Table 1. Magnetic resonance imaging for the ROIs not shown in Figure 4.,true,/home/gmy/bio-agent-workspace/bge-service/reports/phase5d_caption_cleanup_audit/protected_short_captions.csv
doc_0341,p3_b0044,Figure 1. Schematic diagram of CRISPR-Cap and sgRNA target positions.,short_caption_with_semantic_anchor,figure_caption,Figure 1. Schematic diagram of CRISPR-Cap and sgRNA target positions.,true,/home/gmy/bio-agent-workspace/bge-service/reports/phase5d_caption_cleanup_audit/protected_short_captions.csv
doc_0341,p6_b0087,Figure 2. The uniformity of CRISPR-Cap enrichment depends on the fragment size.,short_caption_with_semantic_anchor,figure_caption,Figure 2. The uniformity of CRISPR-Cap enrichment depends on the fragment size.,true,/home/gmy/bio-agent-workspace/bge-service/reports/phase5d_caption_cleanup_audit/protected_short_captions.csv
doc_0341,p8_b0124,Figure 4. Quantification of gene copy number using CRISPR-Cap.,short_caption_with_semantic_anchor,figure_caption,Figure 4. Quantification of gene copy number using CRISPR-Cap.,true,/home/gmy/bio-agent-workspace/bge-service/reports/phase5d_caption_cleanup_audit/protected_short_captions.csv
doc_0348,p13_b0184,"Table S2. Unless indicated, all strains are based on BY4741.",short_caption_with_semantic_anchor,table_caption,"Table S2. Unless indicated, all strains are based on BY4741.",true,/home/gmy/bio-agent-workspace/bge-service/reports/phase5d_caption_cleanup_audit/protected_short_captions.csv
doc_0348,p3_b0031,Table S1. observed similarity in mRNA decay rates for these gene families.,short_caption_with_semantic_anchor,table_caption,Table S1. observed similarity in mRNA decay rates for these gene families.,true,/home/gmy/bio-agent-workspace/bge-service/reports/phase5d_caption_cleanup_audit/protected_short_captions.csv
doc_0348,p3_b0035,"Figure 1A). Remarkably, the vast majority (92%) of transcripts for",short_caption_with_semantic_anchor,figure_caption,"Figure 1A). Remarkably, the vast majority (92%) of transcripts for",true,/home/gmy/bio-agent-workspace/bge-service/reports/phase5d_caption_cleanup_audit/protected_short_captions.csv
doc_0349,p8_b0093,Fig. 3. Effects of sacA gene deletion on α-arbutin bioconversion.,short_caption_with_semantic_anchor,figure_caption,Fig. 3. Effects of sacA gene deletion on α-arbutin bioconversion.,true,/home/gmy/bio-agent-workspace/bge-service/reports/phase5d_caption_cleanup_audit/protected_short_captions.csv
doc_0352,p2_b0016,Fig. 1. A DBTL framework for structure-guided tunnel engineering of β4GalT.,short_caption_with_semantic_anchor,figure_caption,Fig. 1. A DBTL framework for structure-guided tunnel engineering of β4GalT.,true,/home/gmy/bio-agent-workspace/bge-service/reports/phase5d_caption_cleanup_audit/protected_short_captions.csv
doc_0352,p3_b0019,Table S3. Approx imately 100 colonies at each site were screened.,short_caption_with_semantic_anchor,table_caption,Table S3. Approx imately 100 colonies at each site were screened.,true,/home/gmy/bio-agent-workspace/bge-service/reports/phase5d_caption_cleanup_audit/protected_short_captions.csv
doc_0352,p4_b0033,Fig. 2. Crystallographic analysis of the three-dimensional structure of Aaβ4GalT.,short_caption_with_semantic_anchor,figure_caption,Fig. 2. Crystallographic analysis of the three-dimensional structure of Aaβ4GalT.,true,/home/gmy/bio-agent-workspace/bge-service/reports/phase5d_caption_cleanup_audit/protected_short_captions.csv
doc_0352,p5_b0042,Fig. 3. Molecular insights and characterization of recognition and binding of LNT II.,short_caption_with_semantic_anchor,figure_caption,Fig. 3. Molecular insights and characterization of recognition and binding of LNT II.,true,/home/gmy/bio-agent-workspace/bge-service/reports/phase5d_caption_cleanup_audit/protected_short_captions.csv
doc_0352,p6_b0051,Fig. 4. An access locates at subunit interfaces connecting the binding pocket.,short_caption_with_semantic_anchor,figure_caption,Fig. 4. An access locates at subunit interfaces connecting the binding pocket.,true,/home/gmy/bio-agent-workspace/bge-service/reports/phase5d_caption_cleanup_audit/protected_short_captions.csv
doc_0352,p9_b0074,Fig. 6. Structural comparison of mutate L5 and wide-type enzyme.,short_caption_with_semantic_anchor,figure_caption,Fig. 6. Structural comparison of mutate L5 and wide-type enzyme.,true,/home/gmy/bio-agent-workspace/bge-service/reports/phase5d_caption_cleanup_audit/protected_short_captions.csv
doc_0353,p17_b0071,Figure 3. Shake-flask fermentation results of glcK knockout and interference strains. (A),short_caption_with_semantic_anchor,figure_caption,Figure 3. Shake-flask fermentation results of glcK knockout and interference strains. (A),true,/home/gmy/bio-agent-workspace/bge-service/reports/phase5d_caption_cleanup_audit/protected_short_captions.csv
doc_0354,p3_b0030,Table S2. The plasmids involved in this study are listed in Table 1.,short_caption_with_semantic_anchor,table_caption,Table S2. The plasmids involved in this study are listed in Table 1.,true,/home/gmy/bio-agent-workspace/bge-service/reports/phase5d_caption_cleanup_audit/protected_short_captions.csv
doc_0354,p5_b0055,Fig. 1. Construction of MG-V de novo biosynthesis S.,short_caption_with_semantic_anchor,figure_caption,Fig. 1. Construction of MG-V de novo biosynthesis S.,true,/home/gmy/bio-agent-workspace/bge-service/reports/phase5d_caption_cleanup_audit/protected_short_captions.csv
doc_0354,p6_b0058,Fig. 2. Effects of modular engineering strategy on improving MG-V titer.,short_caption_with_semantic_anchor,figure_caption,Fig. 2. Effects of modular engineering strategy on improving MG-V titer.,true,/home/gmy/bio-agent-workspace/bge-service/reports/phase5d_caption_cleanup_audit/protected_short_captions.csv
doc_0354,p9_b0082,Fig. 4. Strategy of ER expansion to improve the MG-V titer.,short_caption_with_semantic_anchor,figure_caption,Fig. 4. Strategy of ER expansion to improve the MG-V titer.,true,/home/gmy/bio-agent-workspace/bge-service/reports/phase5d_caption_cleanup_audit/protected_short_captions.csv
doc_0357,p10_b0103,Table 3. The L-LA yield of strain 091S using sucrose was 145.,short_caption_with_semantic_anchor,table_caption,Table 3. The L-LA yield of strain 091S using sucrose was 145.,true,/home/gmy/bio-agent-workspace/bge-service/reports/phase5d_caption_cleanup_audit/protected_short_captions.csv
doc_0357,p3_b0031,Table 1 Strains and plasmids used in this study,short_caption_with_semantic_anchor,table_caption,Table 1 Strains and plasmids used in this study,true,/home/gmy/bio-agent-workspace/bge-service/reports/phase5d_caption_cleanup_audit/protected_short_captions.csv
doc_0358,p5_b0047,Figure 1. Lacto-N-fucopentaose III (LNFPIII) stimulation induces splenic dendritic (SDC) maturation.,short_caption_with_semantic_anchor,figure_caption,Figure 1. Lacto-N-fucopentaose III (LNFPIII) stimulation induces splenic dendritic (SDC) maturation.,true,/home/gmy/bio-agent-workspace/bge-service/reports/phase5d_caption_cleanup_audit/protected_short_captions.csv
doc_0358,p8_b0068,Fig. 5. No obvious activation for CD8+ T cells could be detected at 12 hr.,short_caption_with_semantic_anchor,figure_caption,Fig. 5. No obvious activation for CD8+ T cells could be detected at 12 hr.,true,/home/gmy/bio-agent-workspace/bge-service/reports/phase5d_caption_cleanup_audit/protected_short_captions.csv
doc_0359,p18_b0264,"Figure 7. Fed-batch fermentation of N-acetylneuraminic acid (NeuAc) by the engineered strain BLNK-5 in a 5-l bioreactor. (A) NeuAc, N-acetylglucosamine (GlcNAc), and N-acetylmannosamine (ManNAc) synthesis of the engineered strain BLN-5 in fed-batch fermentation. (B) Cell growth and consumption of glucose and glycerol carbon sources of the engineered strain BLN-5 in fed-batch fermentation. (C) Fermentation of NeuAc in a 5-l bioreactor. (D) Extraction of NeuAc from the fermentation broth. Abbreviation: OD, optical density.",approved_eval_target_chunk,figure_caption,"Figure 7. Fed-batch fermentation of N-acetylneuraminic acid (NeuAc) by the engineered strain BLNK-5 in a 5-l bioreactor. (A) NeuAc, N-acetylglucosamine (GlcNAc), and N-acetylmannosamine (ManNAc) synthesis of the engineered strain BLN-5 in fed-batch fermentation. (B) Cell growth and consumption of glucose and glycerol carbon sources of the engineered strain BLN-5 in fed-batch fermentation. (C) Fermentation of NeuAc in a 5-l bioreactor. (D) Extraction of NeuAc from the fermentation broth. Abbreviation: OD, optical density.",true,/home/gmy/bio-agent-workspace/bge-service/reports/phase5d_caption_cleanup_audit/protected_short_captions.csv
doc_0360,p6_b0050,Fig. 2. Design and building of biosensors positively responsive to PEP.,short_caption_with_semantic_anchor,figure_caption,Fig. 2. Design and building of biosensors positively responsive to PEP.,true,/home/gmy/bio-agent-workspace/bge-service/reports/phase5d_caption_cleanup_audit/protected_short_captions.csv
doc_0360,p9_b0064,Fig. 3. Construction and optimization of biosensors positively responsive to FBP.,short_caption_with_semantic_anchor,figure_caption,Fig. 3. Construction and optimization of biosensors positively responsive to FBP.,true,/home/gmy/bio-agent-workspace/bge-service/reports/phase5d_caption_cleanup_audit/protected_short_captions.csv
doc_0362,p5_b0023,Table 1. Ingredient composition of milk replacers.,short_caption_with_semantic_anchor,table_caption,Table 1. Ingredient composition of milk replacers.,true,/home/gmy/bio-agent-workspace/bge-service/reports/phase5d_caption_cleanup_audit/protected_short_captions.csv
doc_0362,p5_b0027,Table 2. Macronutrient composition of the base diets.,short_caption_with_semantic_anchor,table_caption,Table 2. Macronutrient composition of the base diets.,true,/home/gmy/bio-agent-workspace/bge-service/reports/phase5d_caption_cleanup_audit/protected_short_captions.csv
doc_0363,p5_b0027,Table 2. Macronutrient composition of the base diets.,short_caption_with_semantic_anchor,table_caption,Table 2. Macronutrient composition of the base diets.,true,/home/gmy/bio-agent-workspace/bge-service/reports/phase5d_caption_cleanup_audit/protected_short_captions.csv
doc_0364,p3_b0036,Table S2. The resulting PCR products were transformed into E.,short_caption_with_semantic_anchor,table_caption,Table S2. The resulting PCR products were transformed into E.,true,/home/gmy/bio-agent-workspace/bge-service/reports/phase5d_caption_cleanup_audit/protected_short_captions.csv
doc_0364,p8_b0093,Figure 4. Transglycosylation yields of the BiS47 mutants.,short_caption_with_semantic_anchor,figure_caption,Figure 4. Transglycosylation yields of the BiS47 mutants.,true,/home/gmy/bio-agent-workspace/bge-service/reports/phase5d_caption_cleanup_audit/protected_short_captions.csv
doc_0364,p9_b0101,Figure 5. MD analysis of mutation effects on enzyme−ligand complexes.,short_caption_with_semantic_anchor,figure_caption,Figure 5. MD analysis of mutation effects on enzyme−ligand complexes.,true,/home/gmy/bio-agent-workspace/bge-service/reports/phase5d_caption_cleanup_audit/protected_short_captions.csv
doc_0365,p10_b0114,"Figure 6. (a−d) Yields of 6′-SL synthesized by BoS8, BdS16, BxS27, and BsS29 and all of the mutants obtained by “property grafting” of G185C and G398H, respectively.",approved_eval_target_chunk,figure_caption,"Figure 6. (a−d) Yields of 6′-SL synthesized by BoS8, BdS16, BxS27, and BsS29 and all of the mutants obtained by “property grafting” of G185C and G398H, respectively.",true,/home/gmy/bio-agent-workspace/bge-service/reports/phase5d_caption_cleanup_audit/protected_short_captions.csv
doc_0365,p3_b0037,Table S2. The resulting PCR products were transformed into E.,short_caption_with_semantic_anchor,table_caption,Table S2. The resulting PCR products were transformed into E.,true,/home/gmy/bio-agent-workspace/bge-service/reports/phase5d_caption_cleanup_audit/protected_short_captions.csv
doc_0365,p8_b0094,Figure 4. Transglycosylation yields of the BiS47 mutants.,short_caption_with_semantic_anchor,figure_caption,Figure 4. Transglycosylation yields of the BiS47 mutants.,true,/home/gmy/bio-agent-workspace/bge-service/reports/phase5d_caption_cleanup_audit/protected_short_captions.csv
doc_0365,p9_b0102,Figure 5. MD analysis of mutation effects on enzyme−ligand complexes.,short_caption_with_semantic_anchor,figure_caption,Figure 5. MD analysis of mutation effects on enzyme−ligand complexes.,true,/home/gmy/bio-agent-workspace/bge-service/reports/phase5d_caption_cleanup_audit/protected_short_captions.csv
doc_0366,p10_b0085,Fig. 7. Levels of (A) Th1-type and (B) Th2-type cytokines in lung tissues.,short_caption_with_semantic_anchor,figure_caption,Fig. 7. Levels of (A) Th1-type and (B) Th2-type cytokines in lung tissues.,true,/home/gmy/bio-agent-workspace/bge-service/reports/phase5d_caption_cleanup_audit/protected_short_captions.csv
doc_0366,p3_b0026,Fig. 1. Allergic phenotypes and endotypes in ovalbumin-sensitized mice.,short_caption_with_semantic_anchor,figure_caption,Fig. 1. Allergic phenotypes and endotypes in ovalbumin-sensitized mice.,true,/home/gmy/bio-agent-workspace/bge-service/reports/phase5d_caption_cleanup_audit/protected_short_captions.csv
doc_0366,p7_b0057,Fig. 4. The Chao1(A) and (B) Shannon indices for alpha diversity of ileum flora.,short_caption_with_semantic_anchor,figure_caption,Fig. 4. The Chao1(A) and (B) Shannon indices for alpha diversity of ileum flora.,true,/home/gmy/bio-agent-workspace/bge-service/reports/phase5d_caption_cleanup_audit/protected_short_captions.csv
doc_0366,p8_b0064,Fig. 5. Luminal pH (A) and total organic acids (B) in the ileum.,short_caption_with_semantic_anchor,figure_caption,Fig. 5. Luminal pH (A) and total organic acids (B) in the ileum.,true,/home/gmy/bio-agent-workspace/bge-service/reports/phase5d_caption_cleanup_audit/protected_short_captions.csv
doc_0366,p9_b0077,Fig. 6. Clusters of Orthologous Groups database-based functional analysis of ileum flora.,short_caption_with_semantic_anchor,figure_caption,Fig. 6. Clusters of Orthologous Groups database-based functional analysis of ileum flora.,true,/home/gmy/bio-agent-workspace/bge-service/reports/phase5d_caption_cleanup_audit/protected_short_captions.csv
doc_0367,p2_b0010,Figure 1. Opto-T7RNAP engineering strategy.,short_caption_with_semantic_anchor,figure_caption,Figure 1. Opto-T7RNAP engineering strategy.,true,/home/gmy/bio-agent-workspace/bge-service/reports/phase5d_caption_cleanup_audit/protected_short_captions.csv
doc_0367,p5_b0045,Figure 3. Dynamic experiments with Opto-T7RNAP*(563-F1).,short_caption_with_semantic_anchor,figure_caption,Figure 3. Dynamic experiments with Opto-T7RNAP*(563-F1).,true,/home/gmy/bio-agent-workspace/bge-service/reports/phase5d_caption_cleanup_audit/protected_short_captions.csv
doc_0367,p6_b0057,Figure 4. Characterization of Opto-T7RNAP expression set points and blue light dose−response.,short_caption_with_semantic_anchor,figure_caption,Figure 4. Characterization of Opto-T7RNAP expression set points and blue light dose−response.,true,/home/gmy/bio-agent-workspace/bge-service/reports/phase5d_caption_cleanup_audit/protected_short_captions.csv
doc_0367,p6_b0059,"Figure 5. Comparison of Opto-T7RNAPs to paT7P-148 (Supporting Information: paT7P-1 Characterization). (A) Dark-state basal expression and light-induced steady-state expression of paT7P-1, Opto-T7RNAP*(563), and Opto-T7RNAP(563) with fold induction depicted above the bars. Raw values of mCherry (au) are shown in Table S3. (B) Single-cell distributions of dark-state and light-induced steady-state expression of paT7P-1 (gray) and Opto-T7RNAP*(563) (blue). (C) Dark-state reversal of paT7P-1 in comparison to Opto-T7RNAP*(563) and Opto-T7RNAP*(563-F1).",doc_0367_figure5_known_good_anchor,figure_caption,"Figure 5. Comparison of Opto-T7RNAPs to paT7P-148 (Supporting Information: paT7P-1 Characterization). (A) Dark-state basal expression and light-induced steady-state expression of paT7P-1, Opto-T7RNAP*(563), and Opto-T7RNAP(563) with fold induction depicted above the bars. Raw values of mCherry (au) are shown in Table S3. (B) Single-cell distributions of dark-state and light-induced steady-state expression of paT7P-1 (gray) and Opto-T7RNAP*(563) (blue). (C) Dark-state reversal of paT7P-1 in comparison to Opto-T7RNAP*(563) and Opto-T7RNAP*(563-F1).",true,/home/gmy/bio-agent-workspace/bge-service/reports/phase5d_caption_cleanup_audit/protected_short_captions.csv
doc_0368,p3_b0046,Figure 1. Secretion of recom- binant proteins in E.,short_caption_with_semantic_anchor,figure_caption,Figure 1. Secretion of recom- binant proteins in E.,true,/home/gmy/bio-agent-workspace/bge-service/reports/phase5d_caption_cleanup_audit/protected_short_captions.csv
doc_0370,p7_b0059,FIGURE 4: Preweaning exposure to HMOs altered the intestinal microbiota composition.,short_caption_with_semantic_anchor,figure_caption,FIGURE 4: Preweaning exposure to HMOs altered the intestinal microbiota composition.,true,/home/gmy/bio-agent-workspace/bge-service/reports/phase5d_caption_cleanup_audit/protected_short_captions.csv
doc_0370,p9_b0076,FIGURE 5: Treatment with HMOs altered microbial metabolites in the gut and serum.,short_caption_with_semantic_anchor,figure_caption,FIGURE 5: Treatment with HMOs altered microbial metabolites in the gut and serum.,true,/home/gmy/bio-agent-workspace/bge-service/reports/phase5d_caption_cleanup_audit/protected_short_captions.csv
doc_0371,p6_b0070,"FIG 2 Genomic characteristics of the four largely uncultivated Roseobacter lineages (CHAB-I-5, SAG-O19, DC5-80-3, and NAC11-7), cultured roseobacters, and GOS metagenomic Roseobacter reads. (A) Scatter plot of the percentage of noncoding DNA and the estimated genome size. (B) Frequency distribution of the G C content of GOS Roseobacter reads and cultured roseobacters. G C contents of the four major lineages are indicated by arrows along the x axis. (C) Number of sigma factors plotted against the length of assembled genomes for the four major lineages, as well as another 116 roseobacters, 20 SAR11, 7 SAR116, and 500 other Alphaproteobacteria genomes. The embedded panel displays the overall trend of the regression line, whereas the main graph provides a closeup view of the genome size between 0 to 5 Mbp in length. Data points from the four major lineages are symbolized with triangles and others with round dots. The data were fitted to a negative binomial generalized linear model with a log link, and the lighter blue shades confine the 95% confidence intervals. All four panels are colored with the same strategy: red for CHAB-I-5, pink for DC5-80-3, yellow for NAC11-7, brown for SAG-O19, green for GOS Roseobacter reads, blue for other roseobacters, cyan for SAR11, lime for SAR116, and gray for other members of the Alphaproteobacteria.",approved_eval_target_chunk,figure_caption,"FIG 2 Genomic characteristics of the four largely uncultivated Roseobacter lineages (CHAB-I-5, SAG-O19, DC5-80-3, and NAC11-7), cultured roseobacters, and GOS metagenomic Roseobacter reads. (A) Scatter plot of the percentage of noncoding DNA and the estimated genome size. (B) Frequency distribution of the G C content of GOS Roseobacter reads and cultured roseobacters. G C contents of the four major lineages are indicated by arrows along the x axis. (C) Number of sigma factors plotted against the length of assembled genomes for the four major lineages, as well as another 116 roseobacters, 20 SAR11, 7 SAR116, and 500 other Alphaproteobacteria genomes. The embedded panel displays the overall trend of the regression line, whereas the main graph provides a closeup view of the genome size between 0 to 5 Mbp in length. Data points from the four major lineages are symbolized with triangles and others with round dots. The data were fitted to a negative binomial generalized linear model with a log link, and the lighter blue shades confine the 95% confidence intervals. All four panels are colored with the same strategy: red for CHAB-I-5, pink for DC5-80-3, yellow for NAC11-7, brown for SAG-O19, green for GOS Roseobacter reads, blue for other roseobacters, cyan for SAR11, lime for SAR116, and gray for other members of the Alphaproteobacteria.",true,/home/gmy/bio-agent-workspace/bge-service/reports/phase5d_caption_cleanup_audit/protected_short_captions.csv
doc_0371,p7_b0073,"TABLE 2 Percentages of the lineages CHAB-I-5, SAG-O19, NAC11-7, and DC5-80-3 in the free-living and particle-associated Roseobacter communities at different temperature zones Living style; geographical Total no. of roseobacter reads % of lineage in community FL; tropical 348,245 6.7 3.2 45.6 5.2 FL; temperate 1,002,370 9.2 23.1 12.9 30.3 FL; polar 184,498 3.3 35.0 3.6 14.6 PA; tropical 3,331 10.8 2.8 28.7 4.2 PA; temperate 366,145 10.7 33.3 4.6 12.5 PA; polar 276,186 2.4 26.5 1.9 8.3 a FL, free-living; PA, particle associated. Geographical zones: tropical, between 23.5°S and 23.5°N latitude; temperate, from 23.5°N and 66.5°N and from 23.5°S to 66.5°S; polar, from 66.5°N to the North Pole and from 66.5°S to the South Pole.",approved_eval_target_chunk,table_caption,"TABLE 2 Percentages of the lineages CHAB-I-5, SAG-O19, NAC11-7, and DC5-80-3 in the free-living and particle-associated Roseobacter communities at different temperature zones Living style; geographical Total no. of roseobacter reads % of lineage in community FL; tropical 348,245 6.7 3.2 45.6 5.2 FL; temperate 1,002,370 9.2 23.1 12.9 30.3 FL; polar 184,498 3.3 35.0 3.6 14.6 PA; tropical 3,331 10.8 2.8 28.7 4.2 PA; temperate 366,145 10.7 33.3 4.6 12.5 PA; polar 276,186 2.4 26.5 1.9 8.3 a FL, free-living; PA, particle associated. Geographical zones: tropical, between 23.5°S and 23.5°N latitude; temperate, from 23.5°N and 66.5°N and from 23.5°S to 66.5°S; polar, from 66.5°N to the North Pole and from 66.5°S to the South Pole.",true,/home/gmy/bio-agent-workspace/bge-service/reports/phase5d_caption_cleanup_audit/protected_short_captions.csv
doc_0376,p11_b0088,Table S1. Sequences of primers for genes and intestinal bacteria.,short_caption_with_semantic_anchor,table_caption,Table S1. Sequences of primers for genes and intestinal bacteria.,true,/home/gmy/bio-agent-workspace/bge-service/reports/phase5d_caption_cleanup_audit/protected_short_captions.csv
doc_0376,p4_b0039,Table S1. Each reac- tion was run in a volume of 25 μL with 12.,short_caption_with_semantic_anchor,table_caption,Table S1. Each reac- tion was run in a volume of 25 μL with 12.,true,/home/gmy/bio-agent-workspace/bge-service/reports/phase5d_caption_cleanup_audit/protected_short_captions.csv
doc_0377,p5_b0052,TABLE 1 Demographic and baseline characteristics (safety population).,short_caption_with_semantic_anchor,table_caption,TABLE 1 Demographic and baseline characteristics (safety population).,true,/home/gmy/bio-agent-workspace/bge-service/reports/phase5d_caption_cleanup_audit/protected_short_captions.csv
doc_0377,p5_b0082,TABLE 4 Analysis of mean daily weight gain (grams) (PP population).,short_caption_with_semantic_anchor,table_caption,TABLE 4 Analysis of mean daily weight gain (grams) (PP population).,true,/home/gmy/bio-agent-workspace/bge-service/reports/phase5d_caption_cleanup_audit/protected_short_captions.csv
doc_0377,p7_b0101,TABLE 5 Weight gain as a function of age at enrollment.,short_caption_with_semantic_anchor,table_caption,TABLE 5 Weight gain as a function of age at enrollment.,true,/home/gmy/bio-agent-workspace/bge-service/reports/phase5d_caption_cleanup_audit/protected_short_captions.csv
doc_0377,p7_b0107,TABLE 6 Adverse events by system organ class and preferred term (safety population).,short_caption_with_semantic_anchor,table_caption,TABLE 6 Adverse events by system organ class and preferred term (safety population).,true,/home/gmy/bio-agent-workspace/bge-service/reports/phase5d_caption_cleanup_audit/protected_short_captions.csv
doc_0378,p11_b0074,Figure 3. Effect of f-HMO treatment on FD4 permeability on Caco2 cells.,short_caption_with_semantic_anchor,figure_caption,Figure 3. Effect of f-HMO treatment on FD4 permeability on Caco2 cells.,true,/home/gmy/bio-agent-workspace/bge-service/reports/phase5d_caption_cleanup_audit/protected_short_captions.csv
doc_0378,p12_b0086,Figure 4. Impact of f-HMO treatment on cytokine secretion of Caco2 cells.,short_caption_with_semantic_anchor,figure_caption,Figure 4. Impact of f-HMO treatment on cytokine secretion of Caco2 cells.,true,/home/gmy/bio-agent-workspace/bge-service/reports/phase5d_caption_cleanup_audit/protected_short_captions.csv
doc_0378,p12_b0089,"Figure 4. Impact of f-HMO treatment on cytokine secretion of Caco2 cells. Caco2 cells grown on transwells were treated with f-2’FL, f-LNnT, and f-MIX samples, for 24 h. Total amount of secreted cytokines GRO-α, IL-6, IL-8, and TGF-β1–3 are shown (pg). Medium only treated cells (BL) and 5 mM butyratetreated cells were included as controls. The p-values shown alongside each comparison are FDR-corrected (see Section 2 for details).",approved_eval_target_chunk,figure_caption,"Figure 4. Impact of f-HMO treatment on cytokine secretion of Caco2 cells. Caco2 cells grown on transwells were treated with f-2’FL, f-LNnT, and f-MIX samples, for 24 h. Total amount of secreted cytokines GRO-α, IL-6, IL-8, and TGF-β1–3 are shown (pg). Medium only treated cells (BL) and 5 mM butyratetreated cells were included as controls. The p-values shown alongside each comparison are FDR-corrected (see Section 2 for details).",true,/home/gmy/bio-agent-workspace/bge-service/reports/phase5d_caption_cleanup_audit/protected_short_captions.csv
doc_0380,p4_b0037,Table 1. The male-to-female ratio in each group was identical.,short_caption_with_semantic_anchor,table_caption,Table 1. The male-to-female ratio in each group was identical.,true,/home/gmy/bio-agent-workspace/bge-service/reports/phase5d_caption_cleanup_audit/protected_short_captions.csv
doc_0380,p4_b0039,Table 1. Characteristics of the study population.,short_caption_with_semantic_anchor,table_caption,Table 1. Characteristics of the study population.,true,/home/gmy/bio-agent-workspace/bge-service/reports/phase5d_caption_cleanup_audit/protected_short_captions.csv
doc_0380,p5_b0058,Table 2. Adverse events according to the groups over the total study period.,short_caption_with_semantic_anchor,table_caption,Table 2. Adverse events according to the groups over the total study period.,true,/home/gmy/bio-agent-workspace/bge-service/reports/phase5d_caption_cleanup_audit/protected_short_captions.csv
doc_0381,p3_b0037,Figure 1. Construction of the metabolically engineered E.,short_caption_with_semantic_anchor,figure_caption,Figure 1. Construction of the metabolically engineered E.,true,/home/gmy/bio-agent-workspace/bge-service/reports/phase5d_caption_cleanup_audit/protected_short_captions.csv
doc_0381,p5_b0056,Figure 4. Introduction of BbhI for LNT and LNTri II production.,short_caption_with_semantic_anchor,figure_caption,Figure 4. Introduction of BbhI for LNT and LNTri II production.,true,/home/gmy/bio-agent-workspace/bge-service/reports/phase5d_caption_cleanup_audit/protected_short_captions.csv
doc_0382,p2_b0026,Table 1. All plas- mid constructions were performed using E.,short_caption_with_semantic_anchor,table_caption,Table 1. All plas- mid constructions were performed using E.,true,/home/gmy/bio-agent-workspace/bge-service/reports/phase5d_caption_cleanup_audit/protected_short_captions.csv
doc_0384,p4_b0038,Fig. 3. Screening for TFBSs on natural promoters.,short_caption_with_semantic_anchor,figure_caption,Fig. 3. Screening for TFBSs on natural promoters.,true,/home/gmy/bio-agent-workspace/bge-service/reports/phase5d_caption_cleanup_audit/protected_short_captions.csv
doc_0384,p6_b0063,Fig. 4. Strength Identification of Yeast Endogenous Promoters and Validation of TFBSs Combination.,short_caption_with_semantic_anchor,figure_caption,Fig. 4. Strength Identification of Yeast Endogenous Promoters and Validation of TFBSs Combination.,true,/home/gmy/bio-agent-workspace/bge-service/reports/phase5d_caption_cleanup_audit/protected_short_captions.csv
doc_0385,p34_b0604,Figure 5. Investigation of cofactor supply in periplasm affecting SAA biosynthesis. (A),short_caption_with_semantic_anchor,figure_caption,Figure 5. Investigation of cofactor supply in periplasm affecting SAA biosynthesis. (A),true,/home/gmy/bio-agent-workspace/bge-service/reports/phase5d_caption_cleanup_audit/protected_short_captions.csv
doc_0385,p39_b0696,Figure 6. Investigation of FADH2 supply in cytoplasm affecting SAA biosynthesis. (A),short_caption_with_semantic_anchor,figure_caption,Figure 6. Investigation of FADH2 supply in cytoplasm affecting SAA biosynthesis. (A),true,/home/gmy/bio-agent-workspace/bge-service/reports/phase5d_caption_cleanup_audit/protected_short_captions.csv
doc_0385,p42_b0737,Figure 7. Combinatorial engineering of cytoplasm and periplasm for SAA production. (A),short_caption_with_semantic_anchor,figure_caption,Figure 7. Combinatorial engineering of cytoplasm and periplasm for SAA production. (A),true,/home/gmy/bio-agent-workspace/bge-service/reports/phase5d_caption_cleanup_audit/protected_short_captions.csv
doc_0387,p11_b0106,"Figure S4 Western blot analysis of FliC, OmpC, and Crp.",short_caption_with_semantic_anchor,figure_caption,"Figure S4 Western blot analysis of FliC, OmpC, and Crp.",true,/home/gmy/bio-agent-workspace/bge-service/reports/phase5d_caption_cleanup_audit/protected_short_captions.csv
doc_0387,p12_b0110,Figure S6 eDNA in biofilms of BW25113 and RN102. (A),short_caption_with_semantic_anchor,figure_caption,Figure S6 eDNA in biofilms of BW25113 and RN102. (A),true,/home/gmy/bio-agent-workspace/bge-service/reports/phase5d_caption_cleanup_audit/protected_short_captions.csv
doc_0387,p12_b0112,Table S1 Oligonucleotides used in this study. (XLS),short_caption_with_semantic_anchor,table_caption,Table S1 Oligonucleotides used in this study. (XLS),true,/home/gmy/bio-agent-workspace/bge-service/reports/phase5d_caption_cleanup_audit/protected_short_captions.csv
doc_0387,p4_b0039,Figure 3. Autoaggregation phenotype by LPS mutants.,short_caption_with_semantic_anchor,figure_caption,Figure 3. Autoaggregation phenotype by LPS mutants.,true,/home/gmy/bio-agent-workspace/bge-service/reports/phase5d_caption_cleanup_audit/protected_short_captions.csv
doc_0387,p5_b0046,Figure 5. Loss of flagella in RN102.,short_caption_with_semantic_anchor,figure_caption,Figure 5. Loss of flagella in RN102.,true,/home/gmy/bio-agent-workspace/bge-service/reports/phase5d_caption_cleanup_audit/protected_short_captions.csv
doc_0387,p7_b0061,Figure 7. Loss of outer membrane integrity in strain RN102.,short_caption_with_semantic_anchor,figure_caption,Figure 7. Loss of outer membrane integrity in strain RN102.,true,/home/gmy/bio-agent-workspace/bge-service/reports/phase5d_caption_cleanup_audit/protected_short_captions.csv
doc_0387,p8_b0068,Figure 8. Analysis of OMV preparations.,short_caption_with_semantic_anchor,figure_caption,Figure 8. Analysis of OMV preparations.,true,/home/gmy/bio-agent-workspace/bge-service/reports/phase5d_caption_cleanup_audit/protected_short_captions.csv
doc_0388,p4_b0041,Table 2 Primers used in this study Primers Sequence (5′-3′),short_caption_with_semantic_anchor,table_caption,Table 2 Primers used in this study Primers Sequence (5′-3′),true,/home/gmy/bio-agent-workspace/bge-service/reports/phase5d_caption_cleanup_audit/protected_short_captions.csv
doc_0389,p11_b0076,Fig. 4. Performance and troubleshooting of H16B engineered mutants in large-scale fed-batch fermentation.,short_caption_with_semantic_anchor,figure_caption,Fig. 4. Performance and troubleshooting of H16B engineered mutants in large-scale fed-batch fermentation.,true,/home/gmy/bio-agent-workspace/bge-service/reports/phase5d_caption_cleanup_audit/protected_short_captions.csv
doc_0389,p8_b0070,Fig. 2. Screening for high-oil consumption strains.,short_caption_with_semantic_anchor,figure_caption,Fig. 2. Screening for high-oil consumption strains.,true,/home/gmy/bio-agent-workspace/bge-service/reports/phase5d_caption_cleanup_audit/protected_short_captions.csv
doc_0389,p9_b0073,"Fig. 3. Mechanism of the H16_A3043/H16_A3044 two-component system in enhancing oil consumption and PHA production. (A) Log2 fold change of metabolites in ΔA3043 compared to H16B at 10 h, normalized to residual cell mass. Metabolites associated with fatty acid oxidation and PHA biosynthesis are labeled in red, while those involved in nucleotide biosynthesis are labeled in green. (B) Percentage of PHA in biomass in ΔA3043 compared to H16B at 10 h and 32 h. (C) Log2 fold change of ribose-5-phosphate (R5P) and inosine monophosphate (IMP) in ΔA3043 compared to H16B at 10 h and 32 h, normalized to residual cell mass. (D) Growth curves of ΔA3043 and H16B in nutrient-rich and phosphorus-free media. (E) Gene transcription enrichment analysis in ΔA3043 compared to H16B at 10 h and 32 h. Data are shown as means ± SEM, n ≥ 3. Statistical significance in (B) and (C) was determined using a two-tailed Student’s t-test (*p < 0.05, **p < 0.01, ***p < 0.001). (For interpretation of the references to color in this figure legend, the reader is referred to the Web version of this article.)",approved_eval_target_chunk,figure_caption,"Fig. 3. Mechanism of the H16_A3043/H16_A3044 two-component system in enhancing oil consumption and PHA production. (A) Log2 fold change of metabolites in ΔA3043 compared to H16B at 10 h, normalized to residual cell mass. Metabolites associated with fatty acid oxidation and PHA biosynthesis are labeled in red, while those involved in nucleotide biosynthesis are labeled in green. (B) Percentage of PHA in biomass in ΔA3043 compared to H16B at 10 h and 32 h. (C) Log2 fold change of ribose-5-phosphate (R5P) and inosine monophosphate (IMP) in ΔA3043 compared to H16B at 10 h and 32 h, normalized to residual cell mass. (D) Growth curves of ΔA3043 and H16B in nutrient-rich and phosphorus-free media. (E) Gene transcription enrichment analysis in ΔA3043 compared to H16B at 10 h and 32 h. Data are shown as means ± SEM, n ≥ 3. Statistical significance in (B) and (C) was determined using a two-tailed Student’s t-test (*p < 0.05, **p < 0.01, ***p < 0.001). (For interpretation of the references to color in this figure legend, the reader is referred to the Web version of this article.)",true,/home/gmy/bio-agent-workspace/bge-service/reports/phase5d_caption_cleanup_audit/protected_short_captions.csv
doc_0390,p10_b0100,Table 1. Hippocampal IL-10 Vehicle-LNFPIII GWI-Vehicle GWI-LNFPIII GWI-Vehicle vs GWI-LNFPIII Region Dorsal 0.95 0.43 0.89 1.15 0.73 0.74 1.04 0.26 0.90 0.83 Ventral 1.41 0.38 0.48 1.11 0.34 0.84,short_caption_with_semantic_anchor,table_caption,Table 1. Hippocampal IL-10 Vehicle-LNFPIII GWI-Vehicle GWI-LNFPIII GWI-Vehicle vs GWI-LNFPIII Region Dorsal 0.95 0.43 0.89 1.15 0.73 0.74 1.04 0.26 0.90 0.83 Ventral 1.41 0.38 0.48 1.11 0.34 0.84,true,/home/gmy/bio-agent-workspace/bge-service/reports/phase5d_caption_cleanup_audit/protected_short_captions.csv
doc_0390,p3_b0029,Fig. 1. Experimental and behavioral timelines.,short_caption_with_semantic_anchor,figure_caption,Fig. 1. Experimental and behavioral timelines.,true,/home/gmy/bio-agent-workspace/bge-service/reports/phase5d_caption_cleanup_audit/protected_short_captions.csv
doc_0390,p7_b0083,Fig. 3. Long-term motor effects of prior GWI exposure and delayed LNFPIII treatment.,short_caption_with_semantic_anchor,figure_caption,Fig. 3. Long-term motor effects of prior GWI exposure and delayed LNFPIII treatment.,true,/home/gmy/bio-agent-workspace/bge-service/reports/phase5d_caption_cleanup_audit/protected_short_captions.csv
doc_0390,p8_b0091,Fig. 4. Long-term mood effects of prior GWI exposure and delayed LNFPIII treatment.,short_caption_with_semantic_anchor,figure_caption,Fig. 4. Long-term mood effects of prior GWI exposure and delayed LNFPIII treatment.,true,/home/gmy/bio-agent-workspace/bge-service/reports/phase5d_caption_cleanup_audit/protected_short_captions.csv
doc_0391,p12_b0088,Table S2. The quantitation of 16S rRNA was used to normalize the data.,short_caption_with_semantic_anchor,table_caption,Table S2. The quantitation of 16S rRNA was used to normalize the data.,true,/home/gmy/bio-agent-workspace/bge-service/reports/phase5d_caption_cleanup_audit/protected_short_captions.csv
doc_0391,p12_b0090,TABLE 1 Strains used in this study,short_caption_with_semantic_anchor,table_caption,TABLE 1 Strains used in this study,true,/home/gmy/bio-agent-workspace/bge-service/reports/phase5d_caption_cleanup_audit/protected_short_captions.csv
doc_0394,p3_b0026,Table S1. The total RNA of cells and C.,short_caption_with_semantic_anchor,table_caption,Table S1. The total RNA of cells and C.,true,/home/gmy/bio-agent-workspace/bge-service/reports/phase5d_caption_cleanup_audit/protected_short_captions.csv
doc_0394,p4_b0042,Fig. 1. Cytotoxicity of LNFPI and its inhibition of EV71 in RD cells.,short_caption_with_semantic_anchor,figure_caption,Fig. 1. Cytotoxicity of LNFPI and its inhibition of EV71 in RD cells.,true,/home/gmy/bio-agent-workspace/bge-service/reports/phase5d_caption_cleanup_audit/protected_short_captions.csv
doc_0394,p5_b0050,Fig. 3. LNFPI reduced EV71-induced oxidative stress in RD cells.,short_caption_with_semantic_anchor,figure_caption,Fig. 3. LNFPI reduced EV71-induced oxidative stress in RD cells.,true,/home/gmy/bio-agent-workspace/bge-service/reports/phase5d_caption_cleanup_audit/protected_short_captions.csv
doc_0394,p6_b0052,"Fig. 4. LNFPI mitigated EV71-associated cell apoptosis in mitochondria-dependent and death-receptor manner. (a) The Hoechst 33,258 assay was performed in EV71-induced RD cells with or without LNFPI pre-treatment and observed using fluorescence microscopy with × 100 and × 200 magnifications. (b) LNFPI affected apoptosis rates of RD cells subjected to PI and Annexin V staining after EV71 invasion using flow cytometry. (c) The caspase activity with and without LNFPI pre- treatment was examined. (d, e) The mRNA expressions of apoptosis-associated genes were calculated and displayed in bar graphs (*p < 0.05, **p < 0.01 compared with the normal group; #p < 0.05, ##p < 0.01 compared with the model group).",approved_eval_target_chunk,figure_caption,"Fig. 4. LNFPI mitigated EV71-associated cell apoptosis in mitochondria-dependent and death-receptor manner. (a) The Hoechst 33,258 assay was performed in EV71-induced RD cells with or without LNFPI pre-treatment and observed using fluorescence microscopy with × 100 and × 200 magnifications. (b) LNFPI affected apoptosis rates of RD cells subjected to PI and Annexin V staining after EV71 invasion using flow cytometry. (c) The caspase activity with and without LNFPI pre- treatment was examined. (d, e) The mRNA expressions of apoptosis-associated genes were calculated and displayed in bar graphs (*p < 0.05, **p < 0.01 compared with the normal group; #p < 0.05, ##p < 0.01 compared with the model group).",true,/home/gmy/bio-agent-workspace/bge-service/reports/phase5d_caption_cleanup_audit/protected_short_captions.csv
doc_0394,p7_b0056,Fig. 6. Anti-apoptotic effect of LNFPI treatment on C.,short_caption_with_semantic_anchor,figure_caption,Fig. 6. Anti-apoptotic effect of LNFPI treatment on C.,true,/home/gmy/bio-agent-workspace/bge-service/reports/phase5d_caption_cleanup_audit/protected_short_captions.csv
doc_0395,p11_b0104,Fig. 4. Multidrug efflux pumps and QS in Pseudomonas aeruginosa.,short_caption_with_semantic_anchor,figure_caption,Fig. 4. Multidrug efflux pumps and QS in Pseudomonas aeruginosa.,true,/home/gmy/bio-agent-workspace/bge-service/reports/phase5d_caption_cleanup_audit/protected_short_captions.csv
doc_0395,p2_b0020,Fig. 1. RND efflux pump gene structure and regulation.,short_caption_with_semantic_anchor,figure_caption,Fig. 1. RND efflux pump gene structure and regulation.,true,/home/gmy/bio-agent-workspace/bge-service/reports/phase5d_caption_cleanup_audit/protected_short_captions.csv
doc_0395,p3_b0029,Fig. 2. Functional role of MDR pumps in clinical and nonclinical environ- ments.,short_caption_with_semantic_anchor,figure_caption,Fig. 2. Functional role of MDR pumps in clinical and nonclinical environ- ments.,true,/home/gmy/bio-agent-workspace/bge-service/reports/phase5d_caption_cleanup_audit/protected_short_captions.csv
doc_0397,p12_b0188,Figure 6. Overview of Gibson Assembly® SDM of a circular template.,short_caption_with_semantic_anchor,figure_caption,Figure 6. Overview of Gibson Assembly® SDM of a circular template.,true,/home/gmy/bio-agent-workspace/bge-service/reports/phase5d_caption_cleanup_audit/protected_short_captions.csv
doc_0397,p13_b0199,Figure 7. Overview of Gibson Assembly® Site-Directed Mutagenesis of a linear template.,short_caption_with_semantic_anchor,figure_caption,Figure 7. Overview of Gibson Assembly® Site-Directed Mutagenesis of a linear template.,true,/home/gmy/bio-agent-workspace/bge-service/reports/phase5d_caption_cleanup_audit/protected_short_captions.csv
doc_0397,p15_b0225,Figure 9. Gibson Assembly® Shotgun Cloning.,short_caption_with_semantic_anchor,figure_caption,Figure 9. Gibson Assembly® Shotgun Cloning.,true,/home/gmy/bio-agent-workspace/bge-service/reports/phase5d_caption_cleanup_audit/protected_short_captions.csv
doc_0397,p25_b0425,Table 5. Gibson Assembly® PBnJ variations.,short_caption_with_semantic_anchor,table_caption,Table 5. Gibson Assembly® PBnJ variations.,true,/home/gmy/bio-agent-workspace/bge-service/reports/phase5d_caption_cleanup_audit/protected_short_captions.csv
doc_0397,p27_b0451,Figure 12. Overview of Gibson Assembly® PBnJTM 3’ Overhang Extension.,short_caption_with_semantic_anchor,figure_caption,Figure 12. Overview of Gibson Assembly® PBnJTM 3’ Overhang Extension.,true,/home/gmy/bio-agent-workspace/bge-service/reports/phase5d_caption_cleanup_audit/protected_short_captions.csv
doc_0397,p28_b0463,Figure 13. Overview of Gibson Assembly® PBnJTM Sequence Insertion Cloning.,short_caption_with_semantic_anchor,figure_caption,Figure 13. Overview of Gibson Assembly® PBnJTM Sequence Insertion Cloning.,true,/home/gmy/bio-agent-workspace/bge-service/reports/phase5d_caption_cleanup_audit/protected_short_captions.csv
doc_0397,p41_b0702,Table 7. Descriptions of recent key publications citing Gibson Assembly® Cloning.,short_caption_with_semantic_anchor,table_caption,Table 7. Descriptions of recent key publications citing Gibson Assembly® Cloning.,true,/home/gmy/bio-agent-workspace/bge-service/reports/phase5d_caption_cleanup_audit/protected_short_captions.csv
doc_0397,p5_b0107,"Figure 1. (B) Key Discoveries Enabling Synthetic Biology, 1987–2016.",short_caption_with_semantic_anchor,figure_caption,"Figure 1. (B) Key Discoveries Enabling Synthetic Biology, 1987–2016.",true,/home/gmy/bio-agent-workspace/bge-service/reports/phase5d_caption_cleanup_audit/protected_short_captions.csv
doc_0397,p9_b0158,Table 1. Gibson Assembly kits selection chart.,short_caption_with_semantic_anchor,table_caption,Table 1. Gibson Assembly kits selection chart.,true,/home/gmy/bio-agent-workspace/bge-service/reports/phase5d_caption_cleanup_audit/protected_short_captions.csv
doc_0398,p7_b0068,Figure 3. Some parts of this figure were created with BioRender.,short_caption_with_semantic_anchor,figure_caption,Figure 3. Some parts of this figure were created with BioRender.,true,/home/gmy/bio-agent-workspace/bge-service/reports/phase5d_caption_cleanup_audit/protected_short_captions.csv
doc_0400,p3_b0035,Figure 1. Bioproduction of LNnT in E.,short_caption_with_semantic_anchor,figure_caption,Figure 1. Bioproduction of LNnT in E.,true,/home/gmy/bio-agent-workspace/bge-service/reports/phase5d_caption_cleanup_audit/protected_short_captions.csv
doc_0401,p3_b0036,Figure 1. Bioproduction of LNnT in E.,short_caption_with_semantic_anchor,figure_caption,Figure 1. Bioproduction of LNnT in E.,true,/home/gmy/bio-agent-workspace/bge-service/reports/phase5d_caption_cleanup_audit/protected_short_captions.csv
doc_0402,p5_b0048,Table 1 | Sequences of specific primers for detected genes with corresponding accession number.,short_caption_with_semantic_anchor,table_caption,Table 1 | Sequences of specific primers for detected genes with corresponding accession number.,true,/home/gmy/bio-agent-workspace/bge-service/reports/phase5d_caption_cleanup_audit/protected_short_captions.csv
doc_0403,p6_b0054,Fig. 2 Pretreatment with 2’-FL reduced ischemic brain injury in vivo.,short_caption_with_semantic_anchor,figure_caption,Fig. 2 Pretreatment with 2’-FL reduced ischemic brain injury in vivo.,true,/home/gmy/bio-agent-workspace/bge-service/reports/phase5d_caption_cleanup_audit/protected_short_captions.csv
doc_0404,p2_b0036,Table 1. Overview of the structure of selected samples.,short_caption_with_semantic_anchor,table_caption,Table 1. Overview of the structure of selected samples.,true,/home/gmy/bio-agent-workspace/bge-service/reports/phase5d_caption_cleanup_audit/protected_short_captions.csv
doc_0404,p8_b0088,"Figure 5. 2′-FL, 3-FL, LNT2, and GOS elicited differential gene expression change in LS174T cells during IL-13 challenge. MUC2, TFF3, RETNLB, CHST5, and GAL3ST2 gene expression in LS174T cells was measured by real-time RT-PCR following simultaneous stimulation with 10 mg mL–1 of 2′-FL, 3-FL, LNT2, and GOS with IL-13 (5 ng mL–1) for 72 h. Results are presented as fold change against negative control. Data are presented as mean ± SD (n = 6). Statistical significance was measured using one-way analysis of variance with Dunnett multiple comparisons test (* vs control; # vs IL-13 group; #,*p < 0.05; ##,**p < 0.01; ###,***p < 0.001; ####,****p < 0.0001). and the Golgi-sulfotransferase genes CHST5 and GAL3ST2 in goblet cells. The reason for choosing this cell type and not other commonly used epithelial cell lines such as Caco2 is that LS174T cells are highly secretory and exhibit more of a clear intestinal mucus secreting goblet-cell phenotype. For that rea- son it is widely used in goblet cell function studies.[38,40,43] Non- transformed mucin-producing intestine epithelial cells could be a better choice but are to the best of our knowledge not avail- able yet. LS174T is also favored because it expresses all the tested genes under homeostatic condition, proinflammatory condition, and ER-stress,[38] which allows studying of the effects of individ- ual hMOs under pro-inflammatory or other diseased conditions.",approved_eval_target_chunk,figure_caption,"Figure 5. 2′-FL, 3-FL, LNT2, and GOS elicited differential gene expression change in LS174T cells during IL-13 challenge. MUC2, TFF3, RETNLB, CHST5, and GAL3ST2 gene expression in LS174T cells was measured by real-time RT-PCR following simultaneous stimulation with 10 mg mL–1 of 2′-FL, 3-FL, LNT2, and GOS with IL-13 (5 ng mL–1) for 72 h. Results are presented as fold change against negative control. Data are presented as mean ± SD (n = 6). Statistical significance was measured using one-way analysis of variance with Dunnett multiple comparisons test (* vs control; # vs IL-13 group; #,*p < 0.05; ##,**p < 0.01; ###,***p < 0.001; ####,****p < 0.0001). and the Golgi-sulfotransferase genes CHST5 and GAL3ST2 in goblet cells. The reason for choosing this cell type and not other commonly used epithelial cell lines such as Caco2 is that LS174T cells are highly secretory and exhibit more of a clear intestinal mucus secreting goblet-cell phenotype. For that rea- son it is widely used in goblet cell function studies.[38,40,43] Non- transformed mucin-producing intestine epithelial cells could be a better choice but are to the best of our knowledge not avail- able yet. LS174T is also favored because it expresses all the tested genes under homeostatic condition, proinflammatory condition, and ER-stress,[38] which allows studying of the effects of individ- ual hMOs under pro-inflammatory or other diseased conditions.",true,/home/gmy/bio-agent-workspace/bge-service/reports/phase5d_caption_cleanup_audit/protected_short_captions.csv
doc_0405,p3_b0039,Table 1. Characteristics of carbohydrates evaluated.,short_caption_with_semantic_anchor,table_caption,Table 1. Characteristics of carbohydrates evaluated.,true,/home/gmy/bio-agent-workspace/bge-service/reports/phase5d_caption_cleanup_audit/protected_short_captions.csv
doc_0406,p3_b0055,"Figure 1. The numbers of participants with 1, 2, 3, and 4 study visits were 49, 24, 18, and 8, respectively.",short_caption_with_semantic_anchor,figure_caption,"Figure 1. The numbers of participants with 1, 2, 3, and 4 study visits were 49, 24, 18, and 8, respectively.",true,/home/gmy/bio-agent-workspace/bge-service/reports/phase5d_caption_cleanup_audit/protected_short_captions.csv
doc_0407,p2_b0014,Fig. 1. Effects of 2′FL on physiological activities and cytokines in DSS-induced mice.,short_caption_with_semantic_anchor,figure_caption,Fig. 1. Effects of 2′FL on physiological activities and cytokines in DSS-induced mice.,true,/home/gmy/bio-agent-workspace/bge-service/reports/phase5d_caption_cleanup_audit/protected_short_captions.csv
doc_0407,p5_b0032,"Fig. 4. 2′FL inhibited the activation of ECM signaling pathway-related proteins. (A) The protein levels of TGF-β, SMAD2, p-SMAD2, SMAD3, p-SMAD3, SMAD4, β-actin; (B–E) The relative intensities of TGF-β/β-actin (B), p-SMAD2/SMAD2 (C), p-SMAD3/SMAD3 (C), SMAD4/β-actin (D). (n = 3).",approved_eval_target_chunk,figure_caption,"Fig. 4. 2′FL inhibited the activation of ECM signaling pathway-related proteins. (A) The protein levels of TGF-β, SMAD2, p-SMAD2, SMAD3, p-SMAD3, SMAD4, β-actin; (B–E) The relative intensities of TGF-β/β-actin (B), p-SMAD2/SMAD2 (C), p-SMAD3/SMAD3 (C), SMAD4/β-actin (D). (n = 3).",true,/home/gmy/bio-agent-workspace/bge-service/reports/phase5d_caption_cleanup_audit/protected_short_captions.csv
doc_0407,p7_b0039,Fig. 6. Efficacy of 2′FL on gut microbiota diversities and compositions.,short_caption_with_semantic_anchor,figure_caption,Fig. 6. Efficacy of 2′FL on gut microbiota diversities and compositions.,true,/home/gmy/bio-agent-workspace/bge-service/reports/phase5d_caption_cleanup_audit/protected_short_captions.csv
doc_0408,p7_b0074,"Fig. 3 Effect of 2’-FL supplementation on CCK-induced vagally-mediated gut-brain signaling. c-fos positive cells in the area postrema (AP, B) and nucleus of the solitary tract (NTS, C) of the hindbrain (A) in mice fed an LF or HF with or without 10% 2’-FL supplementation diet for 8 weeks. Red immunofluorescence represents fos-immunopositive cells, DAPI-positive nucleii are depicted in purple and IB4 immunofluorescence depicted in green. Two-way analysis of variance followed by Tukey’s or Sidak’s post-hoc test was used to determine differences among groups. Values are means ± SEMs; n = 8/group. Asterisk (#) denotes significant differences between Con vs. 2’-FL at P < 0.05. HF, high fat; HF/CON, HF without 2’-FL;",approved_eval_target_chunk,figure_caption,"Fig. 3 Effect of 2’-FL supplementation on CCK-induced vagally-mediated gut-brain signaling. c-fos positive cells in the area postrema (AP, B) and nucleus of the solitary tract (NTS, C) of the hindbrain (A) in mice fed an LF or HF with or without 10% 2’-FL supplementation diet for 8 weeks. Red immunofluorescence represents fos-immunopositive cells, DAPI-positive nucleii are depicted in purple and IB4 immunofluorescence depicted in green. Two-way analysis of variance followed by Tukey’s or Sidak’s post-hoc test was used to determine differences among groups. Values are means ± SEMs; n = 8/group. Asterisk (#) denotes significant differences between Con vs. 2’-FL at P < 0.05. HF, high fat; HF/CON, HF without 2’-FL;",true,/home/gmy/bio-agent-workspace/bge-service/reports/phase5d_caption_cleanup_audit/protected_short_captions.csv
doc_0408,p9_b0082,Fig. S9.† The MS/MS spectra of protonated 2′-FL (precursor ion at m/z 471.,short_caption_with_semantic_anchor,figure_caption,Fig. S9.† The MS/MS spectra of protonated 2′-FL (precursor ion at m/z 471.,true,/home/gmy/bio-agent-workspace/bge-service/reports/phase5d_caption_cleanup_audit/protected_short_captions.csv
doc_0411,p8_b0069,"Figure 5. MC-chymase down-regulated ZO-1, FAK, and P38 expressions of Caco-2 cells, DSLNT protected protein expressions against MC-chymase-induced disrup- tion.",approved_eval_target_chunk,figure_caption,"Figure 5. MC-chymase down-regulated ZO-1, FAK, and P38 expressions of Caco-2 cells, DSLNT protected protein expressions against MC-chymase-induced disrup- tion.",true,/home/gmy/bio-agent-workspace/bge-service/reports/phase5d_caption_cleanup_audit/protected_short_captions.csv
doc_0411,p9_b0072,Figure 6. DSLNT restored cell cycles against MC-chymase-induced dysregulation.,short_caption_with_semantic_anchor,figure_caption,Figure 6. DSLNT restored cell cycles against MC-chymase-induced dysregulation.,true,/home/gmy/bio-agent-workspace/bge-service/reports/phase5d_caption_cleanup_audit/protected_short_captions.csv
doc_0412,p19_b0219,Figure 5. Market infant formula (stage 1-3) supplemented with probiotics and prebiotics simultaneously.,short_caption_with_semantic_anchor,figure_caption,Figure 5. Market infant formula (stage 1-3) supplemented with probiotics and prebiotics simultaneously.,true,/home/gmy/bio-agent-workspace/bge-service/reports/phase5d_caption_cleanup_audit/protected_short_captions.csv
doc_0412,p7_b0066,Table 1. Bifidobacterium longum metabolizes HMO gene locus.,short_caption_with_semantic_anchor,table_caption,Table 1. Bifidobacterium longum metabolizes HMO gene locus.,true,/home/gmy/bio-agent-workspace/bge-service/reports/phase5d_caption_cleanup_audit/protected_short_captions.csv
doc_0412,p8_b0084,Table 2. Degradation of HMOs by B. longum.,short_caption_with_semantic_anchor,table_caption,Table 2. Degradation of HMOs by B. longum.,true,/home/gmy/bio-agent-workspace/bge-service/reports/phase5d_caption_cleanup_audit/protected_short_captions.csv
doc_0414,p6_b0077,Fig. 3. Biological pathways and processes affected by HMO treatment in pediatric IEOs.,short_caption_with_semantic_anchor,figure_caption,Fig. 3. Biological pathways and processes affected by HMO treatment in pediatric IEOs.,true,/home/gmy/bio-agent-workspace/bge-service/reports/phase5d_caption_cleanup_audit/protected_short_captions.csv
doc_0421,p13_b0158,Figure 10. Proposed biosynthetic pathway of lacto-N-novopentaose I (N4010b).,short_caption_with_semantic_anchor,figure_caption,Figure 10. Proposed biosynthetic pathway of lacto-N-novopentaose I (N4010b).,true,/home/gmy/bio-agent-workspace/bge-service/reports/phase5d_caption_cleanup_audit/protected_short_captions.csv
doc_0421,p2_b0021,"Table 1. Free lactose, β-d-Galp-(1,4)-d-Glcp-ol, is represented by [L4G].",short_caption_with_semantic_anchor,table_caption,"Table 1. Free lactose, β-d-Galp-(1,4)-d-Glcp-ol, is represented by [L4G].",true,/home/gmy/bio-agent-workspace/bge-service/reports/phase5d_caption_cleanup_audit/protected_short_captions.csv
doc_0421,p3_b0052,Table 2. Enzymes of the model.,short_caption_with_semantic_anchor,table_caption,Table 2. Enzymes of the model.,true,/home/gmy/bio-agent-workspace/bge-service/reports/phase5d_caption_cleanup_audit/protected_short_captions.csv
doc_0421,p6_b0081,Fig. 1: Base core patterns).,short_caption_with_semantic_anchor,figure_caption,Fig. 1: Base core patterns).,true,/home/gmy/bio-agent-workspace/bge-service/reports/phase5d_caption_cleanup_audit/protected_short_captions.csv
doc_0421,p6_b0089,Figure 3. Growth of HMOs predicted by the simulator.,short_caption_with_semantic_anchor,figure_caption,Figure 3. Growth of HMOs predicted by the simulator.,true,/home/gmy/bio-agent-workspace/bge-service/reports/phase5d_caption_cleanup_audit/protected_short_captions.csv
doc_0421,p7_b0097,"Fig. 1: magenta (1/1), blue (2/1), green (1/2), orange (2/2), red (0/1), cyan (0/2), grey (other, unclassified).",short_caption_with_semantic_anchor,figure_caption,"Fig. 1: magenta (1/1), blue (2/1), green (1/2), orange (2/2), red (0/1), cyan (0/2), grey (other, unclassified).",true,/home/gmy/bio-agent-workspace/bge-service/reports/phase5d_caption_cleanup_audit/protected_short_captions.csv
doc_0421,p9_b0114,Figure 6. Network of HMO compositions.,short_caption_with_semantic_anchor,figure_caption,Figure 6. Network of HMO compositions.,true,/home/gmy/bio-agent-workspace/bge-service/reports/phase5d_caption_cleanup_audit/protected_short_captions.csv
doc_0422,p3_b0041,Figure 2. Separation of oligosaccharides produced by LeX cells.,short_caption_with_semantic_anchor,figure_caption,Figure 2. Separation of oligosaccharides produced by LeX cells.,true,/home/gmy/bio-agent-workspace/bge-service/reports/phase5d_caption_cleanup_audit/protected_short_captions.csv
doc_0422,p5_b0065,Figure 3. FAB-MS analysis of permethylated and reduced compound 3.,short_caption_with_semantic_anchor,figure_caption,Figure 3. FAB-MS analysis of permethylated and reduced compound 3.,true,/home/gmy/bio-agent-workspace/bge-service/reports/phase5d_caption_cleanup_audit/protected_short_captions.csv
doc_0422,p7_b0081,Figure 5. FAB-MS analysis of permethylated and reduced compounds 4 and 5.,short_caption_with_semantic_anchor,figure_caption,Figure 5. FAB-MS analysis of permethylated and reduced compounds 4 and 5.,true,/home/gmy/bio-agent-workspace/bge-service/reports/phase5d_caption_cleanup_audit/protected_short_captions.csv
doc_0422,p8_b0098,"Table 4. E. coli strains and plasmids Strains or plasmids Description Source Escherichia coli JM 107 SupE D(lac-proAB) hsdR4 F0 traD36 proABþ lacI q lacZDM15 M 109 JM 107 recA JM 107 wcaJ::Kanr col 1K, DE3 col1K, DE3 Plasmids pSM9711 plasmid pET-11a fucT, Ampr pUC19 Ampr Biolabs pFUCT1 pUC19 fucT, Ampr pBBR plasmid pBBR-MCS1, Cmr plasmid pBBR-MCS3, Tet r pBBlgtB plasmid pBBR-MCS1 lgtB, Cmr pCW lgtA plasmid pCW oriþ lgtA, Ampr pLNT1T plasmid pBBR-MCS3 lgtA, lgtB, Tet r pRC1C pBBR-MCS1 rcsa, Cmr pLNTR1C plasmid pBBR-MCS1 lgtA, lgtB, rcsA, Cm r plasmid pBBR-MCS3 lgtA, lgtB, rcsA, Tet r LeX cells strain col 1K, DE3 pLNTR1T, pSM9711",approved_eval_target_chunk,table_caption,"Table 4. E. coli strains and plasmids Strains or plasmids Description Source Escherichia coli JM 107 SupE D(lac-proAB) hsdR4 F0 traD36 proABþ lacI q lacZDM15 M 109 JM 107 recA JM 107 wcaJ::Kanr col 1K, DE3 col1K, DE3 Plasmids pSM9711 plasmid pET-11a fucT, Ampr pUC19 Ampr Biolabs pFUCT1 pUC19 fucT, Ampr pBBR plasmid pBBR-MCS1, Cmr plasmid pBBR-MCS3, Tet r pBBlgtB plasmid pBBR-MCS1 lgtB, Cmr pCW lgtA plasmid pCW oriþ lgtA, Ampr pLNT1T plasmid pBBR-MCS3 lgtA, lgtB, Tet r pRC1C pBBR-MCS1 rcsa, Cmr pLNTR1C plasmid pBBR-MCS1 lgtA, lgtB, rcsA, Cm r plasmid pBBR-MCS3 lgtA, lgtB, rcsA, Tet r LeX cells strain col 1K, DE3 pLNTR1T, pSM9711",true,/home/gmy/bio-agent-workspace/bge-service/reports/phase5d_caption_cleanup_audit/protected_short_captions.csv
doc_0424,p5_b0074,"TABLE 2. Demographic and clinical characteristics of infants fed CF, EF with different levels of GOS and 20-fucosyllactose (EF1 or EF2), or HM n 1⁄4 101 n 1⁄4 104 n 1⁄4 109 n 1⁄4 106 Age at enrollment, days 3.",approved_eval_target_chunk,table_caption,"TABLE 2. Demographic and clinical characteristics of infants fed CF, EF with different levels of GOS and 20-fucosyllactose (EF1 or EF2), or HM n 1⁄4 101 n 1⁄4 104 n 1⁄4 109 n 1⁄4 106 Age at enrollment, days 3.",true,/home/gmy/bio-agent-workspace/bge-service/reports/phase5d_caption_cleanup_audit/protected_short_captions.csv
doc_0426,p10_b0111,Figure 5. Macroscopic composition of intestinal metabolites.,short_caption_with_semantic_anchor,figure_caption,Figure 5. Macroscopic composition of intestinal metabolites.,true,/home/gmy/bio-agent-workspace/bge-service/reports/phase5d_caption_cleanup_audit/protected_short_captions.csv
doc_0426,p11_b0117,Figure 6. Differential metabolite pathway bubble diagrams.,short_caption_with_semantic_anchor,figure_caption,Figure 6. Differential metabolite pathway bubble diagrams.,true,/home/gmy/bio-agent-workspace/bge-service/reports/phase5d_caption_cleanup_audit/protected_short_captions.csv
doc_0426,p12_b0121,Figure 7. Heat map of differential metabolite composition.,short_caption_with_semantic_anchor,figure_caption,Figure 7. Heat map of differential metabolite composition.,true,/home/gmy/bio-agent-workspace/bge-service/reports/phase5d_caption_cleanup_audit/protected_short_captions.csv
doc_0426,p13_b0125,Figure 8. Gut microbiota was analyzed for correlation with differential metabolites.,short_caption_with_semantic_anchor,figure_caption,Figure 8. Gut microbiota was analyzed for correlation with differential metabolites.,true,/home/gmy/bio-agent-workspace/bge-service/reports/phase5d_caption_cleanup_audit/protected_short_captions.csv
doc_0426,p7_b0089,Figure 3. LN n T + B.,short_caption_with_semantic_anchor,figure_caption,Figure 3. LN n T + B.,true,/home/gmy/bio-agent-workspace/bge-service/reports/phase5d_caption_cleanup_audit/protected_short_captions.csv
doc_0429,p2_b0030,Figure 1. De novo pathway of 2′-FL synthesis in E.,short_caption_with_semantic_anchor,figure_caption,Figure 1. De novo pathway of 2′-FL synthesis in E.,true,/home/gmy/bio-agent-workspace/bge-service/reports/phase5d_caption_cleanup_audit/protected_short_captions.csv
doc_0429,p5_b0051,Figure 2. Effect of the chassis strain on 2′-FL synthesis.,short_caption_with_semantic_anchor,figure_caption,Figure 2. Effect of the chassis strain on 2′-FL synthesis.,true,/home/gmy/bio-agent-workspace/bge-service/reports/phase5d_caption_cleanup_audit/protected_short_captions.csv
doc_0429,p6_b0059,Figure 5. Comparison of 2′-FL biosynthesis in the NJ-setA and NJ-tpyB strains.,short_caption_with_semantic_anchor,figure_caption,Figure 5. Comparison of 2′-FL biosynthesis in the NJ-setA and NJ-tpyB strains.,true,/home/gmy/bio-agent-workspace/bge-service/reports/phase5d_caption_cleanup_audit/protected_short_captions.csv
doc_0432,p5_b0067,"Table 1. All the recombinants (BA051, BA052, BA061) displayed increased metabolic efficiency compared with BA050.",approved_eval_target_chunk,table_caption,"Table 1. All the recombinants (BA051, BA052, BA061) displayed increased metabolic efficiency compared with BA050.",true,/home/gmy/bio-agent-workspace/bge-service/reports/phase5d_caption_cleanup_audit/protected_short_captions.csv
doc_0432,p7_b0106,Table 4. All strains were stored in 20% (w/v) glycerol at − 80 °C.,short_caption_with_semantic_anchor,table_caption,Table 4. All strains were stored in 20% (w/v) glycerol at − 80 °C.,true,/home/gmy/bio-agent-workspace/bge-service/reports/phase5d_caption_cleanup_audit/protected_short_captions.csv
doc_0432,p8_b0138,Table S1. The primers used for plasmid construction and gene knockout.,short_caption_with_semantic_anchor,table_caption,Table S1. The primers used for plasmid construction and gene knockout.,true,/home/gmy/bio-agent-workspace/bge-service/reports/phase5d_caption_cleanup_audit/protected_short_captions.csv
doc_0433,p2_b0026,Table S3. The heterologous genes used were codon-optimized for S.,short_caption_with_semantic_anchor,table_caption,Table S3. The heterologous genes used were codon-optimized for S.,true,/home/gmy/bio-agent-workspace/bge-service/reports/phase5d_caption_cleanup_audit/protected_short_captions.csv
doc_0433,p2_b0032,Figure 1. D-Pantothenic acid biosynthesis pathway.,short_caption_with_semantic_anchor,figure_caption,Figure 1. D-Pantothenic acid biosynthesis pathway.,true,/home/gmy/bio-agent-workspace/bge-service/reports/phase5d_caption_cleanup_audit/protected_short_captions.csv
doc_0433,p3_b0046,Figure 2. Screening of ADCs and PSs for D-pantothenic acid production in S.,short_caption_with_semantic_anchor,figure_caption,Figure 2. Screening of ADCs and PSs for D-pantothenic acid production in S.,true,/home/gmy/bio-agent-workspace/bge-service/reports/phase5d_caption_cleanup_audit/protected_short_captions.csv
doc_0433,p5_b0067,Figure 4. Combination of key enzymes for D-pantothenic acid synthesis in S.,short_caption_with_semantic_anchor,figure_caption,Figure 4. Combination of key enzymes for D-pantothenic acid synthesis in S.,true,/home/gmy/bio-agent-workspace/bge-service/reports/phase5d_caption_cleanup_audit/protected_short_captions.csv
doc_0433,p7_b0088,Figure 7. The fed-batch fermentation of DPA171.,short_caption_with_semantic_anchor,figure_caption,Figure 7. The fed-batch fermentation of DPA171.,true,/home/gmy/bio-agent-workspace/bge-service/reports/phase5d_caption_cleanup_audit/protected_short_captions.csv
doc_0434,p4_b0047,Fig. 1. Characterization of 20 E.,short_caption_with_semantic_anchor,figure_caption,Fig. 1. Characterization of 20 E.,true,/home/gmy/bio-agent-workspace/bge-service/reports/phase5d_caption_cleanup_audit/protected_short_captions.csv
doc_0434,p7_b0062,Fig. 3. Global analysis of intracellular fluxes in wild-type E.,short_caption_with_semantic_anchor,figure_caption,Fig. 3. Global analysis of intracellular fluxes in wild-type E.,true,/home/gmy/bio-agent-workspace/bge-service/reports/phase5d_caption_cleanup_audit/protected_short_captions.csv
doc_0435,p5_b0062,"Table S3. As a leading control, the housekeeping gene (16S rRNA) was utilized.",short_caption_with_semantic_anchor,table_caption,"Table S3. As a leading control, the housekeeping gene (16S rRNA) was utilized.",true,/home/gmy/bio-agent-workspace/bge-service/reports/phase5d_caption_cleanup_audit/protected_short_captions.csv
doc_0436,p11_b0078,Table S2. Point mutations were reconstructed using CRISPR-Cas system [56].,short_caption_with_semantic_anchor,table_caption,Table S2. Point mutations were reconstructed using CRISPR-Cas system [56].,true,/home/gmy/bio-agent-workspace/bge-service/reports/phase5d_caption_cleanup_audit/protected_short_captions.csv
doc_0436,p14_b0124,Fig. S1. Effects of methanol concentration on droplet stability.,short_caption_with_semantic_anchor,figure_caption,Fig. S1. Effects of methanol concentration on droplet stability.,true,/home/gmy/bio-agent-workspace/bge-service/reports/phase5d_caption_cleanup_audit/protected_short_captions.csv
doc_0436,p14_b0127,Fig. S2. Secondary validation of selected mutants by flask fermentation.,short_caption_with_semantic_anchor,figure_caption,Fig. S2. Secondary validation of selected mutants by flask fermentation.,true,/home/gmy/bio-agent-workspace/bge-service/reports/phase5d_caption_cleanup_audit/protected_short_captions.csv
doc_0437,p8_b0074,"TABLE 4 Growth rateS of DH5 and W cscRAKB::FRT harboring various different csc genes overexpressed from a high-copy-number plasmid using the lac promoter (cscA) or the native csc promoter (cscAK Strain Growth rate (h 1) 2% 0.2% DH5 /pCSCA DH5 /pCSCAK DH5 /pCSCAB 0.54 0.09 W cscRAKB/pCSCA 0.26 0.02 0.20 0.02 W cscRAKB/pCSCAK 0.82 0.04 0.38 0.02 W cscRAKB/pCSCAB 1.15 0.1 0.76 0.02 a All strains were able to grow on minimal agar plates with 2% or 0.2% sucrose. Growth rates were determined using MTP cultures in the same medium (liquid). NM, growth rate was not measurable in MTPs. Errors are standard deviations (n 3).",approved_eval_target_chunk,table_caption,"TABLE 4 Growth rateS of DH5 and W cscRAKB::FRT harboring various different csc genes overexpressed from a high-copy-number plasmid using the lac promoter (cscA) or the native csc promoter (cscAK Strain Growth rate (h 1) 2% 0.2% DH5 /pCSCA DH5 /pCSCAK DH5 /pCSCAB 0.54 0.09 W cscRAKB/pCSCA 0.26 0.02 0.20 0.02 W cscRAKB/pCSCAK 0.82 0.04 0.38 0.02 W cscRAKB/pCSCAB 1.15 0.1 0.76 0.02 a All strains were able to grow on minimal agar plates with 2% or 0.2% sucrose. Growth rates were determined using MTP cultures in the same medium (liquid). NM, growth rate was not measurable in MTPs. Errors are standard deviations (n 3).",true,/home/gmy/bio-agent-workspace/bge-service/reports/phase5d_caption_cleanup_audit/protected_short_captions.csv
doc_0438,p4_b0075,Fig. 1. Measurement of lactose and TMG transport.,short_caption_with_semantic_anchor,figure_caption,Fig. 1. Measurement of lactose and TMG transport.,true,/home/gmy/bio-agent-workspace/bge-service/reports/phase5d_caption_cleanup_audit/protected_short_captions.csv
doc_0438,p5_b0082,Fig. 2. Transport of lactose and TMG in gluconate-grown cells.,short_caption_with_semantic_anchor,figure_caption,Fig. 2. Transport of lactose and TMG in gluconate-grown cells.,true,/home/gmy/bio-agent-workspace/bge-service/reports/phase5d_caption_cleanup_audit/protected_short_captions.csv
doc_0438,p6_b0091,Fig. 4. Lactose and TMG transport in a crr mutant.,short_caption_with_semantic_anchor,figure_caption,Fig. 4. Lactose and TMG transport in a crr mutant.,true,/home/gmy/bio-agent-workspace/bge-service/reports/phase5d_caption_cleanup_audit/protected_short_captions.csv
doc_0439,p7_b0086,Figure 5. Effect of blocking competitive pathways on LNFP I biosynthesis.,short_caption_with_semantic_anchor,figure_caption,Figure 5. Effect of blocking competitive pathways on LNFP I biosynthesis.,true,/home/gmy/bio-agent-workspace/bge-service/reports/phase5d_caption_cleanup_audit/protected_short_captions.csv
doc_0439,p8_b0096,Figure 7. Fed-batch fermentation optimization in 5 L bioreactors.,short_caption_with_semantic_anchor,figure_caption,Figure 7. Fed-batch fermentation optimization in 5 L bioreactors.,true,/home/gmy/bio-agent-workspace/bge-service/reports/phase5d_caption_cleanup_audit/protected_short_captions.csv
doc_0440,p2_b0025,Figure 1. Schematic diagram of strategies for the multidimensional regulation of CsCE expression.,short_caption_with_semantic_anchor,figure_caption,Figure 1. Schematic diagram of strategies for the multidimensional regulation of CsCE expression.,true,/home/gmy/bio-agent-workspace/bge-service/reports/phase5d_caption_cleanup_audit/protected_short_captions.csv
doc_0440,p3_b0035,Figure 2. Effects of the codon optimization strategy on the expression of CsCE.,short_caption_with_semantic_anchor,figure_caption,Figure 2. Effects of the codon optimization strategy on the expression of CsCE.,true,/home/gmy/bio-agent-workspace/bge-service/reports/phase5d_caption_cleanup_audit/protected_short_captions.csv
doc_0440,p5_b0047,Figure 6. Effects of peptide fusion tag introduction on the expression of CsCE.,short_caption_with_semantic_anchor,figure_caption,Figure 6. Effects of peptide fusion tag introduction on the expression of CsCE.,true,/home/gmy/bio-agent-workspace/bge-service/reports/phase5d_caption_cleanup_audit/protected_short_captions.csv
doc_0440,p6_b0052,Figure 8. Effects of multiple strategies' coordinated regulation on the expression of CsCE.,short_caption_with_semantic_anchor,figure_caption,Figure 8. Effects of multiple strategies' coordinated regulation on the expression of CsCE.,true,/home/gmy/bio-agent-workspace/bge-service/reports/phase5d_caption_cleanup_audit/protected_short_captions.csv
doc_0441,p3_b0035,Fig. 1. Experimental design and description of the Gulf War Illness models.,short_caption_with_semantic_anchor,figure_caption,Fig. 1. Experimental design and description of the Gulf War Illness models.,true,/home/gmy/bio-agent-workspace/bge-service/reports/phase5d_caption_cleanup_audit/protected_short_captions.csv
doc_0442,p17_b0167,Table 8. cDNA were used as template for RT-qPCR assays.,short_caption_with_semantic_anchor,table_caption,Table 8. cDNA were used as template for RT-qPCR assays.,true,/home/gmy/bio-agent-workspace/bge-service/reports/phase5d_caption_cleanup_audit/protected_short_captions.csv
doc_0444,p5_b0059,Fig. 3. Y maze test.,short_caption_with_semantic_anchor,figure_caption,Fig. 3. Y maze test.,true,/home/gmy/bio-agent-workspace/bge-service/reports/phase5d_caption_cleanup_audit/protected_short_captions.csv
doc_0445,p6_b0056,Fig. 4. Transcriptomic analysis of the evolved strain.,short_caption_with_semantic_anchor,figure_caption,Fig. 4. Transcriptomic analysis of the evolved strain.,true,/home/gmy/bio-agent-workspace/bge-service/reports/phase5d_caption_cleanup_audit/protected_short_captions.csv
doc_0446,p3_b0035,Fig. 1. The study design scheme.,short_caption_with_semantic_anchor,figure_caption,Fig. 1. The study design scheme.,true,/home/gmy/bio-agent-workspace/bge-service/reports/phase5d_caption_cleanup_audit/protected_short_captions.csv
doc_0446,p7_b0059,Fig. 4. Assessment of motor powers using a handheld dynamometer.,short_caption_with_semantic_anchor,figure_caption,Fig. 4. Assessment of motor powers using a handheld dynamometer.,true,/home/gmy/bio-agent-workspace/bge-service/reports/phase5d_caption_cleanup_audit/protected_short_captions.csv
doc_0448,p8_b0047,Fig. 6. Quantitative real-time PCR validation of 8 differential expression genes.,short_caption_with_semantic_anchor,figure_caption,Fig. 6. Quantitative real-time PCR validation of 8 differential expression genes.,true,/home/gmy/bio-agent-workspace/bge-service/reports/phase5d_caption_cleanup_audit/protected_short_captions.csv
doc_0449,p10_b0106,Figure 5. Individual gangliosides with subterminal sialic acids inhibit P[11] PRV 4555 infection.,short_caption_with_semantic_anchor,figure_caption,Figure 5. Individual gangliosides with subterminal sialic acids inhibit P[11] PRV 4555 infection.,true,/home/gmy/bio-agent-workspace/bge-service/reports/phase5d_caption_cleanup_audit/protected_short_captions.csv
doc_0449,p11_b0111,Figure 6. Asialoglycosphingolipids do not inhibit P[11] PRV 4555 infection.,short_caption_with_semantic_anchor,figure_caption,Figure 6. Asialoglycosphingolipids do not inhibit P[11] PRV 4555 infection.,true,/home/gmy/bio-agent-workspace/bge-service/reports/phase5d_caption_cleanup_audit/protected_short_captions.csv
doc_0449,p7_b0089,Figure 2. Neuraminidase treatment of cells does not inhibit P[11] PRV 4555 infection.,short_caption_with_semantic_anchor,figure_caption,Figure 2. Neuraminidase treatment of cells does not inhibit P[11] PRV 4555 infection.,true,/home/gmy/bio-agent-workspace/bge-service/reports/phase5d_caption_cleanup_audit/protected_short_captions.csv
doc_0449,p9_b0101,Figure 4. Addition of gangliosides inhibits P[11] PRV 4555 infection.,short_caption_with_semantic_anchor,figure_caption,Figure 4. Addition of gangliosides inhibits P[11] PRV 4555 infection.,true,/home/gmy/bio-agent-workspace/bge-service/reports/phase5d_caption_cleanup_audit/protected_short_captions.csv
doc_0450,p10_b0089,Fig. 6. Effect of 6′-SL with B.,short_caption_with_semantic_anchor,figure_caption,Fig. 6. Effect of 6′-SL with B.,true,/home/gmy/bio-agent-workspace/bge-service/reports/phase5d_caption_cleanup_audit/protected_short_captions.csv
doc_0450,p4_b0039,Fig. 2. The optimum conditions for the preparation of B.,short_caption_with_semantic_anchor,figure_caption,Fig. 2. The optimum conditions for the preparation of B.,true,/home/gmy/bio-agent-workspace/bge-service/reports/phase5d_caption_cleanup_audit/protected_short_captions.csv
doc_0450,p5_b0049,Fig. 1. Schematic overview of synbiotic loaded microcapsules by emulsification/internal gelation method.,short_caption_with_semantic_anchor,figure_caption,Fig. 1. Schematic overview of synbiotic loaded microcapsules by emulsification/internal gelation method.,true,/home/gmy/bio-agent-workspace/bge-service/reports/phase5d_caption_cleanup_audit/protected_short_captions.csv
doc_0450,p8_b0077,Fig. 4. Physicochemical structural analysis of B.,short_caption_with_semantic_anchor,figure_caption,Fig. 4. Physicochemical structural analysis of B.,true,/home/gmy/bio-agent-workspace/bge-service/reports/phase5d_caption_cleanup_audit/protected_short_captions.csv
doc_0450,p9_b0086,Fig. 5. In vitro characterization of encapsulated B.,short_caption_with_semantic_anchor,figure_caption,Fig. 5. In vitro characterization of encapsulated B.,true,/home/gmy/bio-agent-workspace/bge-service/reports/phase5d_caption_cleanup_audit/protected_short_captions.csv
doc_0451,p2_b0020,"Table 1. In addition, a non-K12, sucrose-utilizing isolate of E.",short_caption_with_semantic_anchor,table_caption,"Table 1. In addition, a non-K12, sucrose-utilizing isolate of E.",true,/home/gmy/bio-agent-workspace/bge-service/reports/phase5d_caption_cleanup_audit/protected_short_captions.csv
doc_0451,p8_b0085,Table 3. Other strains of E.,short_caption_with_semantic_anchor,table_caption,Table 3. Other strains of E.,true,/home/gmy/bio-agent-workspace/bge-service/reports/phase5d_caption_cleanup_audit/protected_short_captions.csv
doc_0451,p8_b0089,Fig. 2 Control points in tyro- sine biosynthesis in E. coli,short_caption_with_semantic_anchor,figure_caption,Fig. 2 Control points in tyro- sine biosynthesis in E. coli,true,/home/gmy/bio-agent-workspace/bge-service/reports/phase5d_caption_cleanup_audit/protected_short_captions.csv
doc_0452,p3_b0054,Table 1. List of primer sequences used for qRT-PCR Name Forward primer sequence (5’-3’),short_caption_with_semantic_anchor,table_caption,Table 1. List of primer sequences used for qRT-PCR Name Forward primer sequence (5’-3’),true,/home/gmy/bio-agent-workspace/bge-service/reports/phase5d_caption_cleanup_audit/protected_short_captions.csv
doc_0452,p8_b0136,Fig. 6. 6’-SL inhibits LPS-induced MMP9 and MCP-1 expression in mouse endothelium.,short_caption_with_semantic_anchor,figure_caption,Fig. 6. 6’-SL inhibits LPS-induced MMP9 and MCP-1 expression in mouse endothelium.,true,/home/gmy/bio-agent-workspace/bge-service/reports/phase5d_caption_cleanup_audit/protected_short_captions.csv
doc_0452,p9_b0143,Fig. 7. Schematic illustration.,short_caption_with_semantic_anchor,figure_caption,Fig. 7. Schematic illustration.,true,/home/gmy/bio-agent-workspace/bge-service/reports/phase5d_caption_cleanup_audit/protected_short_captions.csv
doc_0453,p8_b0051,Fig. 3. Construction and application of the CRISPRi system.,short_caption_with_semantic_anchor,figure_caption,Fig. 3. Construction and application of the CRISPRi system.,true,/home/gmy/bio-agent-workspace/bge-service/reports/phase5d_caption_cleanup_audit/protected_short_captions.csv
doc_0454,p15_b0115,Figure 6. Metabolic engineering schematic illustration for enhanced erythritol synthesis by Yarrowia lipolytica.,short_caption_with_semantic_anchor,figure_caption,Figure 6. Metabolic engineering schematic illustration for enhanced erythritol synthesis by Yarrowia lipolytica.,true,/home/gmy/bio-agent-workspace/bge-service/reports/phase5d_caption_cleanup_audit/protected_short_captions.csv
doc_0454,p5_b0034,Table 1.Process parameters for erythritol production by screening and mutagenic strains.,short_caption_with_semantic_anchor,table_caption,Table 1.Process parameters for erythritol production by screening and mutagenic strains.,true,/home/gmy/bio-agent-workspace/bge-service/reports/phase5d_caption_cleanup_audit/protected_short_captions.csv
doc_0455,p6_b0056,Figure 3. Metabolic pathways for the whole cell biosynthesis of 2’-FL in E.,short_caption_with_semantic_anchor,figure_caption,Figure 3. Metabolic pathways for the whole cell biosynthesis of 2’-FL in E.,true,/home/gmy/bio-agent-workspace/bge-service/reports/phase5d_caption_cleanup_audit/protected_short_captions.csv
doc_0456,p11_b0138,Fig. 5. Engineered pathway for Neu5Ac and SL biosynthesis in E.,short_caption_with_semantic_anchor,figure_caption,Fig. 5. Engineered pathway for Neu5Ac and SL biosynthesis in E.,true,/home/gmy/bio-agent-workspace/bge-service/reports/phase5d_caption_cleanup_audit/protected_short_captions.csv
doc_0456,p2_b0018,Fig. 1. Structures of 3’-SL and 6’-SL.,short_caption_with_semantic_anchor,figure_caption,Fig. 1. Structures of 3’-SL and 6’-SL.,true,/home/gmy/bio-agent-workspace/bge-service/reports/phase5d_caption_cleanup_audit/protected_short_captions.csv
doc_0456,p3_b0025,Fig. 2. Physiological effects of SLs.,short_caption_with_semantic_anchor,figure_caption,Fig. 2. Physiological effects of SLs.,true,/home/gmy/bio-agent-workspace/bge-service/reports/phase5d_caption_cleanup_audit/protected_short_captions.csv
doc_0456,p4_b0030,Fig. 3. Potential catabolism pathway of SLs in bifidobacterial cells.,short_caption_with_semantic_anchor,figure_caption,Fig. 3. Potential catabolism pathway of SLs in bifidobacterial cells.,true,/home/gmy/bio-agent-workspace/bge-service/reports/phase5d_caption_cleanup_audit/protected_short_captions.csv
doc_0456,p9_b0105,Fig. 4. Multiple functions of P.,short_caption_with_semantic_anchor,figure_caption,Fig. 4. Multiple functions of P.,true,/home/gmy/bio-agent-workspace/bge-service/reports/phase5d_caption_cleanup_audit/protected_short_captions.csv
doc_0458,p10_b0103,Table 3. Nutrient composition and content of different infant milk powder.,short_caption_with_semantic_anchor,table_caption,Table 3. Nutrient composition and content of different infant milk powder.,true,/home/gmy/bio-agent-workspace/bge-service/reports/phase5d_caption_cleanup_audit/protected_short_captions.csv
doc_0458,p5_b0048,Figure 2. The degradation mechanism map of HMOs by Bifidobacteria.,short_caption_with_semantic_anchor,figure_caption,Figure 2. The degradation mechanism map of HMOs by Bifidobacteria.,true,/home/gmy/bio-agent-workspace/bge-service/reports/phase5d_caption_cleanup_audit/protected_short_captions.csv
doc_0458,p5_b0050,Figure 2. The degradation mechanism map of HMOs by Bifidobacteria.,short_caption_with_semantic_anchor,figure_caption,Figure 2. The degradation mechanism map of HMOs by Bifidobacteria.,true,/home/gmy/bio-agent-workspace/bge-service/reports/phase5d_caption_cleanup_audit/protected_short_captions.csv
doc_0458,p6_b0057,Table 1. Enzymes involved in the degradation of HMOs.,short_caption_with_semantic_anchor,table_caption,Table 1. Enzymes involved in the degradation of HMOs.,true,/home/gmy/bio-agent-workspace/bge-service/reports/phase5d_caption_cleanup_audit/protected_short_captions.csv
doc_0458,p8_b0077,Table 2. Utilization of HMOs by some intestinal bacteria.,short_caption_with_semantic_anchor,table_caption,Table 2. Utilization of HMOs by some intestinal bacteria.,true,/home/gmy/bio-agent-workspace/bge-service/reports/phase5d_caption_cleanup_audit/protected_short_captions.csv
doc_0459,p12_b0176,Fig. 3. Design of a dynamic regulation system in the NeuAc biosynthesis pathway.,short_caption_with_semantic_anchor,figure_caption,Fig. 3. Design of a dynamic regulation system in the NeuAc biosynthesis pathway.,true,/home/gmy/bio-agent-workspace/bge-service/reports/phase5d_caption_cleanup_audit/protected_short_captions.csv
doc_0459,p3_b0024,Fig. 1. a) Physiological function of sialic acid.,short_caption_with_semantic_anchor,figure_caption,Fig. 1. a) Physiological function of sialic acid.,true,/home/gmy/bio-agent-workspace/bge-service/reports/phase5d_caption_cleanup_audit/protected_short_captions.csv
doc_0460,p10_b0112,FIGURE 7 | Chemoenzymatic synthesis of Neu5Gcα2–3Galβ1–3GalNAc.,short_caption_with_semantic_anchor,figure_caption,FIGURE 7 | Chemoenzymatic synthesis of Neu5Gcα2–3Galβ1–3GalNAc.,true,/home/gmy/bio-agent-workspace/bge-service/reports/phase5d_caption_cleanup_audit/protected_short_captions.csv
doc_0460,p11_b0114,TABLE 1 | Chemoenzymatically synthesized Neu5Gc-containing glycans.,short_caption_with_semantic_anchor,table_caption,TABLE 1 | Chemoenzymatically synthesized Neu5Gc-containing glycans.,true,/home/gmy/bio-agent-workspace/bge-service/reports/phase5d_caption_cleanup_audit/protected_short_captions.csv
doc_0460,p16_b0129,"TABLE 2 | Chemoenzymatically synthesized sialosides containing 3FNeu5Gc, Neu4Ac5Gc, Neu5Gc9Ac, Neu5GcMe, Neu5GcAc, or Neu5GcBn.",approved_eval_target_chunk,table_caption,"TABLE 2 | Chemoenzymatically synthesized sialosides containing 3FNeu5Gc, Neu4Ac5Gc, Neu5Gc9Ac, Neu5GcMe, Neu5GcAc, or Neu5GcBn.",true,/home/gmy/bio-agent-workspace/bge-service/reports/phase5d_caption_cleanup_audit/protected_short_captions.csv
doc_0461,p2_b0020,Fig. 1. Various structures of common Sias and applications of Nue5Ac.,short_caption_with_semantic_anchor,figure_caption,Fig. 1. Various structures of common Sias and applications of Nue5Ac.,true,/home/gmy/bio-agent-workspace/bge-service/reports/phase5d_caption_cleanup_audit/protected_short_captions.csv
doc_0461,p7_b0074,Fig. 3. Genes and pathways in the Sias biology in eukaryotes.,short_caption_with_semantic_anchor,figure_caption,Fig. 3. Genes and pathways in the Sias biology in eukaryotes.,true,/home/gmy/bio-agent-workspace/bge-service/reports/phase5d_caption_cleanup_audit/protected_short_captions.csv
doc_0461,p8_b0081,Fig. 5. Whole-cell biotransformation of Neu5Ac.,short_caption_with_semantic_anchor,figure_caption,Fig. 5. Whole-cell biotransformation of Neu5Ac.,true,/home/gmy/bio-agent-workspace/bge-service/reports/phase5d_caption_cleanup_audit/protected_short_captions.csv
doc_0462,p21_b0338,Table 11. The approaches used are discussed in what follows.,short_caption_with_semantic_anchor,table_caption,Table 11. The approaches used are discussed in what follows.,true,/home/gmy/bio-agent-workspace/bge-service/reports/phase5d_caption_cleanup_audit/protected_short_captions.csv
doc_0462,p21_b0342,Fig. 8. Key process parameters for comparative evaluation of routes of sialo-oligosaccharide production.,short_caption_with_semantic_anchor,figure_caption,Fig. 8. Key process parameters for comparative evaluation of routes of sialo-oligosaccharide production.,true,/home/gmy/bio-agent-workspace/bge-service/reports/phase5d_caption_cleanup_audit/protected_short_captions.csv
doc_0462,p8_b0107,Fig. 3. Reactions catalyzed by multifunctional SiaTs.,short_caption_with_semantic_anchor,figure_caption,Fig. 3. Reactions catalyzed by multifunctional SiaTs.,true,/home/gmy/bio-agent-workspace/bge-service/reports/phase5d_caption_cleanup_audit/protected_short_captions.csv
doc_0463,p7_b0073,Figure 2. Schematic representation showing the 2′-FL/3-FL production in engineered E.,short_caption_with_semantic_anchor,figure_caption,Figure 2. Schematic representation showing the 2′-FL/3-FL production in engineered E.,true,/home/gmy/bio-agent-workspace/bge-service/reports/phase5d_caption_cleanup_audit/protected_short_captions.csv
doc_0463,p8_b0081,Figure 3. Structure of the catalytic site.,short_caption_with_semantic_anchor,figure_caption,Figure 3. Structure of the catalytic site.,true,/home/gmy/bio-agent-workspace/bge-service/reports/phase5d_caption_cleanup_audit/protected_short_captions.csv
doc_0463,p9_b0088,Figure 4. Schematic representation of LNnT/LNT production in engineered E.,short_caption_with_semantic_anchor,figure_caption,Figure 4. Schematic representation of LNnT/LNT production in engineered E.,true,/home/gmy/bio-agent-workspace/bge-service/reports/phase5d_caption_cleanup_audit/protected_short_captions.csv
doc_0465,p4_b0050,Table 3 Number of mothers and infants colonised in each milk group Milk group 1 Se+/Le+ Milk group 2 Se /Le+ Milk group 3 Se þ /Le − Milk group 4 Se−/Le − Milk group 5 Se−/Le − +no 3′-FL Total Number 84 (46%) 35 (19%) 42 (23%) 20 (11%) 2 (1%),approved_eval_target_chunk,table_caption,Table 3 Number of mothers and infants colonised in each milk group Milk group 1 Se+/Le+ Milk group 2 Se /Le+ Milk group 3 Se þ /Le − Milk group 4 Se−/Le − Milk group 5 Se−/Le − +no 3′-FL Total Number 84 (46%) 35 (19%) 42 (23%) 20 (11%) 2 (1%),true,/home/gmy/bio-agent-workspace/bge-service/reports/phase5d_caption_cleanup_audit/protected_short_captions.csv
doc_0466,p7_b0093,"Fig. 2 Anthropometric z-scores in the intention-to-treat population for a weight-for-age, b length-for-age, c head-circumference-for-age, and d weight-for-length from baseline (≤ 14 days of age) to 6 months of age. Values are means with SD as whiskers. No statistical differences between the feeding groups were observed at any time point using a robust ANCOVA comparing the changes from baseline in the anthropometric z-scores between the feeding groups and adjusted for baseline value, mode of delivery, sex, study center, and visit",approved_eval_target_chunk,figure_caption,"Fig. 2 Anthropometric z-scores in the intention-to-treat population for a weight-for-age, b length-for-age, c head-circumference-for-age, and d weight-for-length from baseline (≤ 14 days of age) to 6 months of age. Values are means with SD as whiskers. No statistical differences between the feeding groups were observed at any time point using a robust ANCOVA comparing the changes from baseline in the anthropometric z-scores between the feeding groups and adjusted for baseline value, mode of delivery, sex, study center, and visit",true,/home/gmy/bio-agent-workspace/bge-service/reports/phase5d_caption_cleanup_audit/protected_short_captions.csv
doc_0467,p4_b0043,"Figure 1. Methods available for treating crop residues (Ibrahim, 1983).",short_caption_with_semantic_anchor,figure_caption,"Figure 1. Methods available for treating crop residues (Ibrahim, 1983).",true,/home/gmy/bio-agent-workspace/bge-service/reports/phase5d_caption_cleanup_audit/protected_short_captions.csv
doc_0468,p4_b0050,"Table 3. Composition of the Commercial Bimuno GOS Powder (GOS-c) and Purified GOS-p Solutiona carbohydrate Bimuno GOS GOS-p HPLC fraction 1: DP4 and/or higher 9.9 18.4 HPLC fraction 2: DP4 and/or higher 16.3 31.5 HPLC fraction 3: DP3 32.6 42.5 HPLC fraction 4: DP2 35.8 7.7 glucose 4.9 not detected galactose 0.5 not detected aThe composition was analyzed using the HPLC method as described in the Materials and Methods section. The results are given as area under curve (area%), which is a percentage of peak area relative to the total area of all detected peaks. DP = degree of polymerization; HPLC = high-performance liquid chromatography; GOS = galacto- oligosaccharides; GOS-p = purified galacto-oligosaccharides, enriched in oligosaccharides.",approved_eval_target_chunk,table_caption,"Table 3. Composition of the Commercial Bimuno GOS Powder (GOS-c) and Purified GOS-p Solutiona carbohydrate Bimuno GOS GOS-p HPLC fraction 1: DP4 and/or higher 9.9 18.4 HPLC fraction 2: DP4 and/or higher 16.3 31.5 HPLC fraction 3: DP3 32.6 42.5 HPLC fraction 4: DP2 35.8 7.7 glucose 4.9 not detected galactose 0.5 not detected aThe composition was analyzed using the HPLC method as described in the Materials and Methods section. The results are given as area under curve (area%), which is a percentage of peak area relative to the total area of all detected peaks. DP = degree of polymerization; HPLC = high-performance liquid chromatography; GOS = galacto- oligosaccharides; GOS-p = purified galacto-oligosaccharides, enriched in oligosaccharides.",true,/home/gmy/bio-agent-workspace/bge-service/reports/phase5d_caption_cleanup_audit/protected_short_captions.csv
doc_0468,p6_b0060,Figure 2. Effects of carbon sources on bifidobacterial growth.,short_caption_with_semantic_anchor,figure_caption,Figure 2. Effects of carbon sources on bifidobacterial growth.,true,/home/gmy/bio-agent-workspace/bge-service/reports/phase5d_caption_cleanup_audit/protected_short_captions.csv
doc_0468,p8_b0079,Figure 4. Effects of carbon sources on potentially pathogenic bacterial growth.,short_caption_with_semantic_anchor,figure_caption,Figure 4. Effects of carbon sources on potentially pathogenic bacterial growth.,true,/home/gmy/bio-agent-workspace/bge-service/reports/phase5d_caption_cleanup_audit/protected_short_captions.csv
doc_0469,p8_b0072,Fig. 5. Susceptibility of the fucosyllactose-supplemented mice to acute colitis.,short_caption_with_semantic_anchor,figure_caption,Fig. 5. Susceptibility of the fucosyllactose-supplemented mice to acute colitis.,true,/home/gmy/bio-agent-workspace/bge-service/reports/phase5d_caption_cleanup_audit/protected_short_captions.csv
doc_0470,p3_b0033,Fig. 1. Cytotoxicity of milk components.,short_caption_with_semantic_anchor,figure_caption,Fig. 1. Cytotoxicity of milk components.,true,/home/gmy/bio-agent-workspace/bge-service/reports/phase5d_caption_cleanup_audit/protected_short_captions.csv
doc_0470,p5_b0049,Fig. 4. Inhibition of T1L and T3D HA by milk components.,short_caption_with_semantic_anchor,figure_caption,Fig. 4. Inhibition of T1L and T3D HA by milk components.,true,/home/gmy/bio-agent-workspace/bge-service/reports/phase5d_caption_cleanup_audit/protected_short_captions.csv
doc_0471,p3_b0033,Fig. 1. Cytotoxicity of milk components.,short_caption_with_semantic_anchor,figure_caption,Fig. 1. Cytotoxicity of milk components.,true,/home/gmy/bio-agent-workspace/bge-service/reports/phase5d_caption_cleanup_audit/protected_short_captions.csv
doc_0471,p5_b0049,Fig. 4. Inhibition of T1L and T3D HA by milk components.,short_caption_with_semantic_anchor,figure_caption,Fig. 4. Inhibition of T1L and T3D HA by milk components.,true,/home/gmy/bio-agent-workspace/bge-service/reports/phase5d_caption_cleanup_audit/protected_short_captions.csv
doc_0471,p6_b0055,"Fig. 5. The reovirus S1 gene segment determines strain-specific differences in HAI. (A) Purified virions of T1L, rs1HA3, T3D, and rs3HA1 were electropheresed in a 4–20% gradient polyacrylamide gel, followed by ethidium bromide staining. Viral gene segments were visualized using UV irradiation. Gene segments of T1L (red) and T3D (blue) are indicated. (B, C) Reovirus strains 1HA3 and 3HA1 (4 HA units) were pretreated with the concentrations of the components shown and incubated at RT for 1 h. Bovine erythrocytes were added to the 1HA3-component mixtures (B), and human erythrocytes were added to the 3HA1-component mixtures (C). Cells were treated with PBS alone (PBS) and 1:2 serial dilutions of DMSO, either with virus at a concentration of 4 HA units (DMSO þ V) or without virus (DMSO), as controls. Two-fold serial dilutions of virus starting at 4 HA units were used as a virus control (V). Cells were incubated at 4 1C for 3 h and scored for HA. Results are expressed as the lowest concentration of milk component that inhibited HA (HAI concentration) by 1HA3 (D) or 3HA1 (E) for three independent experiments. Error bars represent SD. ND, HAI was not detected. (For interpretation of the references to color in this figure legend, the reader is referred to the web version of this article.)",approved_eval_target_chunk,figure_caption,"Fig. 5. The reovirus S1 gene segment determines strain-specific differences in HAI. (A) Purified virions of T1L, rs1HA3, T3D, and rs3HA1 were electropheresed in a 4–20% gradient polyacrylamide gel, followed by ethidium bromide staining. Viral gene segments were visualized using UV irradiation. Gene segments of T1L (red) and T3D (blue) are indicated. (B, C) Reovirus strains 1HA3 and 3HA1 (4 HA units) were pretreated with the concentrations of the components shown and incubated at RT for 1 h. Bovine erythrocytes were added to the 1HA3-component mixtures (B), and human erythrocytes were added to the 3HA1-component mixtures (C). Cells were treated with PBS alone (PBS) and 1:2 serial dilutions of DMSO, either with virus at a concentration of 4 HA units (DMSO þ V) or without virus (DMSO), as controls. Two-fold serial dilutions of virus starting at 4 HA units were used as a virus control (V). Cells were incubated at 4 1C for 3 h and scored for HA. Results are expressed as the lowest concentration of milk component that inhibited HA (HAI concentration) by 1HA3 (D) or 3HA1 (E) for three independent experiments. Error bars represent SD. ND, HAI was not detected. (For interpretation of the references to color in this figure legend, the reader is referred to the web version of this article.)",true,/home/gmy/bio-agent-workspace/bge-service/reports/phase5d_caption_cleanup_audit/protected_short_captions.csv
doc_0472,p3_b0041,"Figure 1. Coupling reaction of 6′-sialyllactose to Ac-SOC4[(Ac)2,(Aoa)2]-NH2 2.",short_caption_with_semantic_anchor,figure_caption,"Figure 1. Coupling reaction of 6′-sialyllactose to Ac-SOC4[(Ac)2,(Aoa)2]-NH2 2.",true,/home/gmy/bio-agent-workspace/bge-service/reports/phase5d_caption_cleanup_audit/protected_short_captions.csv
doc_0474,p3_b0033,Figure 1. Experimental design of the SHIME.,short_caption_with_semantic_anchor,figure_caption,Figure 1. Experimental design of the SHIME.,true,/home/gmy/bio-agent-workspace/bge-service/reports/phase5d_caption_cleanup_audit/protected_short_captions.csv
doc_0474,p3_b0035,Figure 1. Experimental design of the SHIME.,short_caption_with_semantic_anchor,figure_caption,Figure 1. Experimental design of the SHIME.,true,/home/gmy/bio-agent-workspace/bge-service/reports/phase5d_caption_cleanup_audit/protected_short_captions.csv
doc_0474,p6_b0052,Figure 4. Changes in the microbial composition.,short_caption_with_semantic_anchor,figure_caption,Figure 4. Changes in the microbial composition.,true,/home/gmy/bio-agent-workspace/bge-service/reports/phase5d_caption_cleanup_audit/protected_short_captions.csv
doc_0474,p7_b0059,Table 1. Effect of SL treatment on the microbial composition.,short_caption_with_semantic_anchor,table_caption,Table 1. Effect of SL treatment on the microbial composition.,true,/home/gmy/bio-agent-workspace/bge-service/reports/phase5d_caption_cleanup_audit/protected_short_captions.csv
doc_0474,p8_b0131,Figure 5. Caco-2 epithelial permeability assay.,short_caption_with_semantic_anchor,figure_caption,Figure 5. Caco-2 epithelial permeability assay.,true,/home/gmy/bio-agent-workspace/bge-service/reports/phase5d_caption_cleanup_audit/protected_short_captions.csv
doc_0475,p2_b0024,Figure 1. Outcomes of CCK-8 assays of HEI-OC1 cells.,short_caption_with_semantic_anchor,figure_caption,Figure 1. Outcomes of CCK-8 assays of HEI-OC1 cells.,true,/home/gmy/bio-agent-workspace/bge-service/reports/phase5d_caption_cleanup_audit/protected_short_captions.csv
doc_0475,p4_b0044,Figure 2. Experimental equipment and study design.,short_caption_with_semantic_anchor,figure_caption,Figure 2. Experimental equipment and study design.,true,/home/gmy/bio-agent-workspace/bge-service/reports/phase5d_caption_cleanup_audit/protected_short_captions.csv
doc_0475,p5_b0050,Figure 3. ABR threshold shift of three groups at three time points.,short_caption_with_semantic_anchor,figure_caption,Figure 3. ABR threshold shift of three groups at three time points.,true,/home/gmy/bio-agent-workspace/bge-service/reports/phase5d_caption_cleanup_audit/protected_short_captions.csv
doc_0476,p5_b0045,Figure 4: Binding of 3SL to the ExD of VEGFR-2.,short_caption_with_semantic_anchor,figure_caption,Figure 4: Binding of 3SL to the ExD of VEGFR-2.,true,/home/gmy/bio-agent-workspace/bge-service/reports/phase5d_caption_cleanup_audit/protected_short_captions.csv
doc_0476,p6_b0049,Figure 6: Suppression of tumor growth by sialyllactose in tumor-bearing mice.,short_caption_with_semantic_anchor,figure_caption,Figure 6: Suppression of tumor growth by sialyllactose in tumor-bearing mice.,true,/home/gmy/bio-agent-workspace/bge-service/reports/phase5d_caption_cleanup_audit/protected_short_captions.csv
doc_0477,p4_b0103,"FIGURE 2. Analogues of GTP, guanosine, and guanine used in the structure-activity study.",short_caption_with_semantic_anchor,figure_caption,"FIGURE 2. Analogues of GTP, guanosine, and guanine used in the structure-activity study.",true,/home/gmy/bio-agent-workspace/bge-service/reports/phase5d_caption_cleanup_audit/protected_short_captions.csv
doc_0477,p5_b0122,FIGURE 3. Activation of Gln-dependent CTP formation by GTP analogues.,short_caption_with_semantic_anchor,figure_caption,FIGURE 3. Activation of Gln-dependent CTP formation by GTP analogues.,true,/home/gmy/bio-agent-workspace/bge-service/reports/phase5d_caption_cleanup_audit/protected_short_captions.csv
doc_0477,p9_b0194,FIGURE 5. Effect of guanosine on the glutaminase activity.,short_caption_with_semantic_anchor,figure_caption,FIGURE 5. Effect of guanosine on the glutaminase activity.,true,/home/gmy/bio-agent-workspace/bge-service/reports/phase5d_caption_cleanup_audit/protected_short_captions.csv
doc_0479,p7_b0098,"Fig. 4 | Excavation and identification of growth-regulated genes. a Grouping of different comparative strains. The genotypes of strains: ZQS16 (OCA5Δ), ZQS17 (PGI1Δ), ZQS18 (OCA5Δ; PGI1Δ). Comparison I and Comparison IV for sucrose phosphorolysismetabolism mode versus glucose metabolism mode. Comparison II and Comparison V were Crabtree-positive strains in the glucose metabolism pat- tern versus Crabtree-negative strains in the sucrose metabolism pattern. Compar- ison groups III and VI were Crabtree-positive versus Crabtree-negative strains in sucrose metabolism patterns. b Venn plots showing genes in the three comparison groups of the OCA5 knocked-out strains (Comparisons I, II, and III). c Venn plots showing genes in three comparison groups of OCA5 wild-type strains (Comparisons IV, V, and VI). d Heatmap illustrating the upregulation and downregulation of transcription levels for the selected 26 genes across different comparison groups.",approved_eval_target_chunk,figure_caption,"Fig. 4 | Excavation and identification of growth-regulated genes. a Grouping of different comparative strains. The genotypes of strains: ZQS16 (OCA5Δ), ZQS17 (PGI1Δ), ZQS18 (OCA5Δ; PGI1Δ). Comparison I and Comparison IV for sucrose phosphorolysismetabolism mode versus glucose metabolism mode. Comparison II and Comparison V were Crabtree-positive strains in the glucose metabolism pat- tern versus Crabtree-negative strains in the sucrose metabolism pattern. Compar- ison groups III and VI were Crabtree-positive versus Crabtree-negative strains in sucrose metabolism patterns. b Venn plots showing genes in the three comparison groups of the OCA5 knocked-out strains (Comparisons I, II, and III). c Venn plots showing genes in three comparison groups of OCA5 wild-type strains (Comparisons IV, V, and VI). d Heatmap illustrating the upregulation and downregulation of transcription levels for the selected 26 genes across different comparison groups.",true,/home/gmy/bio-agent-workspace/bge-service/reports/phase5d_caption_cleanup_audit/protected_short_captions.csv
doc_0480,p6_b0074,TABLE 1 | Growth-associated variables.,short_caption_with_semantic_anchor,table_caption,TABLE 1 | Growth-associated variables.,true,/home/gmy/bio-agent-workspace/bge-service/reports/phase5d_caption_cleanup_audit/protected_short_captions.csv
doc_0481,p13_b0118,Fig. 3. Supplementation impacts on immune cells.,short_caption_with_semantic_anchor,figure_caption,Fig. 3. Supplementation impacts on immune cells.,true,/home/gmy/bio-agent-workspace/bge-service/reports/phase5d_caption_cleanup_audit/protected_short_captions.csv
doc_0482,p4_b0039,Figure 1. Schematic depiction of the experimental design.,short_caption_with_semantic_anchor,figure_caption,Figure 1. Schematic depiction of the experimental design.,true,/home/gmy/bio-agent-workspace/bge-service/reports/phase5d_caption_cleanup_audit/protected_short_captions.csv
doc_0482,p5_b0063,Table 2. Analyzed concentrations of oligosaccharides (μg/mL).,short_caption_with_semantic_anchor,table_caption,Table 2. Analyzed concentrations of oligosaccharides (μg/mL).,true,/home/gmy/bio-agent-workspace/bge-service/reports/phase5d_caption_cleanup_audit/protected_short_captions.csv
doc_0482,p6_b0067,Figure 3. In vivo 1H-MR Spectra acquired at TE 30 ms in TARQUIN software.,short_caption_with_semantic_anchor,figure_caption,Figure 3. In vivo 1H-MR Spectra acquired at TE 30 ms in TARQUIN software.,true,/home/gmy/bio-agent-workspace/bge-service/reports/phase5d_caption_cleanup_audit/protected_short_captions.csv
doc_0483,p3_b0022,Fig. 1. One repeating unit as described in Fig.,short_caption_with_semantic_anchor,figure_caption,Fig. 1. One repeating unit as described in Fig.,true,/home/gmy/bio-agent-workspace/bge-service/reports/phase5d_caption_cleanup_audit/protected_short_captions.csv
doc_0484,p8_b0071,Figure 3. Alpha and beta diversity of the simulation samples.,short_caption_with_semantic_anchor,figure_caption,Figure 3. Alpha and beta diversity of the simulation samples.,true,/home/gmy/bio-agent-workspace/bge-service/reports/phase5d_caption_cleanup_audit/protected_short_captions.csv
doc_0485,p3_b0015,Table S1. The average colonization of E.,short_caption_with_semantic_anchor,table_caption,Table S1. The average colonization of E.,true,/home/gmy/bio-agent-workspace/bge-service/reports/phase5d_caption_cleanup_audit/protected_short_captions.csv
doc_0485,p6_b0030,Table 1. Concentration of inflammatory cytokines in different tissues from different groups.,short_caption_with_semantic_anchor,table_caption,Table 1. Concentration of inflammatory cytokines in different tissues from different groups.,true,/home/gmy/bio-agent-workspace/bge-service/reports/phase5d_caption_cleanup_audit/protected_short_captions.csv
doc_0485,p9_b0045,Table 2. The overall amount of SCFAs in the FL group was 66.,short_caption_with_semantic_anchor,table_caption,Table 2. The overall amount of SCFAs in the FL group was 66.,true,/home/gmy/bio-agent-workspace/bge-service/reports/phase5d_caption_cleanup_audit/protected_short_captions.csv
doc_0485,p9_b0047,Table 2. Concentration of SCFAs in the feces of each group.,short_caption_with_semantic_anchor,table_caption,Table 2. Concentration of SCFAs in the feces of each group.,true,/home/gmy/bio-agent-workspace/bge-service/reports/phase5d_caption_cleanup_audit/protected_short_captions.csv
doc_0486,p5_b0058,Figure 3C) relative to groups 1 and 2 (uninfected negative controls).,short_caption_with_semantic_anchor,figure_caption,Figure 3C) relative to groups 1 and 2 (uninfected negative controls).,true,/home/gmy/bio-agent-workspace/bge-service/reports/phase5d_caption_cleanup_audit/protected_short_captions.csv
doc_0487,p11_b0098,figure 6. Most mediate either the Akt or the SOCS2 pathway within MIF network.,short_caption_with_semantic_anchor,figure_caption,figure 6. Most mediate either the Akt or the SOCS2 pathway within MIF network.,true,/home/gmy/bio-agent-workspace/bge-service/reports/phase5d_caption_cleanup_audit/protected_short_captions.csv
doc_0488,p5_b0066,Figure 1. 2′-Fucosyllactose (2′-FL) relieved the inflammatory symptoms in β-LG–induced allergic mice.,short_caption_with_semantic_anchor,figure_caption,Figure 1. 2′-Fucosyllactose (2′-FL) relieved the inflammatory symptoms in β-LG–induced allergic mice.,true,/home/gmy/bio-agent-workspace/bge-service/reports/phase5d_caption_cleanup_audit/protected_short_captions.csv
doc_0488,p7_b0082,Figure 2. 2′-Fucosyllactose (2′-FL) decreased the β-LG–induced inflammatory response of RAW264.,short_caption_with_semantic_anchor,figure_caption,Figure 2. 2′-Fucosyllactose (2′-FL) decreased the β-LG–induced inflammatory response of RAW264.,true,/home/gmy/bio-agent-workspace/bge-service/reports/phase5d_caption_cleanup_audit/protected_short_captions.csv
doc_0488,p9_b0090,Figure 4. Effect of 2′-fucosyllactose (2′-FL) on miR-146a expression in RAW264.,short_caption_with_semantic_anchor,figure_caption,Figure 4. Effect of 2′-fucosyllactose (2′-FL) on miR-146a expression in RAW264.,true,/home/gmy/bio-agent-workspace/bge-service/reports/phase5d_caption_cleanup_audit/protected_short_captions.csv
doc_0491,p3_b0035,Fig. 1. The effect of 30-SL and 60-SL on adhesion of C.,short_caption_with_semantic_anchor,figure_caption,Fig. 1. The effect of 30-SL and 60-SL on adhesion of C.,true,/home/gmy/bio-agent-workspace/bge-service/reports/phase5d_caption_cleanup_audit/protected_short_captions.csv
doc_0491,p3_b0037,Fig. 2. Average biofilm biomass. Data are shown as means ± standard deviation.,short_caption_with_semantic_anchor,figure_caption,Fig. 2. Average biofilm biomass. Data are shown as means ± standard deviation.,true,/home/gmy/bio-agent-workspace/bge-service/reports/phase5d_caption_cleanup_audit/protected_short_captions.csv
doc_0492,p3_b0035,Fig. 1. The effect of 30-SL and 60-SL on adhesion of C.,short_caption_with_semantic_anchor,figure_caption,Fig. 1. The effect of 30-SL and 60-SL on adhesion of C.,true,/home/gmy/bio-agent-workspace/bge-service/reports/phase5d_caption_cleanup_audit/protected_short_captions.csv
doc_0492,p3_b0037,Fig. 2. Average biofilm biomass. Data are shown as means ± standard deviation.,short_caption_with_semantic_anchor,figure_caption,Fig. 2. Average biofilm biomass. Data are shown as means ± standard deviation.,true,/home/gmy/bio-agent-workspace/bge-service/reports/phase5d_caption_cleanup_audit/protected_short_captions.csv
doc_0493,p3_b0025,Table 2 The scoring form of mouse anaphylactic symptoms.,short_caption_with_semantic_anchor,table_caption,Table 2 The scoring form of mouse anaphylactic symptoms.,true,/home/gmy/bio-agent-workspace/bge-service/reports/phase5d_caption_cleanup_audit/protected_short_captions.csv
doc_0493,p3_b0049,Table 3 The sequence of mRNA-specific primers.,short_caption_with_semantic_anchor,table_caption,Table 3 The sequence of mRNA-specific primers.,true,/home/gmy/bio-agent-workspace/bge-service/reports/phase5d_caption_cleanup_audit/protected_short_captions.csv
doc_0494,p2_b0019,Fig. 1. Synthesis of α 1–2-fucosides with one-pot three-enzyme.,short_caption_with_semantic_anchor,figure_caption,Fig. 1. Synthesis of α 1–2-fucosides with one-pot three-enzyme.,true,/home/gmy/bio-agent-workspace/bge-service/reports/phase5d_caption_cleanup_audit/protected_short_captions.csv
doc_0495,p11_b0160,Fig. 3. The oxidation of one molecule stearic acid yields 35 molecules of NADH (1.,short_caption_with_semantic_anchor,figure_caption,Fig. 3. The oxidation of one molecule stearic acid yields 35 molecules of NADH (1.,true,/home/gmy/bio-agent-workspace/bge-service/reports/phase5d_caption_cleanup_audit/protected_short_captions.csv
doc_0496,p4_b0057,Figure 2. DEGs and KEGG enrichment analyses of jujube fruit during development.,short_caption_with_semantic_anchor,figure_caption,Figure 2. DEGs and KEGG enrichment analyses of jujube fruit during development.,true,/home/gmy/bio-agent-workspace/bge-service/reports/phase5d_caption_cleanup_audit/protected_short_captions.csv
doc_0499,p4_b0036,TABLE 2 Amino acids and their function in EvgS/EvgA,short_caption_with_semantic_anchor,table_caption,TABLE 2 Amino acids and their function in EvgS/EvgA,true,/home/gmy/bio-agent-workspace/bge-service/reports/phase5d_caption_cleanup_audit/protected_short_captions.csv
doc_0500,p2_b0015,Figure 1. Overview of integrating sucrose pathway genes from E.,short_caption_with_semantic_anchor,figure_caption,Figure 1. Overview of integrating sucrose pathway genes from E.,true,/home/gmy/bio-agent-workspace/bge-service/reports/phase5d_caption_cleanup_audit/protected_short_captions.csv
doc_0500,p5_b0036,Table 1. Integration Sites for Select csc Integrants name int.,short_caption_with_semantic_anchor,table_caption,Table 1. Integration Sites for Select csc Integrants name int.,true,/home/gmy/bio-agent-workspace/bge-service/reports/phase5d_caption_cleanup_audit/protected_short_captions.csv
doc_0501,p10_b0072,Figure 5. Thermal modulation of co-culture with Thermal-T7RNAP mutants.,short_caption_with_semantic_anchor,figure_caption,Figure 5. Thermal modulation of co-culture with Thermal-T7RNAP mutants.,true,/home/gmy/bio-agent-workspace/bge-service/reports/phase5d_caption_cleanup_audit/protected_short_captions.csv
doc_0501,p2_b0016,Figure 1. Direct thermal control of Thermal-T7RNAP.,short_caption_with_semantic_anchor,figure_caption,Figure 1. Direct thermal control of Thermal-T7RNAP.,true,/home/gmy/bio-agent-workspace/bge-service/reports/phase5d_caption_cleanup_audit/protected_short_captions.csv
doc_0501,p5_b0037,Figure 2. Dynamic control of Thermal-T7RNAPs.,short_caption_with_semantic_anchor,figure_caption,Figure 2. Dynamic control of Thermal-T7RNAPs.,true,/home/gmy/bio-agent-workspace/bge-service/reports/phase5d_caption_cleanup_audit/protected_short_captions.csv
doc_0501,p7_b0052,Figure 3. Automated screening of Thermal-T7RNAP mutants.,short_caption_with_semantic_anchor,figure_caption,Figure 3. Automated screening of Thermal-T7RNAP mutants.,true,/home/gmy/bio-agent-workspace/bge-service/reports/phase5d_caption_cleanup_audit/protected_short_captions.csv
doc_0502,p2_b0023,Figure 1. De novo synthetic pathway of DFL in engineered E.,short_caption_with_semantic_anchor,figure_caption,Figure 1. De novo synthetic pathway of DFL in engineered E.,true,/home/gmy/bio-agent-workspace/bge-service/reports/phase5d_caption_cleanup_audit/protected_short_captions.csv
doc_0502,p3_b0031,Table 1. Summary on the Engineered E.,short_caption_with_semantic_anchor,table_caption,Table 1. Summary on the Engineered E.,true,/home/gmy/bio-agent-workspace/bge-service/reports/phase5d_caption_cleanup_audit/protected_short_captions.csv
doc_0502,p4_b0049,"Figure 2. Fermented results of plasmid-free strains MGA4N-1, MGA4N-2, and MGA4N-3.",short_caption_with_semantic_anchor,figure_caption,"Figure 2. Fermented results of plasmid-free strains MGA4N-1, MGA4N-2, and MGA4N-3.",true,/home/gmy/bio-agent-workspace/bge-service/reports/phase5d_caption_cleanup_audit/protected_short_captions.csv
doc_0502,p7_b0063,Figure 5. Molecular docking results of mutant Fut3Bc (F24Y) with substrate 2′-FL (a).,short_caption_with_semantic_anchor,figure_caption,Figure 5. Molecular docking results of mutant Fut3Bc (F24Y) with substrate 2′-FL (a).,true,/home/gmy/bio-agent-workspace/bge-service/reports/phase5d_caption_cleanup_audit/protected_short_captions.csv
doc_0502,p7_b0065,Figure 6. Scale-up production of DFL in a 7 L bioreactor by strain MGA2S-5.,short_caption_with_semantic_anchor,figure_caption,Figure 6. Scale-up production of DFL in a 7 L bioreactor by strain MGA2S-5.,true,/home/gmy/bio-agent-workspace/bge-service/reports/phase5d_caption_cleanup_audit/protected_short_captions.csv
doc_0503,p2_b0025,FIG. 1. Morphology of CPS-and EPS-producing bacteria.,short_caption_with_semantic_anchor,figure_caption,FIG. 1. Morphology of CPS-and EPS-producing bacteria.,true,/home/gmy/bio-agent-workspace/bge-service/reports/phase5d_caption_cleanup_audit/protected_short_captions.csv
doc_0503,p3_b0046,FIG. 3. Structure of Wza from E.,short_caption_with_semantic_anchor,figure_caption,FIG. 3. Structure of Wza from E.,true,/home/gmy/bio-agent-workspace/bge-service/reports/phase5d_caption_cleanup_audit/protected_short_captions.csv
doc_0503,p6_b0059,TABLE 1. OPX and PCP proteins from gram-negative EPS and CPS assembly systems Acinetobacter venetianus RAG-1 CAB57195 27 (71),approved_eval_target_chunk,table_caption,TABLE 1. OPX and PCP proteins from gram-negative EPS and CPS assembly systems Acinetobacter venetianus RAG-1 CAB57195 27 (71),true,/home/gmy/bio-agent-workspace/bge-service/reports/phase5d_caption_cleanup_audit/protected_short_captions.csv
doc_0506,p2_b0016,Table 1. Luria−Bertani medium was used for the culture of all B.,short_caption_with_semantic_anchor,table_caption,Table 1. Luria−Bertani medium was used for the culture of all B.,true,/home/gmy/bio-agent-workspace/bge-service/reports/phase5d_caption_cleanup_audit/protected_short_captions.csv
doc_0506,p2_b0021,Figure 1. The LNnT biosynthetic pathway in B.,short_caption_with_semantic_anchor,figure_caption,Figure 1. The LNnT biosynthetic pathway in B.,true,/home/gmy/bio-agent-workspace/bge-service/reports/phase5d_caption_cleanup_audit/protected_short_captions.csv
doc_0506,p2_b0025,Table 1. Strains Used in This Study strains characteristics,short_caption_with_semantic_anchor,table_caption,Table 1. Strains Used in This Study strains characteristics,true,/home/gmy/bio-agent-workspace/bge-service/reports/phase5d_caption_cleanup_audit/protected_short_captions.csv
doc_0506,p3_b0036,Figure 2. Effects of sgRNAs with different inhibition efficiencies on LNnT production.,short_caption_with_semantic_anchor,figure_caption,Figure 2. Effects of sgRNAs with different inhibition efficiencies on LNnT production.,true,/home/gmy/bio-agent-workspace/bge-service/reports/phase5d_caption_cleanup_audit/protected_short_captions.csv
doc_0508,p6_b0070,TABLE 1 Study participants’ baseline characteristics (n = 19).,short_caption_with_semantic_anchor,table_caption,TABLE 1 Study participants’ baseline characteristics (n = 19).,true,/home/gmy/bio-agent-workspace/bge-service/reports/phase5d_caption_cleanup_audit/protected_short_captions.csv
doc_0510,p2_b0019,Table 1. All primers used for plasmid construction are listed in Table S1.,short_caption_with_semantic_anchor,table_caption,Table 1. All primers used for plasmid construction are listed in Table S1.,true,/home/gmy/bio-agent-workspace/bge-service/reports/phase5d_caption_cleanup_audit/protected_short_captions.csv
doc_0510,p5_b0062,Figure 3. Screening of genes related to LNT metabolic pathway in E.,short_caption_with_semantic_anchor,figure_caption,Figure 3. Screening of genes related to LNT metabolic pathway in E.,true,/home/gmy/bio-agent-workspace/bge-service/reports/phase5d_caption_cleanup_audit/protected_short_captions.csv
doc_0510,p6_b0067,Figure 4. Modular engineering of the LNT biosynthesis pathway.,short_caption_with_semantic_anchor,figure_caption,Figure 4. Modular engineering of the LNT biosynthesis pathway.,true,/home/gmy/bio-agent-workspace/bge-service/reports/phase5d_caption_cleanup_audit/protected_short_captions.csv
doc_0510,p7_b0079,Figure 5. Improving LNT biosynthesis by inactivation genes in UDP-Gal bypass pathways.,short_caption_with_semantic_anchor,figure_caption,Figure 5. Improving LNT biosynthesis by inactivation genes in UDP-Gal bypass pathways.,true,/home/gmy/bio-agent-workspace/bge-service/reports/phase5d_caption_cleanup_audit/protected_short_captions.csv
doc_0511,p3_b0035,Figure 2. Building of the LNnT synthesis pathway.,short_caption_with_semantic_anchor,figure_caption,Figure 2. Building of the LNnT synthesis pathway.,true,/home/gmy/bio-agent-workspace/bge-service/reports/phase5d_caption_cleanup_audit/protected_short_captions.csv
doc_0511,p5_b0053,Figure 4. Attempts to further improve production by inactivating the competitive pathways.,short_caption_with_semantic_anchor,figure_caption,Figure 4. Attempts to further improve production by inactivating the competitive pathways.,true,/home/gmy/bio-agent-workspace/bge-service/reports/phase5d_caption_cleanup_audit/protected_short_captions.csv
doc_0511,p6_b0060,Figure 5. Improving LNnT production by optimizing glycerol metabolism pathway.,short_caption_with_semantic_anchor,figure_caption,Figure 5. Improving LNnT production by optimizing glycerol metabolism pathway.,true,/home/gmy/bio-agent-workspace/bge-service/reports/phase5d_caption_cleanup_audit/protected_short_captions.csv
doc_0511,p7_b0090,Figure 6. LNnT production by E28 strain in a bioreactor.,short_caption_with_semantic_anchor,figure_caption,Figure 6. LNnT production by E28 strain in a bioreactor.,true,/home/gmy/bio-agent-workspace/bge-service/reports/phase5d_caption_cleanup_audit/protected_short_captions.csv
doc_0512,p3_b0032,Figure 1. Reconstructed biosynthetic pathway of LNT in E.,short_caption_with_semantic_anchor,figure_caption,Figure 1. Reconstructed biosynthetic pathway of LNT in E.,true,/home/gmy/bio-agent-workspace/bge-service/reports/phase5d_caption_cleanup_audit/protected_short_captions.csv
doc_0512,p5_b0046,Figure 4. Improving LNT biosynthesis by blocking the competitive pathways.,short_caption_with_semantic_anchor,figure_caption,Figure 4. Improving LNT biosynthesis by blocking the competitive pathways.,true,/home/gmy/bio-agent-workspace/bge-service/reports/phase5d_caption_cleanup_audit/protected_short_captions.csv
doc_0512,p6_b0054,Figure 5. Improving LNT biosynthesis by enhancing UTP regeneration.,short_caption_with_semantic_anchor,figure_caption,Figure 5. Improving LNT biosynthesis by enhancing UTP regeneration.,true,/home/gmy/bio-agent-workspace/bge-service/reports/phase5d_caption_cleanup_audit/protected_short_captions.csv
doc_0513,p3_b0039,Figure 1. (A) Phylogenetic analysis of β-N-acetylhexosaminidases from various GH families.,short_caption_with_semantic_anchor,figure_caption,Figure 1. (A) Phylogenetic analysis of β-N-acetylhexosaminidases from various GH families.,true,/home/gmy/bio-agent-workspace/bge-service/reports/phase5d_caption_cleanup_audit/protected_short_captions.csv
doc_0513,p4_b0046,Figure 3. Characterization of FlaNag2353.,short_caption_with_semantic_anchor,figure_caption,Figure 3. Characterization of FlaNag2353.,true,/home/gmy/bio-agent-workspace/bge-service/reports/phase5d_caption_cleanup_audit/protected_short_captions.csv
doc_0513,p5_b0057,Figure 4. Effects of chemicals analyzed at 40 °C in pH 8.,short_caption_with_semantic_anchor,figure_caption,Figure 4. Effects of chemicals analyzed at 40 °C in pH 8.,true,/home/gmy/bio-agent-workspace/bge-service/reports/phase5d_caption_cleanup_audit/protected_short_captions.csv
doc_0513,p6_b0065,Figure 6. Effects on the trans-glycosylation activity of LNT2 by FlaNag2353.,short_caption_with_semantic_anchor,figure_caption,Figure 6. Effects on the trans-glycosylation activity of LNT2 by FlaNag2353.,true,/home/gmy/bio-agent-workspace/bge-service/reports/phase5d_caption_cleanup_audit/protected_short_captions.csv
doc_0513,p7_b0086,Figure 8. Molecular docking results.,short_caption_with_semantic_anchor,figure_caption,Figure 8. Molecular docking results.,true,/home/gmy/bio-agent-workspace/bge-service/reports/phase5d_caption_cleanup_audit/protected_short_captions.csv
doc_0514,p3_b0040,Figure 1. Bioproduction of LNnT and LNT in E. coli strains. (A),short_caption_with_semantic_anchor,figure_caption,Figure 1. Bioproduction of LNnT and LNT in E. coli strains. (A),true,/home/gmy/bio-agent-workspace/bge-service/reports/phase5d_caption_cleanup_audit/protected_short_captions.csv
doc_0514,p3_b0045,"Figure 1. continued (DE3), C43 (DE3), Rosetta (DE3), NovaBlue (DE3), and JM109 (DE3).",short_caption_with_semantic_anchor,figure_caption,"Figure 1. continued (DE3), C43 (DE3), Rosetta (DE3), NovaBlue (DE3), and JM109 (DE3).",true,/home/gmy/bio-agent-workspace/bge-service/reports/phase5d_caption_cleanup_audit/protected_short_captions.csv
doc_0514,p6_b0073,Figure 3. Optimization of LNnT and LNT production by different plasmid combinations.,short_caption_with_semantic_anchor,figure_caption,Figure 3. Optimization of LNnT and LNT production by different plasmid combinations.,true,/home/gmy/bio-agent-workspace/bge-service/reports/phase5d_caption_cleanup_audit/protected_short_captions.csv
doc_0514,p7_b0082,Figure 4. Effect of blocking competitive pathways on LNnT and LNT biosynthesis.,short_caption_with_semantic_anchor,figure_caption,Figure 4. Effect of blocking competitive pathways on LNnT and LNT biosynthesis.,true,/home/gmy/bio-agent-workspace/bge-service/reports/phase5d_caption_cleanup_audit/protected_short_captions.csv
doc_0514,p9_b0101,Figure 6. Effect of setA knockout on LNnT and LNT production in 5 L bioreactors.,short_caption_with_semantic_anchor,figure_caption,Figure 6. Effect of setA knockout on LNnT and LNT production in 5 L bioreactors.,true,/home/gmy/bio-agent-workspace/bge-service/reports/phase5d_caption_cleanup_audit/protected_short_captions.csv
doc_0515,p3_b0036,Figure 1. Bioproduction of LNnT in E.,short_caption_with_semantic_anchor,figure_caption,Figure 1. Bioproduction of LNnT in E.,true,/home/gmy/bio-agent-workspace/bge-service/reports/phase5d_caption_cleanup_audit/protected_short_captions.csv
doc_0516,p10_b0088,Figure 6. Schematic representation of 2′-FL production in engineered S.,short_caption_with_semantic_anchor,figure_caption,Figure 6. Schematic representation of 2′-FL production in engineered S.,true,/home/gmy/bio-agent-workspace/bge-service/reports/phase5d_caption_cleanup_audit/protected_short_captions.csv
doc_0516,p7_b0071,Figure 2. Schematic representation showing the 2′-FL/3-FL production in engineered E.,short_caption_with_semantic_anchor,figure_caption,Figure 2. Schematic representation showing the 2′-FL/3-FL production in engineered E.,true,/home/gmy/bio-agent-workspace/bge-service/reports/phase5d_caption_cleanup_audit/protected_short_captions.csv
doc_0516,p8_b0078,Figure 3. Structure of the catalytic site.,short_caption_with_semantic_anchor,figure_caption,Figure 3. Structure of the catalytic site.,true,/home/gmy/bio-agent-workspace/bge-service/reports/phase5d_caption_cleanup_audit/protected_short_captions.csv
doc_0516,p9_b0084,Figure 4. Schematic representation of LNnT/LNT production in engineered E.,short_caption_with_semantic_anchor,figure_caption,Figure 4. Schematic representation of LNnT/LNT production in engineered E.,true,/home/gmy/bio-agent-workspace/bge-service/reports/phase5d_caption_cleanup_audit/protected_short_captions.csv
doc_0517,p10_b0111,Figure 7. Production of 3′-SL in a 5-L bioreactor.,short_caption_with_semantic_anchor,figure_caption,Figure 7. Production of 3′-SL in a 5-L bioreactor.,true,/home/gmy/bio-agent-workspace/bge-service/reports/phase5d_caption_cleanup_audit/protected_short_captions.csv
doc_0517,p7_b0082,Figure 5. Fine-tuning the metabolic intensity of key pathways.,short_caption_with_semantic_anchor,figure_caption,Figure 5. Fine-tuning the metabolic intensity of key pathways.,true,/home/gmy/bio-agent-workspace/bge-service/reports/phase5d_caption_cleanup_audit/protected_short_captions.csv
doc_0520,p4_b0036,Table 1. DAI scoring system.,short_caption_with_semantic_anchor,table_caption,Table 1. DAI scoring system.,true,/home/gmy/bio-agent-workspace/bge-service/reports/phase5d_caption_cleanup_audit/protected_short_captions.csv
doc_0520,p6_b0053,Figure 2. Effects of 2′-fucosyllactose (FL) and 3-FL on tight junction protein expressions.,short_caption_with_semantic_anchor,figure_caption,Figure 2. Effects of 2′-fucosyllactose (FL) and 3-FL on tight junction protein expressions.,true,/home/gmy/bio-agent-workspace/bge-service/reports/phase5d_caption_cleanup_audit/protected_short_captions.csv
doc_0522,p2_b0015,"Table 1 Activity and selectivity parameters of wild-type LnbB and site-directed variants thereof LnbB LNT hydrolysis LNT hydrolysis WT 25 (∼15) 1.7 4.0 (∼100) 0.04 1.0 D320E 2.2 × 10−1 (∼6 × 10−1) 0.4 2.1 × 10−1 (∼7 × 10−1) 0.3 D320A 8.9 × 10−4 (∼4 × 10−3) 8.0 × 10−4 (∼5 × 10−3) 0.2 Y419F 7.5 × 10−2 (∼9 × 10−2) 0.8 3.3 × 10−2 (∼3 × 10−1) 0.1 a 12 mM LNB-oxa, 600 mM lactose, 37 °C, pH 7.5. b 20 mM LNB-β-pNP, 600 mM lactose, 15% DMSO, 37 °C, pH 5.8. c Hydrolase activity toward the donor substrate is given in brackets (=trans-glycosylation/RTH ratio). d RTH is the ratio of LNT to LNB concentration at maximum LNT yield. e RTH is the ratio of the enzyme activities for trans-glycosylation and LNB-β-pNP hydrolysis. f Not detectable. g Calculated based on 22 h values.",approved_eval_target_chunk,table_caption,"Table 1 Activity and selectivity parameters of wild-type LnbB and site-directed variants thereof LnbB LNT hydrolysis LNT hydrolysis WT 25 (∼15) 1.7 4.0 (∼100) 0.04 1.0 D320E 2.2 × 10−1 (∼6 × 10−1) 0.4 2.1 × 10−1 (∼7 × 10−1) 0.3 D320A 8.9 × 10−4 (∼4 × 10−3) 8.0 × 10−4 (∼5 × 10−3) 0.2 Y419F 7.5 × 10−2 (∼9 × 10−2) 0.8 3.3 × 10−2 (∼3 × 10−1) 0.1 a 12 mM LNB-oxa, 600 mM lactose, 37 °C, pH 7.5. b 20 mM LNB-β-pNP, 600 mM lactose, 15% DMSO, 37 °C, pH 5.8. c Hydrolase activity toward the donor substrate is given in brackets (=trans-glycosylation/RTH ratio). d RTH is the ratio of LNT to LNB concentration at maximum LNT yield. e RTH is the ratio of the enzyme activities for trans-glycosylation and LNB-β-pNP hydrolysis. f Not detectable. g Calculated based on 22 h values.",true,/home/gmy/bio-agent-workspace/bge-service/reports/phase5d_caption_cleanup_audit/protected_short_captions.csv
doc_0522,p3_b0019,"Fig. 2. trans-Glycosylation was selective for β-1,3-gly- cosylation of lactose, giving LNT (Fig.",short_caption_with_semantic_anchor,figure_caption,"Fig. 2. trans-Glycosylation was selective for β-1,3-gly- cosylation of lactose, giving LNT (Fig.",true,/home/gmy/bio-agent-workspace/bge-service/reports/phase5d_caption_cleanup_audit/protected_short_captions.csv
doc_0523,p5_b0045,Figure 3. LNT II production in 3 L fed-batch culture of an E.,short_caption_with_semantic_anchor,figure_caption,Figure 3. LNT II production in 3 L fed-batch culture of an E.,true,/home/gmy/bio-agent-workspace/bge-service/reports/phase5d_caption_cleanup_audit/protected_short_captions.csv
doc_0523,p6_b0053,Table 1. Comparison of In Vivo Production of LNT II and LNT Using E.,short_caption_with_semantic_anchor,table_caption,Table 1. Comparison of In Vivo Production of LNT II and LNT Using E.,true,/home/gmy/bio-agent-workspace/bge-service/reports/phase5d_caption_cleanup_audit/protected_short_captions.csv
doc_0523,p6_b0056,Figure 4. Increased production of LNT by deletion of LNT II efflux genes from E.,short_caption_with_semantic_anchor,figure_caption,Figure 4. Increased production of LNT by deletion of LNT II efflux genes from E.,true,/home/gmy/bio-agent-workspace/bge-service/reports/phase5d_caption_cleanup_audit/protected_short_captions.csv
doc_0523,p7_b0066,Figure 5. Degradation and recycling of LNT II released into E.,short_caption_with_semantic_anchor,figure_caption,Figure 5. Degradation and recycling of LNT II released into E.,true,/home/gmy/bio-agent-workspace/bge-service/reports/phase5d_caption_cleanup_audit/protected_short_captions.csv
doc_0525,p3_b0054,Figure 1. Sequence alignment of TsGal48 (NCBI accession number WP_126165003.,short_caption_with_semantic_anchor,figure_caption,Figure 1. Sequence alignment of TsGal48 (NCBI accession number WP_126165003.,true,/home/gmy/bio-agent-workspace/bge-service/reports/phase5d_caption_cleanup_audit/protected_short_captions.csv
doc_0525,p6_b0078,Figure S6. After 9-h hydrolysis (Figure S7) of pretreated chitin powder (600.,short_caption_with_semantic_anchor,figure_caption,Figure S6. After 9-h hydrolysis (Figure S7) of pretreated chitin powder (600.,true,/home/gmy/bio-agent-workspace/bge-service/reports/phase5d_caption_cleanup_audit/protected_short_captions.csv
doc_0525,p6_b0086,Figure 4. Mass balance of LNnT production from chitin powder.,short_caption_with_semantic_anchor,figure_caption,Figure 4. Mass balance of LNnT production from chitin powder.,true,/home/gmy/bio-agent-workspace/bge-service/reports/phase5d_caption_cleanup_audit/protected_short_captions.csv
doc_0527,p3_b0038,Figure 1. Construction of the metabolically engineered E.,short_caption_with_semantic_anchor,figure_caption,Figure 1. Construction of the metabolically engineered E.,true,/home/gmy/bio-agent-workspace/bge-service/reports/phase5d_caption_cleanup_audit/protected_short_captions.csv
doc_0527,p5_b0057,Figure 4. Introduction of BbhI for LNT and LNTri II production.,short_caption_with_semantic_anchor,figure_caption,Figure 4. Introduction of BbhI for LNT and LNTri II production.,true,/home/gmy/bio-agent-workspace/bge-service/reports/phase5d_caption_cleanup_audit/protected_short_captions.csv
doc_0530,p2_b0018,"Table 1. Five vectors were used for the plasmid reconstruction, including pRSFDuet-1, pETDuet-1, pCOLADuet-1, pCDFDuet-1, and pACYCDuet-1.",approved_eval_target_chunk,table_caption,"Table 1. Five vectors were used for the plasmid reconstruction, including pRSFDuet-1, pETDuet-1, pCOLADuet-1, pCDFDuet-1, and pACYCDuet-1.",true,/home/gmy/bio-agent-workspace/bge-service/reports/phase5d_caption_cleanup_audit/protected_short_captions.csv
doc_0530,p3_b0031,Figure 1. Construction of the metabolic pathway for LNnT biosynthesis in E.,short_caption_with_semantic_anchor,figure_caption,Figure 1. Construction of the metabolic pathway for LNnT biosynthesis in E.,true,/home/gmy/bio-agent-workspace/bge-service/reports/phase5d_caption_cleanup_audit/protected_short_captions.csv
doc_0530,p5_b0053,Figure 4. Optimization of LNnT production through balancing the expression of biosynthetic enzymes.,short_caption_with_semantic_anchor,figure_caption,Figure 4. Optimization of LNnT production through balancing the expression of biosynthetic enzymes.,true,/home/gmy/bio-agent-workspace/bge-service/reports/phase5d_caption_cleanup_audit/protected_short_captions.csv
doc_0531,p2_b0017,Figure 1. (A) Structure of the influenza A virus.,short_caption_with_semantic_anchor,figure_caption,Figure 1. (A) Structure of the influenza A virus.,true,/home/gmy/bio-agent-workspace/bge-service/reports/phase5d_caption_cleanup_audit/protected_short_captions.csv
doc_0531,p4_b0028,"Figure 2. (A) TEM image of heteropolymer pS-FSL, scale bar: 50 nm.",short_caption_with_semantic_anchor,figure_caption,"Figure 2. (A) TEM image of heteropolymer pS-FSL, scale bar: 50 nm.",true,/home/gmy/bio-agent-workspace/bge-service/reports/phase5d_caption_cleanup_audit/protected_short_captions.csv
doc_0532,p2_b0026,"Table 1. E. coli Strains and Plasmids Used for Construction of LNT-Producing Engineered Strain in This Study strains or plasmids characteristics source Strains DH5α −), supE44, thi-1, gyrA96, relA1, Δ(lacZYAargF)U169 Invitrogen (CA, USA)",approved_eval_target_chunk,table_caption,"Table 1. E. coli Strains and Plasmids Used for Construction of LNT-Producing Engineered Strain in This Study strains or plasmids characteristics source Strains DH5α −), supE44, thi-1, gyrA96, relA1, Δ(lacZYAargF)U169 Invitrogen (CA, USA)",true,/home/gmy/bio-agent-workspace/bge-service/reports/phase5d_caption_cleanup_audit/protected_short_captions.csv
doc_0532,p3_b0037,Figure 1. Overview of the reconstructed pathway for LNT biosynthesis in E.,short_caption_with_semantic_anchor,figure_caption,Figure 1. Overview of the reconstructed pathway for LNT biosynthesis in E.,true,/home/gmy/bio-agent-workspace/bge-service/reports/phase5d_caption_cleanup_audit/protected_short_captions.csv
doc_0533,p4_b0044,Figure 2. Effects of biosynthetic enzyme expression on LNT II production.,short_caption_with_semantic_anchor,figure_caption,Figure 2. Effects of biosynthetic enzyme expression on LNT II production.,true,/home/gmy/bio-agent-workspace/bge-service/reports/phase5d_caption_cleanup_audit/protected_short_captions.csv
doc_0534,p4_b0053,Figure 1. Effects of 3′-SL intervention on cognition and behavior in mice.,short_caption_with_semantic_anchor,figure_caption,Figure 1. Effects of 3′-SL intervention on cognition and behavior in mice.,true,/home/gmy/bio-agent-workspace/bge-service/reports/phase5d_caption_cleanup_audit/protected_short_captions.csv
doc_0534,p5_b0059,Figure 2. Supplementation of 3′-SL altered gut microbiota composition of growing mice.,short_caption_with_semantic_anchor,figure_caption,Figure 2. Supplementation of 3′-SL altered gut microbiota composition of growing mice.,true,/home/gmy/bio-agent-workspace/bge-service/reports/phase5d_caption_cleanup_audit/protected_short_captions.csv
doc_0537,p23_b0119,Fig 2 -3 Morphology of Some strains(×400),short_caption_with_semantic_anchor,figure_caption,Fig 2 -3 Morphology of Some strains(×400),true,/home/gmy/bio-agent-workspace/bge-service/reports/phase5d_caption_cleanup_audit/protected_short_captions.csv
doc_0544,p4_b0013,Fig. 1 The structures (A) and functions (B) of LNT II and their derivatives,short_caption_with_semantic_anchor,figure_caption,Fig. 1 The structures (A) and functions (B) of LNT II and their derivatives,true,/home/gmy/bio-agent-workspace/bge-service/reports/phase5d_caption_cleanup_audit/protected_short_captions.csv
doc_0545,p4_b0013,Fig. 1 The structures (A) and functions (B) of LNT II and their derivatives,short_caption_with_semantic_anchor,figure_caption,Fig. 1 The structures (A) and functions (B) of LNT II and their derivatives,true,/home/gmy/bio-agent-workspace/bge-service/reports/phase5d_caption_cleanup_audit/protected_short_captions.csv
doc_0548,p42_b0214,Table 3-1 Strains and plasmids used in this study (continued).,short_caption_with_semantic_anchor,table_caption,Table 3-1 Strains and plasmids used in this study (continued).,true,/home/gmy/bio-agent-workspace/bge-service/reports/phase5d_caption_cleanup_audit/protected_short_captions.csv
doc_0548,p72_b0363,Table 5-1 Strains and plasmids used in this study (continued).,short_caption_with_semantic_anchor,table_caption,Table 5-1 Strains and plasmids used in this study (continued).,true,/home/gmy/bio-agent-workspace/bge-service/reports/phase5d_caption_cleanup_audit/protected_short_captions.csv
doc_0552,p10_b0076,Fig. 4. Burden-driven feedback control system.,short_caption_with_semantic_anchor,figure_caption,Fig. 4. Burden-driven feedback control system.,true,/home/gmy/bio-agent-workspace/bge-service/reports/phase5d_caption_cleanup_audit/protected_short_captions.csv
doc_0552,p11_b0080,Fig. 5. Representative strategies for improving the robustness of industrial microbes.,short_caption_with_semantic_anchor,figure_caption,Fig. 5. Representative strategies for improving the robustness of industrial microbes.,true,/home/gmy/bio-agent-workspace/bge-service/reports/phase5d_caption_cleanup_audit/protected_short_captions.csv
doc_0552,p12_b0092,Fig. 6. Microbial consortia-based division of labor for reducing metabolic burdens.,short_caption_with_semantic_anchor,figure_caption,Fig. 6. Microbial consortia-based division of labor for reducing metabolic burdens.,true,/home/gmy/bio-agent-workspace/bge-service/reports/phase5d_caption_cleanup_audit/protected_short_captions.csv
doc_0552,p2_b0019,Fig. 1. Overview of metabolic burdens and the burden-causing stimuli on host cells.,short_caption_with_semantic_anchor,figure_caption,Fig. 1. Overview of metabolic burdens and the burden-causing stimuli on host cells.,true,/home/gmy/bio-agent-workspace/bge-service/reports/phase5d_caption_cleanup_audit/protected_short_captions.csv
doc_0552,p5_b0039,Fig. 3. Representative strategies and examples for overcoming pathway bottlenecks.,short_caption_with_semantic_anchor,figure_caption,Fig. 3. Representative strategies and examples for overcoming pathway bottlenecks.,true,/home/gmy/bio-agent-workspace/bge-service/reports/phase5d_caption_cleanup_audit/protected_short_captions.csv
doc_0555,p2_b0023,Fig. 1 Chemical structure of squalene,short_caption_with_semantic_anchor,figure_caption,Fig. 1 Chemical structure of squalene,true,/home/gmy/bio-agent-workspace/bge-service/reports/phase5d_caption_cleanup_audit/protected_short_captions.csv
doc_0555,p5_b0042,Table 1 Physiological characteristics of Pseudozyma sp. JCC207 Pseudozyma sp.,short_caption_with_semantic_anchor,table_caption,Table 1 Physiological characteristics of Pseudozyma sp. JCC207 Pseudozyma sp.,true,/home/gmy/bio-agent-workspace/bge-service/reports/phase5d_caption_cleanup_audit/protected_short_captions.csv
doc_0559,p6_b0048,Table 3 The numbers of Unigene involved in mogrosides biosynthesis Gene Enzyme No.,short_caption_with_semantic_anchor,table_caption,Table 3 The numbers of Unigene involved in mogrosides biosynthesis Gene Enzyme No.,true,/home/gmy/bio-agent-workspace/bge-service/reports/phase5d_caption_cleanup_audit/protected_short_captions.csv
doc_0559,p7_b0054,Table 4 Statistics of DGE sequencing Summary,short_caption_with_semantic_anchor,table_caption,Table 4 Statistics of DGE sequencing Summary,true,/home/gmy/bio-agent-workspace/bge-service/reports/phase5d_caption_cleanup_audit/protected_short_captions.csv
doc_0565,p4_b0015,Table 5 The pure protein content of fermented products by interaction A×C(mean),short_caption_with_semantic_anchor,table_caption,Table 5 The pure protein content of fermented products by interaction A×C(mean),true,/home/gmy/bio-agent-workspace/bge-service/reports/phase5d_caption_cleanup_audit/protected_short_captions.csv
doc_0573,p3_b0026,Figure 1. A heterologous MVA pathway for C5 alcohol production.,short_caption_with_semantic_anchor,figure_caption,Figure 1. A heterologous MVA pathway for C5 alcohol production.,true,/home/gmy/bio-agent-workspace/bge-service/reports/phase5d_caption_cleanup_audit/protected_short_captions.csv
doc_0573,p4_b0053,Table 1. Plasmids and strains used in this study.,short_caption_with_semantic_anchor,table_caption,Table 1. Plasmids and strains used in this study.,true,/home/gmy/bio-agent-workspace/bge-service/reports/phase5d_caption_cleanup_audit/protected_short_captions.csv
doc_0573,p6_b0072,Figure 2. RBS engineering to improve 3-methyl-3-buten-1-ol titer and reduce IPP accumulation.,short_caption_with_semantic_anchor,figure_caption,Figure 2. RBS engineering to improve 3-methyl-3-buten-1-ol titer and reduce IPP accumulation.,true,/home/gmy/bio-agent-workspace/bge-service/reports/phase5d_caption_cleanup_audit/protected_short_captions.csv
doc_0573,p9_b0095,Figure 5. Metabolite profiling of strain KG8 reveals competition with endogenous pathways.,short_caption_with_semantic_anchor,figure_caption,Figure 5. Metabolite profiling of strain KG8 reveals competition with endogenous pathways.,true,/home/gmy/bio-agent-workspace/bge-service/reports/phase5d_caption_cleanup_audit/protected_short_captions.csv
doc_0577,p10_b0086,"Figure 7. Time course for cell growth (OD600) and lycopene production in strains LYC-7A (A), LYC-7B (B), and LYC-8 (C) during fed-batch fermentation.",approved_eval_target_chunk,figure_caption,"Figure 7. Time course for cell growth (OD600) and lycopene production in strains LYC-7A (A), LYC-7B (B), and LYC-8 (C) during fed-batch fermentation.",true,/home/gmy/bio-agent-workspace/bge-service/reports/phase5d_caption_cleanup_audit/protected_short_captions.csv
doc_0577,p2_b0019,Figure 1. (A) Biosynthetic pathway for the synthesis of lycopene.,short_caption_with_semantic_anchor,figure_caption,Figure 1. (A) Biosynthetic pathway for the synthesis of lycopene.,true,/home/gmy/bio-agent-workspace/bge-service/reports/phase5d_caption_cleanup_audit/protected_short_captions.csv
doc_0577,p3_b0023,Figure 2. Biosynthesis of lycopene.,short_caption_with_semantic_anchor,figure_caption,Figure 2. Biosynthesis of lycopene.,true,/home/gmy/bio-agent-workspace/bge-service/reports/phase5d_caption_cleanup_audit/protected_short_captions.csv
doc_0577,p6_b0058,Figure 4. Quantification of outer membrane vesicles.,short_caption_with_semantic_anchor,figure_caption,Figure 4. Quantification of outer membrane vesicles.,true,/home/gmy/bio-agent-workspace/bge-service/reports/phase5d_caption_cleanup_audit/protected_short_captions.csv
doc_0577,p7_b0065,Figure 5. Analysis of phospholipids and fatty acids composition.,short_caption_with_semantic_anchor,figure_caption,Figure 5. Analysis of phospholipids and fatty acids composition.,true,/home/gmy/bio-agent-workspace/bge-service/reports/phase5d_caption_cleanup_audit/protected_short_captions.csv
doc_0577,p8_b0070,Table 1. Strains strains description reference E.,short_caption_with_semantic_anchor,table_caption,Table 1. Strains strains description reference E.,true,/home/gmy/bio-agent-workspace/bge-service/reports/phase5d_caption_cleanup_audit/protected_short_captions.csv
doc_0579,p4_b0067,Figure 1. Catalysis activity of UGTs toward mogrosides.,short_caption_with_semantic_anchor,figure_caption,Figure 1. Catalysis activity of UGTs toward mogrosides.,true,/home/gmy/bio-agent-workspace/bge-service/reports/phase5d_caption_cleanup_audit/protected_short_captions.csv
doc_0580,p6_b0112,Fig. 4. Strain ALV145 had the highest yield of 11.,short_caption_with_semantic_anchor,figure_caption,Fig. 4. Strain ALV145 had the highest yield of 11.,true,/home/gmy/bio-agent-workspace/bge-service/reports/phase5d_caption_cleanup_audit/protected_short_captions.csv
doc_0580,p9_b0143,Table S1. Oligonucleotides used in this study.,short_caption_with_semantic_anchor,table_caption,Table S1. Oligonucleotides used in this study.,true,/home/gmy/bio-agent-workspace/bge-service/reports/phase5d_caption_cleanup_audit/protected_short_captions.csv
doc_0580,p9_b0145,Figure S1. The sequence logo diagrams of the degen- erate nucleotides in RBSs.,short_caption_with_semantic_anchor,figure_caption,Figure S1. The sequence logo diagrams of the degen- erate nucleotides in RBSs.,true,/home/gmy/bio-agent-workspace/bge-service/reports/phase5d_caption_cleanup_audit/protected_short_captions.csv
doc_0582,p9_b0064,Table 1. The ppsA gene knockout in E.,short_caption_with_semantic_anchor,table_caption,Table 1. The ppsA gene knockout in E.,true,/home/gmy/bio-agent-workspace/bge-service/reports/phase5d_caption_cleanup_audit/protected_short_captions.csv
doc_0582,p9_b0068,Table 3. pKSI-1 (Addgene; plasmid no.,short_caption_with_semantic_anchor,table_caption,Table 3. pKSI-1 (Addgene; plasmid no.,true,/home/gmy/bio-agent-workspace/bge-service/reports/phase5d_caption_cleanup_audit/protected_short_captions.csv
doc_0584,p3_b0033,"Table S1. The codon-optimized genes, namely, GASLs from Lactuca sativa (Genebank No.",short_caption_with_semantic_anchor,table_caption,"Table S1. The codon-optimized genes, namely, GASLs from Lactuca sativa (Genebank No.",true,/home/gmy/bio-agent-workspace/bge-service/reports/phase5d_caption_cleanup_audit/protected_short_captions.csv
doc_0587,p3_b0034,Fig. 2. L-leucine production and biomass of strains harbouring feedback- resistant enzymes.,short_caption_with_semantic_anchor,figure_caption,Fig. 2. L-leucine production and biomass of strains harbouring feedback- resistant enzymes.,true,/home/gmy/bio-agent-workspace/bge-service/reports/phase5d_caption_cleanup_audit/protected_short_captions.csv
doc_0587,p6_b0057,Fig. 4. L-leucine production performance of strains with improved redox flux.,short_caption_with_semantic_anchor,figure_caption,Fig. 4. L-leucine production performance of strains with improved redox flux.,true,/home/gmy/bio-agent-workspace/bge-service/reports/phase5d_caption_cleanup_audit/protected_short_captions.csv
doc_0587,p7_b0062,Fig. 6. The three strains exhibited different L- leucine production performances.,short_caption_with_semantic_anchor,figure_caption,Fig. 6. The three strains exhibited different L- leucine production performances.,true,/home/gmy/bio-agent-workspace/bge-service/reports/phase5d_caption_cleanup_audit/protected_short_captions.csv
doc_0587,p7_b0066,Fig. 5. L-leucine production and biomass of strains with modified efflux sys tem.,short_caption_with_semantic_anchor,figure_caption,Fig. 5. L-leucine production and biomass of strains with modified efflux sys tem.,true,/home/gmy/bio-agent-workspace/bge-service/reports/phase5d_caption_cleanup_audit/protected_short_captions.csv
doc_0587,p7_b0068,"Fig. 6. Fed-batch fermentation of LXH-5, LXH-11, LHX-21 in 5-L fermenters. (A) L-leucine production. (B) Cell growth (solid) and feeding of glucose (open). (C)",approved_eval_target_chunk,figure_caption,"Fig. 6. Fed-batch fermentation of LXH-5, LXH-11, LHX-21 in 5-L fermenters. (A) L-leucine production. (B) Cell growth (solid) and feeding of glucose (open). (C)",true,/home/gmy/bio-agent-workspace/bge-service/reports/phase5d_caption_cleanup_audit/protected_short_captions.csv
doc_0589,p8_b0070,Table 1. All plasmids are listed in Table 2.,short_caption_with_semantic_anchor,table_caption,Table 1. All plasmids are listed in Table 2.,true,/home/gmy/bio-agent-workspace/bge-service/reports/phase5d_caption_cleanup_audit/protected_short_captions.csv
doc_0589,p8_b0074,Table 3. The antibiotic cassette was amplified by PCR.,short_caption_with_semantic_anchor,table_caption,Table 3. The antibiotic cassette was amplified by PCR.,true,/home/gmy/bio-agent-workspace/bge-service/reports/phase5d_caption_cleanup_audit/protected_short_captions.csv
doc_0590,p2_b0025,Figure 1. Biosynthesis of SI by UGT-S1.,short_caption_with_semantic_anchor,figure_caption,Figure 1. Biosynthesis of SI by UGT-S1.,true,/home/gmy/bio-agent-workspace/bge-service/reports/phase5d_caption_cleanup_audit/protected_short_captions.csv
doc_0590,p4_b0044,Figure 2. Molecular docking and interactions of UGT-S1 with two ligands.,short_caption_with_semantic_anchor,figure_caption,Figure 2. Molecular docking and interactions of UGT-S1 with two ligands.,true,/home/gmy/bio-agent-workspace/bge-service/reports/phase5d_caption_cleanup_audit/protected_short_captions.csv
doc_0590,p6_b0058,Figure 4. Whole-cell production mode of SI using sucrose as a sugar donor.,short_caption_with_semantic_anchor,figure_caption,Figure 4. Whole-cell production mode of SI using sucrose as a sugar donor.,true,/home/gmy/bio-agent-workspace/bge-service/reports/phase5d_caption_cleanup_audit/protected_short_captions.csv
doc_0591,p11_b0142,Fig. S1. OD600 of strains con- structed in this study.,short_caption_with_semantic_anchor,figure_caption,Fig. S1. OD600 of strains con- structed in this study.,true,/home/gmy/bio-agent-workspace/bge-service/reports/phase5d_caption_cleanup_audit/protected_short_captions.csv
doc_0594,p12_b0065,Figure 8. Biosynthesis of sweet mogrosides using engineered S.,short_caption_with_semantic_anchor,figure_caption,Figure 8. Biosynthesis of sweet mogrosides using engineered S.,true,/home/gmy/bio-agent-workspace/bge-service/reports/phase5d_caption_cleanup_audit/protected_short_captions.csv
doc_0594,p3_b0021,Figure 1. The chemical structure of mogroside.,short_caption_with_semantic_anchor,figure_caption,Figure 1. The chemical structure of mogroside.,true,/home/gmy/bio-agent-workspace/bge-service/reports/phase5d_caption_cleanup_audit/protected_short_captions.csv
doc_0595,p10_b0101,Table 2 RBS sequences for RBS libraries with defined TIR,short_caption_with_semantic_anchor,table_caption,Table 2 RBS sequences for RBS libraries with defined TIR,true,/home/gmy/bio-agent-workspace/bge-service/reports/phase5d_caption_cleanup_audit/protected_short_captions.csv
doc_0597,p13_b0131,Figure 1. Membrane engineering strategies for increasing β-carotene production and accumulation.,short_caption_with_semantic_anchor,figure_caption,Figure 1. Membrane engineering strategies for increasing β-carotene production and accumulation.,true,/home/gmy/bio-agent-workspace/bge-service/reports/phase5d_caption_cleanup_audit/protected_short_captions.csv
doc_0597,p13_b0137,Figure 4. β-Carotene titer and yield of strains obtained from CAR015 by overexpressing,short_caption_with_semantic_anchor,figure_caption,Figure 4. β-Carotene titer and yield of strains obtained from CAR015 by overexpressing,true,/home/gmy/bio-agent-workspace/bge-service/reports/phase5d_caption_cleanup_audit/protected_short_captions.csv
doc_0597,p13_b0140,Figure 6. Electron microscopic pictures of membrane-engineered derivatives of strain CAR015.,short_caption_with_semantic_anchor,figure_caption,Figure 6. Electron microscopic pictures of membrane-engineered derivatives of strain CAR015.,true,/home/gmy/bio-agent-workspace/bge-service/reports/phase5d_caption_cleanup_audit/protected_short_captions.csv
doc_0597,p14_b0143,Figure 8. Diagram summarizing the increase of β-carotene yield obtained through membrane engineering.,short_caption_with_semantic_anchor,figure_caption,Figure 8. Diagram summarizing the increase of β-carotene yield obtained through membrane engineering.,true,/home/gmy/bio-agent-workspace/bge-service/reports/phase5d_caption_cleanup_audit/protected_short_captions.csv
doc_0597,p4_b0030,Table 1. Plasmids were assembled using the Golden Gate method (Hillson et al.,short_caption_with_semantic_anchor,table_caption,Table 1. Plasmids were assembled using the Golden Gate method (Hillson et al.,true,/home/gmy/bio-agent-workspace/bge-service/reports/phase5d_caption_cleanup_audit/protected_short_captions.csv
doc_0600,p2_b0025,Figure 1. Autoinduction phenomenon during growth.,short_caption_with_semantic_anchor,figure_caption,Figure 1. Autoinduction phenomenon during growth.,true,/home/gmy/bio-agent-workspace/bge-service/reports/phase5d_caption_cleanup_audit/protected_short_captions.csv
doc_0600,p5_b0049,Figure 4. Autoinduction of recombinant proteins in SILEX.,short_caption_with_semantic_anchor,figure_caption,Figure 4. Autoinduction of recombinant proteins in SILEX.,true,/home/gmy/bio-agent-workspace/bge-service/reports/phase5d_caption_cleanup_audit/protected_short_captions.csv
doc_0600,p6_b0058,Figure 5. Autoinduction of PNP expression using different SILEX systems.,short_caption_with_semantic_anchor,figure_caption,Figure 5. Autoinduction of PNP expression using different SILEX systems.,true,/home/gmy/bio-agent-workspace/bge-service/reports/phase5d_caption_cleanup_audit/protected_short_captions.csv
doc_0600,p6_b0067,Table 1. Modulation of the SILEX induction with lactose or glucose.,short_caption_with_semantic_anchor,table_caption,Table 1. Modulation of the SILEX induction with lactose or glucose.,true,/home/gmy/bio-agent-workspace/bge-service/reports/phase5d_caption_cleanup_audit/protected_short_captions.csv
doc_0600,p8_b0083,Figure 7. Schematic representation of the general mechanism of the autoinduction in SILEX.,short_caption_with_semantic_anchor,figure_caption,Figure 7. Schematic representation of the general mechanism of the autoinduction in SILEX.,true,/home/gmy/bio-agent-workspace/bge-service/reports/phase5d_caption_cleanup_audit/protected_short_captions.csv
doc_0602,p3_b0017,Fig. 1 Biosynthetic pathway of isoprenoids (MVA pathway and MEP pathway).,short_caption_with_semantic_anchor,figure_caption,Fig. 1 Biosynthetic pathway of isoprenoids (MVA pathway and MEP pathway).,true,/home/gmy/bio-agent-workspace/bge-service/reports/phase5d_caption_cleanup_audit/protected_short_captions.csv
doc_0607,p20_b0078,"Table 1-1: Advantages and disadvantages of CO2 conversion methods CO2 转化方 式 优势 劣势 生物转化 可再生能源供给 效率低,大规模连续应用困难,对光 具有依赖性,甲烷细菌利用的过程中 传质效率低 [31-33] 光催化转化 光能作为能量供给,成本 低 效率较低,选择性差,光电子传递效 率低,CO2 低溶解度 [34-36] 电催化转化 能够使用可再生电力,包 括太阳能、风能和水能; 可在低温液态电解质中进 行 析氢反应,对高电位产品选择性差, 动力学反应慢,对电极材料要求高, CO2 在电解液中溶解度低 [33, 37- 39] 热能催化转 化 在等离子液体中进行,可 以长时间脱碳 传质受限,高温高压反应能耗高,甲 烷转化成本比其他方式成本高 [25, 40, 41] 表 1-2:CO2 转化成不同化学品所需电子和能量[42]",short_caption_with_semantic_anchor,table_caption,"Table 1-1: Advantages and disadvantages of CO2 conversion methods CO2 转化方 式 优势 劣势 生物转化 可再生能源供给 效率低,大规模连续应用困难,对光 具有依赖性,甲烷细菌利用的过程中 传质效率低 [31-33] 光催化转化 光能作为能量供给,成本 低 效率较低,选择性差,光电子传递效 率低,CO2 低溶解度 [34-36] 电催化转化 能够使用可再生电力,包 括太阳能、风能和水能; 可在低温液态电解质中进 行 析氢反应,对高电位产品选择性差, 动力学反应慢,对电极材料要求高, CO2 在电解液中溶解度低 [33, 37- 39] 热能催化转 化 在等离子液体中进行,可 以长时间脱碳 传质受限,高温高压反应能耗高,甲 烷转化成本比其他方式成本高 [25, 40, 41] 表 1-2:CO2 转化成不同化学品所需电子和能量[42]",true,/home/gmy/bio-agent-workspace/bge-service/reports/phase5d_caption_cleanup_audit/protected_short_captions.csv
doc_0611,p6_b0012,"Table 3 Test results of process verification (n = 2) 样品 批号 灭菌率/ % 综合评分 3.077 6 1.354 7 0.291 0 1.130 7 0.418 2 0.154 8 0.203 8 0.070 8 65.90 3.448 8 1.368 1 0.295 7 1.120 5 0.417 0 0.161 8 0.201 2 0.070 4 99.21 3.368 1 1.344 6 0.283 5 1.143 7 0.409 7 0.159 6 0.194 4 0.069 6 98.02 3.443 3 1.360 8 0.280 4 1.182 1 0.402 2 0.167 5 0.193 2 0.072 5 98.93 RSD/% 1.32 0.89 2.81 2.71 1.81 2.50 2.22 2.07 0.63 2.6 辐照灭菌与其他灭菌方式的比较 2.6.1 微生物限度 按《中国药典》2020 年版四部 通则 1 105 项下的非无菌产品微生物限度检测法中 的平板计数法,测定不同灭菌方式开心散样品及未 灭菌开心散样品的菌总数,结果见表 4。各灭菌样 品均合格。 2.6.2 指标成分含量 按“2.2.3”项下方法制备不 同灭菌方式开心散样品及未灭菌样品的供试品溶 液,并按“2.2.1”项下色谱条件测定不同灭菌方式 开心散样品及未灭菌样品中各指标成分的含量,并 计算不同灭菌方式指标成分含量变化率,计算公式 为变化率=(C-C0)/C0(C0 为表 7 条件对比中前者 含量,C 为后者含量)。结果见表 5、6。 2.6.3 指纹图谱相似度评价 按“2.2.3”项下方法 制备不同灭菌方式开心散样品及未灭菌样品的供试 品溶液,按“2.2.1”项色谱条件测定不同灭菌方式 开心散样品及未灭菌样品的指纹图谱,以未灭菌样 品指纹图谱为参照图谱,计算不同灭菌方式样品指 纹图谱的相似度,结果见表 5 和图 2。 2.6.4 制剂性状 开心散未灭菌制剂性状为淡黄色",short_caption_with_semantic_anchor,table_caption,"Table 3 Test results of process verification (n = 2) 样品 批号 灭菌率/ % 综合评分 3.077 6 1.354 7 0.291 0 1.130 7 0.418 2 0.154 8 0.203 8 0.070 8 65.90 3.448 8 1.368 1 0.295 7 1.120 5 0.417 0 0.161 8 0.201 2 0.070 4 99.21 3.368 1 1.344 6 0.283 5 1.143 7 0.409 7 0.159 6 0.194 4 0.069 6 98.02 3.443 3 1.360 8 0.280 4 1.182 1 0.402 2 0.167 5 0.193 2 0.072 5 98.93 RSD/% 1.32 0.89 2.81 2.71 1.81 2.50 2.22 2.07 0.63 2.6 辐照灭菌与其他灭菌方式的比较 2.6.1 微生物限度 按《中国药典》2020 年版四部 通则 1 105 项下的非无菌产品微生物限度检测法中 的平板计数法,测定不同灭菌方式开心散样品及未 灭菌开心散样品的菌总数,结果见表 4。各灭菌样 品均合格。 2.6.2 指标成分含量 按“2.2.3”项下方法制备不 同灭菌方式开心散样品及未灭菌样品的供试品溶 液,并按“2.2.1”项下色谱条件测定不同灭菌方式 开心散样品及未灭菌样品中各指标成分的含量,并 计算不同灭菌方式指标成分含量变化率,计算公式 为变化率=(C-C0)/C0(C0 为表 7 条件对比中前者 含量,C 为后者含量)。结果见表 5、6。 2.6.3 指纹图谱相似度评价 按“2.2.3”项下方法 制备不同灭菌方式开心散样品及未灭菌样品的供试 品溶液,按“2.2.1”项色谱条件测定不同灭菌方式 开心散样品及未灭菌样品的指纹图谱,以未灭菌样 品指纹图谱为参照图谱,计算不同灭菌方式样品指 纹图谱的相似度,结果见表 5 和图 2。 2.6.4 制剂性状 开心散未灭菌制剂性状为淡黄色",true,/home/gmy/bio-agent-workspace/bge-service/reports/phase5d_caption_cleanup_audit/protected_short_captions.csv
doc_0611,p7_b0015,Table 4 Test results of microbial limits of different,short_caption_with_semantic_anchor,table_caption,Table 4 Test results of microbial limits of different,true,/home/gmy/bio-agent-workspace/bge-service/reports/phase5d_caption_cleanup_audit/protected_short_captions.csv
doc_0613,p3_b0037,Fig. 1. Growth of L.,short_caption_with_semantic_anchor,figure_caption,Fig. 1. Growth of L.,true,/home/gmy/bio-agent-workspace/bge-service/reports/phase5d_caption_cleanup_audit/protected_short_captions.csv
doc_0613,p7_b0075,Table 1. Genes and proteins upregulated in the presence of bile in L. casei BL23 Family [domain]* Ratio PD Ratio Td LCABL_13850 H+-transporting ATPase subunit d PRK05758 28.24 (m)§ 0.68 LCABL_31070 Glucosamine-6-phosphate deaminase GlcN6P_deaminase [cd01399] 1.72 (s) 7.54 Carbohydrate metabolism LCABL_16300 Galactose mutarotase-related enzyme Aldose_epim_lacX [cd09024],approved_eval_target_chunk,table_caption,Table 1. Genes and proteins upregulated in the presence of bile in L. casei BL23 Family [domain]* Ratio PD Ratio Td LCABL_13850 H+-transporting ATPase subunit d PRK05758 28.24 (m)§ 0.68 LCABL_31070 Glucosamine-6-phosphate deaminase GlcN6P_deaminase [cd01399] 1.72 (s) 7.54 Carbohydrate metabolism LCABL_16300 Galactose mutarotase-related enzyme Aldose_epim_lacX [cd09024],true,/home/gmy/bio-agent-workspace/bge-service/reports/phase5d_caption_cleanup_audit/protected_short_captions.csv
doc_0614,p10_b0131,FIGURE 8. Elongation defects of sqe1–3.,short_caption_with_semantic_anchor,figure_caption,FIGURE 8. Elongation defects of sqe1–3.,true,/home/gmy/bio-agent-workspace/bge-service/reports/phase5d_caption_cleanup_audit/protected_short_captions.csv
doc_0614,p3_b0057,FIGURE 1. Triterpenoid biosynthesis.,short_caption_with_semantic_anchor,figure_caption,FIGURE 1. Triterpenoid biosynthesis.,true,/home/gmy/bio-agent-workspace/bge-service/reports/phase5d_caption_cleanup_audit/protected_short_captions.csv
doc_0614,p4_b0072,FIGURE 2. Arabidopsis encodes multiple squalene epoxidases.,short_caption_with_semantic_anchor,figure_caption,FIGURE 2. Arabidopsis encodes multiple squalene epoxidases.,true,/home/gmy/bio-agent-workspace/bge-service/reports/phase5d_caption_cleanup_audit/protected_short_captions.csv
doc_0614,p6_b0084,"FIGURE 4. SQE1, SQE2, and SQE3 encode functional squalene epoxidase enzymes.",short_caption_with_semantic_anchor,figure_caption,"FIGURE 4. SQE1, SQE2, and SQE3 encode functional squalene epoxidase enzymes.",true,/home/gmy/bio-agent-workspace/bge-service/reports/phase5d_caption_cleanup_audit/protected_short_captions.csv
doc_0614,p7_b0099,FIGURE 5. SQE expression.,short_caption_with_semantic_anchor,figure_caption,FIGURE 5. SQE expression.,true,/home/gmy/bio-agent-workspace/bge-service/reports/phase5d_caption_cleanup_audit/protected_short_captions.csv
doc_0614,p9_b0126,FIGURE 7. Developmental defects of sqe1–3.,short_caption_with_semantic_anchor,figure_caption,FIGURE 7. Developmental defects of sqe1–3.,true,/home/gmy/bio-agent-workspace/bge-service/reports/phase5d_caption_cleanup_audit/protected_short_captions.csv
doc_0617,p10_b0102,Figure 6. Total sugar yield of rice straw samples.,short_caption_with_semantic_anchor,figure_caption,Figure 6. Total sugar yield of rice straw samples.,true,/home/gmy/bio-agent-workspace/bge-service/reports/phase5d_caption_cleanup_audit/protected_short_captions.csv
doc_0617,p12_b0140,Table S1: Particle size of rice straw samples.,short_caption_with_semantic_anchor,table_caption,Table S1: Particle size of rice straw samples.,true,/home/gmy/bio-agent-workspace/bge-service/reports/phase5d_caption_cleanup_audit/protected_short_captions.csv
doc_0617,p5_b0045,Figure 1. Particle size distribution of rice straw samples.,short_caption_with_semantic_anchor,figure_caption,Figure 1. Particle size distribution of rice straw samples.,true,/home/gmy/bio-agent-workspace/bge-service/reports/phase5d_caption_cleanup_audit/protected_short_captions.csv
doc_0617,p6_b0052,Table 1. Microstructure properties of rice straw samples.,short_caption_with_semantic_anchor,table_caption,Table 1. Microstructure properties of rice straw samples.,true,/home/gmy/bio-agent-workspace/bge-service/reports/phase5d_caption_cleanup_audit/protected_short_captions.csv
doc_0617,p6_b0064,Table 1. Microstructure properties of rice straw samples.,short_caption_with_semantic_anchor,table_caption,Table 1. Microstructure properties of rice straw samples.,true,/home/gmy/bio-agent-workspace/bge-service/reports/phase5d_caption_cleanup_audit/protected_short_captions.csv
doc_0617,p7_b0081,Figure 3. XRD spectra of rice straw samples.,short_caption_with_semantic_anchor,figure_caption,Figure 3. XRD spectra of rice straw samples.,true,/home/gmy/bio-agent-workspace/bge-service/reports/phase5d_caption_cleanup_audit/protected_short_captions.csv
doc_0617,p7_b0083,Figure 3. XRD spectra of rice straw samples.,short_caption_with_semantic_anchor,figure_caption,Figure 3. XRD spectra of rice straw samples.,true,/home/gmy/bio-agent-workspace/bge-service/reports/phase5d_caption_cleanup_audit/protected_short_captions.csv
doc_0617,p8_b0088,Figure 4. XPS spectra of rice straw samples.,short_caption_with_semantic_anchor,figure_caption,Figure 4. XPS spectra of rice straw samples.,true,/home/gmy/bio-agent-workspace/bge-service/reports/phase5d_caption_cleanup_audit/protected_short_captions.csv
doc_0617,p8_b0092,Figure 4. XPS spectra of rice straw samples.,short_caption_with_semantic_anchor,figure_caption,Figure 4. XPS spectra of rice straw samples.,true,/home/gmy/bio-agent-workspace/bge-service/reports/phase5d_caption_cleanup_audit/protected_short_captions.csv
doc_0618,p3_b0034,Table S1. All these constructs were transformed to B.,short_caption_with_semantic_anchor,table_caption,Table S1. All these constructs were transformed to B.,true,/home/gmy/bio-agent-workspace/bge-service/reports/phase5d_caption_cleanup_audit/protected_short_captions.csv
doc_0618,p3_b0039,Figure 2. Phylogenetic tree analysis of SQSs and sequence alignment.,short_caption_with_semantic_anchor,figure_caption,Figure 2. Phylogenetic tree analysis of SQSs and sequence alignment.,true,/home/gmy/bio-agent-workspace/bge-service/reports/phase5d_caption_cleanup_audit/protected_short_captions.csv
doc_0618,p3_b0044,Figure 3. Production levels of squalene in B.,short_caption_with_semantic_anchor,figure_caption,Figure 3. Production levels of squalene in B.,true,/home/gmy/bio-agent-workspace/bge-service/reports/phase5d_caption_cleanup_audit/protected_short_captions.csv
doc_0618,p4_b0056,Figure 4. Effect of the vector system on squalene production in B.,short_caption_with_semantic_anchor,figure_caption,Figure 4. Effect of the vector system on squalene production in B.,true,/home/gmy/bio-agent-workspace/bge-service/reports/phase5d_caption_cleanup_audit/protected_short_captions.csv
doc_0618,p5_b0064,Figure 6. Effect of fermentation temperature on squalene production in B.,short_caption_with_semantic_anchor,figure_caption,Figure 6. Effect of fermentation temperature on squalene production in B.,true,/home/gmy/bio-agent-workspace/bge-service/reports/phase5d_caption_cleanup_audit/protected_short_captions.csv
doc_0624,p10_b0086,Figure 7. OsSQE2 and OsONSs coexpress across root sections and leaves of O.,short_caption_with_semantic_anchor,figure_caption,Figure 7. OsSQE2 and OsONSs coexpress across root sections and leaves of O.,true,/home/gmy/bio-agent-workspace/bge-service/reports/phase5d_caption_cleanup_audit/protected_short_captions.csv
doc_0624,p15_b0141,Figure S1. a-Onocerin accumulates in the roots of O.,short_caption_with_semantic_anchor,figure_caption,Figure S1. a-Onocerin accumulates in the roots of O.,true,/home/gmy/bio-agent-workspace/bge-service/reports/phase5d_caption_cleanup_audit/protected_short_captions.csv
doc_0624,p15_b0144,Figure S2. Hairy root lines induced from O.,short_caption_with_semantic_anchor,figure_caption,Figure S2. Hairy root lines induced from O.,true,/home/gmy/bio-agent-workspace/bge-service/reports/phase5d_caption_cleanup_audit/protected_short_captions.csv
doc_0624,p15_b0149,Figure S4. Multiple sequence alignment of SQE and OSC deduced protein sequences.,short_caption_with_semantic_anchor,figure_caption,Figure S4. Multiple sequence alignment of SQE and OSC deduced protein sequences.,true,/home/gmy/bio-agent-workspace/bge-service/reports/phase5d_caption_cleanup_audit/protected_short_captions.csv
doc_0624,p15_b0151,Table S1. Primer list.,short_caption_with_semantic_anchor,table_caption,Table S1. Primer list.,true,/home/gmy/bio-agent-workspace/bge-service/reports/phase5d_caption_cleanup_audit/protected_short_captions.csv
doc_0624,p6_b0058,Figure 3. a-Onocerin biosynthesis in O.,short_caption_with_semantic_anchor,figure_caption,Figure 3. a-Onocerin biosynthesis in O.,true,/home/gmy/bio-agent-workspace/bge-service/reports/phase5d_caption_cleanup_audit/protected_short_captions.csv
doc_0627,p4_b0011,Table 1 Plant oxidosqualene cyclases (OSCs)[11],short_caption_with_semantic_anchor,table_caption,Table 1 Plant oxidosqualene cyclases (OSCs)[11],true,/home/gmy/bio-agent-workspace/bge-service/reports/phase5d_caption_cleanup_audit/protected_short_captions.csv
doc_0631,p2_b0015,Table S1. The food and water were provided ad libitum.,short_caption_with_semantic_anchor,table_caption,Table S1. The food and water were provided ad libitum.,true,/home/gmy/bio-agent-workspace/bge-service/reports/phase5d_caption_cleanup_audit/protected_short_captions.csv
doc_0631,p5_b0038,"Fig. 7. Blautia, Lactococcus, Romboutsia, Anaerotruncus, Fig.",short_caption_with_semantic_anchor,figure_caption,"Fig. 7. Blautia, Lactococcus, Romboutsia, Anaerotruncus, Fig.",true,/home/gmy/bio-agent-workspace/bge-service/reports/phase5d_caption_cleanup_audit/protected_short_captions.csv
doc_0631,p7_b0052,Fig. 4. Effect of 2′-FL on the browing of iWAT in HFD-mice.,short_caption_with_semantic_anchor,figure_caption,Fig. 4. Effect of 2′-FL on the browing of iWAT in HFD-mice.,true,/home/gmy/bio-agent-workspace/bge-service/reports/phase5d_caption_cleanup_audit/protected_short_captions.csv
doc_0631,p8_b0060,Fig. 5. Effect of 2′-FL on the gut microbiota in HFD-mice.,short_caption_with_semantic_anchor,figure_caption,Fig. 5. Effect of 2′-FL on the gut microbiota in HFD-mice.,true,/home/gmy/bio-agent-workspace/bge-service/reports/phase5d_caption_cleanup_audit/protected_short_captions.csv
doc_0633,p3_b0026,Figure 1. Intracellular ion concentrations in bacteria.,short_caption_with_semantic_anchor,figure_caption,Figure 1. Intracellular ion concentrations in bacteria.,true,/home/gmy/bio-agent-workspace/bge-service/reports/phase5d_caption_cleanup_audit/protected_short_captions.csv
doc_0633,p8_b0045,Figure 5. Persistence lengths of different MreB assemblies.,short_caption_with_semantic_anchor,figure_caption,Figure 5. Persistence lengths of different MreB assemblies.,true,/home/gmy/bio-agent-workspace/bge-service/reports/phase5d_caption_cleanup_audit/protected_short_captions.csv
doc_0633,p9_b0048,Figure 6. A hypothetical model to interpret the dynamics of MreB polymers.,short_caption_with_semantic_anchor,figure_caption,Figure 6. A hypothetical model to interpret the dynamics of MreB polymers.,true,/home/gmy/bio-agent-workspace/bge-service/reports/phase5d_caption_cleanup_audit/protected_short_captions.csv
doc_0635,p3_b0021,Figure 1. The chemical structure of mogroside.,short_caption_with_semantic_anchor,figure_caption,Figure 1. The chemical structure of mogroside.,true,/home/gmy/bio-agent-workspace/bge-service/reports/phase5d_caption_cleanup_audit/protected_short_captions.csv
doc_0637,p10_b0119,Figure 6C depicts the species diversity of the samples.,short_caption_with_semantic_anchor,figure_caption,Figure 6C depicts the species diversity of the samples.,true,/home/gmy/bio-agent-workspace/bge-service/reports/phase5d_caption_cleanup_audit/protected_short_captions.csv
doc_0637,p5_b0072,Figure 1. Schematic representation of the experimental design for the animal study.,short_caption_with_semantic_anchor,figure_caption,Figure 1. Schematic representation of the experimental design for the animal study.,true,/home/gmy/bio-agent-workspace/bge-service/reports/phase5d_caption_cleanup_audit/protected_short_captions.csv
doc_0639,p2_b0017,Fig. 1. The wide application of mevalonate and its derivatives.,short_caption_with_semantic_anchor,figure_caption,Fig. 1. The wide application of mevalonate and its derivatives.,true,/home/gmy/bio-agent-workspace/bge-service/reports/phase5d_caption_cleanup_audit/protected_short_captions.csv
doc_0639,p4_b0035,Fig. 3. Optimization of MVA pathway in E.,short_caption_with_semantic_anchor,figure_caption,Fig. 3. Optimization of MVA pathway in E.,true,/home/gmy/bio-agent-workspace/bge-service/reports/phase5d_caption_cleanup_audit/protected_short_captions.csv
doc_0639,p6_b0052,Fig. 4. Optimization of MVA pathway in S.,short_caption_with_semantic_anchor,figure_caption,Fig. 4. Optimization of MVA pathway in S.,true,/home/gmy/bio-agent-workspace/bge-service/reports/phase5d_caption_cleanup_audit/protected_short_captions.csv
doc_0640,p3_b0027,Figure 1. The metabolic pathways for lycopene production.,short_caption_with_semantic_anchor,figure_caption,Figure 1. The metabolic pathways for lycopene production.,true,/home/gmy/bio-agent-workspace/bge-service/reports/phase5d_caption_cleanup_audit/protected_short_captions.csv
doc_0640,p5_b0083,Figure 2. Metabolic engineering strategies of the entire lycopene pathway in E.,short_caption_with_semantic_anchor,figure_caption,Figure 2. Metabolic engineering strategies of the entire lycopene pathway in E.,true,/home/gmy/bio-agent-workspace/bge-service/reports/phase5d_caption_cleanup_audit/protected_short_captions.csv
doc_0643,p5_b0044,Figure 2. Proposed pathway for the biosynthesis of mogroside V in S.,short_caption_with_semantic_anchor,figure_caption,Figure 2. Proposed pathway for the biosynthesis of mogroside V in S.,true,/home/gmy/bio-agent-workspace/bge-service/reports/phase5d_caption_cleanup_audit/protected_short_captions.csv
doc_0644,p10_b0113,Table 2. The dwell time was 400 ms for each MRM transition.,short_caption_with_semantic_anchor,table_caption,Table 2. The dwell time was 400 ms for each MRM transition.,true,/home/gmy/bio-agent-workspace/bge-service/reports/phase5d_caption_cleanup_audit/protected_short_captions.csv
doc_0644,p11_b0116,Table 2. MS parameters of 21 mogrosides.,short_caption_with_semantic_anchor,table_caption,Table 2. MS parameters of 21 mogrosides.,true,/home/gmy/bio-agent-workspace/bge-service/reports/phase5d_caption_cleanup_audit/protected_short_captions.csv
doc_0644,p6_b0058,Table 1. 50R573L showed the highest activity as the best variant.,short_caption_with_semantic_anchor,table_caption,Table 1. 50R573L showed the highest activity as the best variant.,true,/home/gmy/bio-agent-workspace/bge-service/reports/phase5d_caption_cleanup_audit/protected_short_captions.csv
doc_0644,p7_b0061,Figure 5. Production of cucurbitadienol by an engineered S.,short_caption_with_semantic_anchor,figure_caption,Figure 5. Production of cucurbitadienol by an engineered S.,true,/home/gmy/bio-agent-workspace/bge-service/reports/phase5d_caption_cleanup_audit/protected_short_captions.csv
doc_0644,p7_b0064,Table 1. 50R573L showed the highest activity as the best variant.,short_caption_with_semantic_anchor,table_caption,Table 1. 50R573L showed the highest activity as the best variant.,true,/home/gmy/bio-agent-workspace/bge-service/reports/phase5d_caption_cleanup_audit/protected_short_captions.csv
doc_0644,p7_b0067,Figure 5. Production of cucurbitadienol by an engineered S.,short_caption_with_semantic_anchor,figure_caption,Figure 5. Production of cucurbitadienol by an engineered S.,true,/home/gmy/bio-agent-workspace/bge-service/reports/phase5d_caption_cleanup_audit/protected_short_captions.csv
doc_0644,p7_b0069,"Table 1. Determination of kinetic parameters of four wild types of SgCS (50R573L, 50C573L, 50R573Q, and 50C573Q). The kinetic parameters of the reaction were assayed with 3(S)-oxidosqualene as sbustrate at 30 ◦C and pH 7.0.",approved_eval_target_chunk,table_caption,"Table 1. Determination of kinetic parameters of four wild types of SgCS (50R573L, 50C573L, 50R573Q, and 50C573Q). The kinetic parameters of the reaction were assayed with 3(S)-oxidosqualene as sbustrate at 30 ◦C and pH 7.0.",true,/home/gmy/bio-agent-workspace/bge-service/reports/phase5d_caption_cleanup_audit/protected_short_captions.csv
doc_0650,p7_b0116,Figure 3 | A model for compositional control of biomolecular condensates.,short_caption_with_semantic_anchor,figure_caption,Figure 3 | A model for compositional control of biomolecular condensates.,true,/home/gmy/bio-agent-workspace/bge-service/reports/phase5d_caption_cleanup_audit/protected_short_captions.csv
doc_0656,p2_b0014,Figure 1. Design and verification of the broad-spectrum promoter Pbs.,short_caption_with_semantic_anchor,figure_caption,Figure 1. Design and verification of the broad-spectrum promoter Pbs.,true,/home/gmy/bio-agent-workspace/bge-service/reports/phase5d_caption_cleanup_audit/protected_short_captions.csv
doc_0656,p3_b0021,Figure 2. Design and evaluation of broad-spectrum promoters with different strengths.,short_caption_with_semantic_anchor,figure_caption,Figure 2. Design and evaluation of broad-spectrum promoters with different strengths.,true,/home/gmy/bio-agent-workspace/bge-service/reports/phase5d_caption_cleanup_audit/protected_short_captions.csv
doc_0659,p51_b0223,Table 3-18 Response surface experimental scheme design and results(n=3) 序号 角鲨烯产量 Y(mg/L) 785.96 505.31 779.19 538.59 801.32 712.67 636.05 792.36 586.41 673.15 588.08 413.90 774.34 410.29 499.03 519.39 486.46,short_caption_with_semantic_anchor,table_caption,Table 3-18 Response surface experimental scheme design and results(n=3) 序号 角鲨烯产量 Y(mg/L) 785.96 505.31 779.19 538.59 801.32 712.67 636.05 792.36 586.41 673.15 588.08 413.90 774.34 410.29 499.03 519.39 486.46,true,/home/gmy/bio-agent-workspace/bge-service/reports/phase5d_caption_cleanup_audit/protected_short_captions.csv
doc_0661,p2_b0024,Figure 1. Sterol biosynthetic pathway of Saccharomyces cerevisiae and the engineered targets.,short_caption_with_semantic_anchor,figure_caption,Figure 1. Sterol biosynthetic pathway of Saccharomyces cerevisiae and the engineered targets.,true,/home/gmy/bio-agent-workspace/bge-service/reports/phase5d_caption_cleanup_audit/protected_short_captions.csv
doc_0661,p4_b0054,Figure 2. Effect of marO motif insertion on promoter activity.,short_caption_with_semantic_anchor,figure_caption,Figure 2. Effect of marO motif insertion on promoter activity.,true,/home/gmy/bio-agent-workspace/bge-service/reports/phase5d_caption_cleanup_audit/protected_short_captions.csv
doc_0661,p5_b0062,Figure 4. Construction and characterization of marO-engineered ERG1 promoters.,short_caption_with_semantic_anchor,figure_caption,Figure 4. Construction and characterization of marO-engineered ERG1 promoters.,true,/home/gmy/bio-agent-workspace/bge-service/reports/phase5d_caption_cleanup_audit/protected_short_captions.csv
doc_0661,p6_b0069,Figure 5. Construction and characterization of marO-engineered ERG11 promoters.,short_caption_with_semantic_anchor,figure_caption,Figure 5. Construction and characterization of marO-engineered ERG11 promoters.,true,/home/gmy/bio-agent-workspace/bge-service/reports/phase5d_caption_cleanup_audit/protected_short_captions.csv
doc_0661,p7_b0076,Figure 6. Squalene production by strain SQE-M5 via fed-batch fermentation.,short_caption_with_semantic_anchor,figure_caption,Figure 6. Squalene production by strain SQE-M5 via fed-batch fermentation.,true,/home/gmy/bio-agent-workspace/bge-service/reports/phase5d_caption_cleanup_audit/protected_short_captions.csv
doc_0662,p6_b0042,Fig. 5. Multi-copy integration improves resveratrol production.,short_caption_with_semantic_anchor,figure_caption,Fig. 5. Multi-copy integration improves resveratrol production.,true,/home/gmy/bio-agent-workspace/bge-service/reports/phase5d_caption_cleanup_audit/protected_short_captions.csv
doc_0662,p7_b0050,Fig. 6. Fed-batch fermentation optimisation in a 5 L bioreactor.,short_caption_with_semantic_anchor,figure_caption,Fig. 6. Fed-batch fermentation optimisation in a 5 L bioreactor.,true,/home/gmy/bio-agent-workspace/bge-service/reports/phase5d_caption_cleanup_audit/protected_short_captions.csv
doc_0663,p4_b0049,Fig. 1. Improvement of squalene production in Y.,short_caption_with_semantic_anchor,figure_caption,Fig. 1. Improvement of squalene production in Y.,true,/home/gmy/bio-agent-workspace/bge-service/reports/phase5d_caption_cleanup_audit/protected_short_captions.csv
doc_0663,p5_b0060,Fig. 3. Improvement of squalene production in Y.,short_caption_with_semantic_anchor,figure_caption,Fig. 3. Improvement of squalene production in Y.,true,/home/gmy/bio-agent-workspace/bge-service/reports/phase5d_caption_cleanup_audit/protected_short_captions.csv
doc_0663,p6_b0069,Fig. 4. Improvement of squalene production in Y.,short_caption_with_semantic_anchor,figure_caption,Fig. 4. Improvement of squalene production in Y.,true,/home/gmy/bio-agent-workspace/bge-service/reports/phase5d_caption_cleanup_audit/protected_short_captions.csv
doc_0667,p10_b0075,Fig. 6. Optimizing the cytoplasmic MVA pathway to boost the production of squalene.,short_caption_with_semantic_anchor,figure_caption,Fig. 6. Optimizing the cytoplasmic MVA pathway to boost the production of squalene.,true,/home/gmy/bio-agent-workspace/bge-service/reports/phase5d_caption_cleanup_audit/protected_short_captions.csv
doc_0667,p11_b0089,Fig. 7. Construction flowchart of the major strains used in the study.,short_caption_with_semantic_anchor,figure_caption,Fig. 7. Construction flowchart of the major strains used in the study.,true,/home/gmy/bio-agent-workspace/bge-service/reports/phase5d_caption_cleanup_audit/protected_short_captions.csv
doc_0667,p8_b0062,Fig. 4. Dual regulation of cytoplasmic and mitochondrial engineering for squalene production.,short_caption_with_semantic_anchor,figure_caption,Fig. 4. Dual regulation of cytoplasmic and mitochondrial engineering for squalene production.,true,/home/gmy/bio-agent-workspace/bge-service/reports/phase5d_caption_cleanup_audit/protected_short_captions.csv
doc_0667,p9_b0067,"Fig. 5. Comparative transcriptome analysis of SquMC1, SquaM8 and CEN.",short_caption_with_semantic_anchor,figure_caption,"Fig. 5. Comparative transcriptome analysis of SquMC1, SquaM8 and CEN.",true,/home/gmy/bio-agent-workspace/bge-service/reports/phase5d_caption_cleanup_audit/protected_short_captions.csv
doc_0670,p10_b0142,Figure 5. Internal deletion mechanism and multiplex editing with five targets.,short_caption_with_semantic_anchor,figure_caption,Figure 5. Internal deletion mechanism and multiplex editing with five targets.,true,/home/gmy/bio-agent-workspace/bge-service/reports/phase5d_caption_cleanup_audit/protected_short_captions.csv
doc_0670,p6_b0090,Figure 3. Episomal editing in yeast targeting at mSox2 YAV.,short_caption_with_semantic_anchor,figure_caption,Figure 3. Episomal editing in yeast targeting at mSox2 YAV.,true,/home/gmy/bio-agent-workspace/bge-service/reports/phase5d_caption_cleanup_audit/protected_short_captions.csv
doc_0672,p9_b0109,Figure S1. Photosensitive domains used in this study.,short_caption_with_semantic_anchor,figure_caption,Figure S1. Photosensitive domains used in this study.,true,/home/gmy/bio-agent-workspace/bge-service/reports/phase5d_caption_cleanup_audit/protected_short_captions.csv
doc_0672,p9_b0113,Figure S6. Fermentation kinetics of the opto-S.,short_caption_with_semantic_anchor,figure_caption,Figure S6. Fermentation kinetics of the opto-S.,true,/home/gmy/bio-agent-workspace/bge-service/reports/phase5d_caption_cleanup_audit/protected_short_captions.csv
doc_0673,p6_b0067,Supplementary Fig. 9. Error bars are the mean±s.,short_caption_with_semantic_anchor,figure_caption,Supplementary Fig. 9. Error bars are the mean±s.,true,/home/gmy/bio-agent-workspace/bge-service/reports/phase5d_caption_cleanup_audit/protected_short_captions.csv
doc_0675,p2_b0014,Figure 1. Schematic overview of terpene biosynthesis in yeast indicating the modifications introduced.,short_caption_with_semantic_anchor,figure_caption,Figure 1. Schematic overview of terpene biosynthesis in yeast indicating the modifications introduced.,true,/home/gmy/bio-agent-workspace/bge-service/reports/phase5d_caption_cleanup_audit/protected_short_captions.csv
doc_0675,p3_b0029,Figure 2. Production of terpenes vs terpenols in yeast cells.,short_caption_with_semantic_anchor,figure_caption,Figure 2. Production of terpenes vs terpenols in yeast cells.,true,/home/gmy/bio-agent-workspace/bge-service/reports/phase5d_caption_cleanup_audit/protected_short_captions.csv
doc_0675,p5_b0053,Figure 4. Engineering a dominant negative function into Erg20p.,short_caption_with_semantic_anchor,figure_caption,Figure 4. Engineering a dominant negative function into Erg20p.,true,/home/gmy/bio-agent-workspace/bge-service/reports/phase5d_caption_cleanup_audit/protected_short_captions.csv
doc_0675,p7_b0086,Figure S1: Comparison of relative FPP and sesquiterpenol levels in AM94 cells.,short_caption_with_semantic_anchor,figure_caption,Figure S1: Comparison of relative FPP and sesquiterpenol levels in AM94 cells.,true,/home/gmy/bio-agent-workspace/bge-service/reports/phase5d_caption_cleanup_audit/protected_short_captions.csv
doc_0676,p2_b0013,Figure 1. CRISPR−Cas targeting EGFP reporter with guide sequence GFP0.,short_caption_with_semantic_anchor,figure_caption,Figure 1. CRISPR−Cas targeting EGFP reporter with guide sequence GFP0.,true,/home/gmy/bio-agent-workspace/bge-service/reports/phase5d_caption_cleanup_audit/protected_short_captions.csv
doc_0676,p4_b0030,Figure 3. Gene disruption efficiency by the one-plasmid HI-CRISPR system.,short_caption_with_semantic_anchor,figure_caption,Figure 3. Gene disruption efficiency by the one-plasmid HI-CRISPR system.,true,/home/gmy/bio-agent-workspace/bge-service/reports/phase5d_caption_cleanup_audit/protected_short_captions.csv
doc_0676,p5_b0036,Figure 4. Simultaneous triple gene disruption using the one-plasmid HI-CRISPR system.,short_caption_with_semantic_anchor,figure_caption,Figure 4. Simultaneous triple gene disruption using the one-plasmid HI-CRISPR system.,true,/home/gmy/bio-agent-workspace/bge-service/reports/phase5d_caption_cleanup_audit/protected_short_captions.csv
doc_0676,p7_b0059,Table 1. Comparisons among Different Multiple Simultaneous Gene Disruption Techniques in S.,short_caption_with_semantic_anchor,table_caption,Table 1. Comparisons among Different Multiple Simultaneous Gene Disruption Techniques in S.,true,/home/gmy/bio-agent-workspace/bge-service/reports/phase5d_caption_cleanup_audit/protected_short_captions.csv
doc_0680,p7_b0059,Fig. 3. Effects of different truncation position in N-terminus of CrGES.,short_caption_with_semantic_anchor,figure_caption,Fig. 3. Effects of different truncation position in N-terminus of CrGES.,true,/home/gmy/bio-agent-workspace/bge-service/reports/phase5d_caption_cleanup_audit/protected_short_captions.csv
doc_0680,p9_b0086,Fig. 5. Geraniol production in fed-batch fermentation.,short_caption_with_semantic_anchor,figure_caption,Fig. 5. Geraniol production in fed-batch fermentation.,true,/home/gmy/bio-agent-workspace/bge-service/reports/phase5d_caption_cleanup_audit/protected_short_captions.csv
doc_0681,p2_b0031,Figure 1. Application and synthesis of triterpenoids.,short_caption_with_semantic_anchor,figure_caption,Figure 1. Application and synthesis of triterpenoids.,true,/home/gmy/bio-agent-workspace/bge-service/reports/phase5d_caption_cleanup_audit/protected_short_captions.csv
doc_0681,p3_b0038,Figure 2. Biosynthesis pathway of triterpenoids in S.,short_caption_with_semantic_anchor,figure_caption,Figure 2. Biosynthesis pathway of triterpenoids in S.,true,/home/gmy/bio-agent-workspace/bge-service/reports/phase5d_caption_cleanup_audit/protected_short_captions.csv
doc_0681,p4_b0045,Figure 3. Brief overview of the building-up process of triterpenoids.,short_caption_with_semantic_anchor,figure_caption,Figure 3. Brief overview of the building-up process of triterpenoids.,true,/home/gmy/bio-agent-workspace/bge-service/reports/phase5d_caption_cleanup_audit/protected_short_captions.csv
doc_0681,p7_b0063,Figure 4. Strategies to enhance triterpenoid production.,short_caption_with_semantic_anchor,figure_caption,Figure 4. Strategies to enhance triterpenoid production.,true,/home/gmy/bio-agent-workspace/bge-service/reports/phase5d_caption_cleanup_audit/protected_short_captions.csv
doc_0681,p9_b0081,Figure 6. Transcriptional regulation of key enzymes (genes) in response to different stimuli.,short_caption_with_semantic_anchor,figure_caption,Figure 6. Transcriptional regulation of key enzymes (genes) in response to different stimuli.,true,/home/gmy/bio-agent-workspace/bge-service/reports/phase5d_caption_cleanup_audit/protected_short_captions.csv
doc_0684,p4_b0044,Fig. 2. Alignment and phylogenetic analysis of various plant-derived SQEs.,short_caption_with_semantic_anchor,figure_caption,Fig. 2. Alignment and phylogenetic analysis of various plant-derived SQEs.,true,/home/gmy/bio-agent-workspace/bge-service/reports/phase5d_caption_cleanup_audit/protected_short_captions.csv
doc_0684,p5_b0051,Fig. 3. Functional characterization of plant-derived SQEs in S.,short_caption_with_semantic_anchor,figure_caption,Fig. 3. Functional characterization of plant-derived SQEs in S.,true,/home/gmy/bio-agent-workspace/bge-service/reports/phase5d_caption_cleanup_audit/protected_short_captions.csv
doc_0685,p20_b0177,Figure 1. The CYC1* terminator is the terminator present in the parent plasmid.,short_caption_with_semantic_anchor,figure_caption,Figure 1. The CYC1* terminator is the terminator present in the parent plasmid.,true,/home/gmy/bio-agent-workspace/bge-service/reports/phase5d_caption_cleanup_audit/protected_short_captions.csv
doc_0686,p2_b0016,Figure 1. Scheme for comprehensive analysis of terminator region activity.,short_caption_with_semantic_anchor,figure_caption,Figure 1. Scheme for comprehensive analysis of terminator region activity.,true,/home/gmy/bio-agent-workspace/bge-service/reports/phase5d_caption_cleanup_audit/protected_short_captions.csv
doc_0686,p3_b0023,Figure 2. Comprehensive analysis of the yeast terminator region activities.,short_caption_with_semantic_anchor,figure_caption,Figure 2. Comprehensive analysis of the yeast terminator region activities.,true,/home/gmy/bio-agent-workspace/bge-service/reports/phase5d_caption_cleanup_audit/protected_short_captions.csv
doc_0686,p4_b0038,Figure 5. Effects of reporter gene and promoter exchange on terminator region activities.,short_caption_with_semantic_anchor,figure_caption,Figure 5. Effects of reporter gene and promoter exchange on terminator region activities.,true,/home/gmy/bio-agent-workspace/bge-service/reports/phase5d_caption_cleanup_audit/protected_short_captions.csv
doc_0686,p5_b0049,Figure 7. Comparison of terminator activities with large-scale data sets.,short_caption_with_semantic_anchor,figure_caption,Figure 7. Comparison of terminator activities with large-scale data sets.,true,/home/gmy/bio-agent-workspace/bge-service/reports/phase5d_caption_cleanup_audit/protected_short_captions.csv
doc_0687,p9_b0123,"Table 2. Ethanol yields (YE/S, g ethanol·(g sugar)−1) and biomass-specific rates of d-xylose and/or l-arabinose consumption and ethanol pro- duction (qxylose, qarabinose and qethanol, respectively, g·(g biomass)−1·h−1) in cultures of S. cerevisiae strains engineered for pentose fermentation, grown in synthetic media. Asterisks (∗) indicate values estimated from graphs in the cited reference.",approved_eval_target_chunk,table_caption,"Table 2. Ethanol yields (YE/S, g ethanol·(g sugar)−1) and biomass-specific rates of d-xylose and/or l-arabinose consumption and ethanol pro- duction (qxylose, qarabinose and qethanol, respectively, g·(g biomass)−1·h−1) in cultures of S. cerevisiae strains engineered for pentose fermentation, grown in synthetic media. Asterisks (∗) indicate values estimated from graphs in the cited reference.",true,/home/gmy/bio-agent-workspace/bge-service/reports/phase5d_caption_cleanup_audit/protected_short_captions.csv
doc_0688,p10_b0066,Table 1. Examples of S. cerevisiae metabolic engineering studies for bioethanol production.,short_caption_with_semantic_anchor,table_caption,Table 1. Examples of S. cerevisiae metabolic engineering studies for bioethanol production.,true,/home/gmy/bio-agent-workspace/bge-service/reports/phase5d_caption_cleanup_audit/protected_short_captions.csv
doc_0688,p12_b0100,Table 2. Evolutionary engineering examples of S. cerevisiae for bioethanol production.,short_caption_with_semantic_anchor,table_caption,Table 2. Evolutionary engineering examples of S. cerevisiae for bioethanol production.,true,/home/gmy/bio-agent-workspace/bge-service/reports/phase5d_caption_cleanup_audit/protected_short_captions.csv
doc_0689,p2_b0028,Table 1 Factors and levels of orthogonal test for components of,short_caption_with_semantic_anchor,table_caption,Table 1 Factors and levels of orthogonal test for components of,true,/home/gmy/bio-agent-workspace/bge-service/reports/phase5d_caption_cleanup_audit/protected_short_captions.csv
doc_0691,p8_b0043,Figure 1-1 Metabolic pathway of terpene biosynthesis[5],short_caption_with_semantic_anchor,figure_caption,Figure 1-1 Metabolic pathway of terpene biosynthesis[5],true,/home/gmy/bio-agent-workspace/bge-service/reports/phase5d_caption_cleanup_audit/protected_short_captions.csv
doc_0694,p41_b0185,Fig. 3-11 Squalene yield and OD600 of strains R and RM,short_caption_with_semantic_anchor,figure_caption,Fig. 3-11 Squalene yield and OD600 of strains R and RM,true,/home/gmy/bio-agent-workspace/bge-service/reports/phase5d_caption_cleanup_audit/protected_short_captions.csv
doc_0695,p10_b0082,Table 1. The gene deletions were carried out in two steps.,short_caption_with_semantic_anchor,table_caption,Table 1. The gene deletions were carried out in two steps.,true,/home/gmy/bio-agent-workspace/bge-service/reports/phase5d_caption_cleanup_audit/protected_short_captions.csv
doc_0697,p7_b0086,Figure 5. The yield of the culture after 14 days was 2.,short_caption_with_semantic_anchor,figure_caption,Figure 5. The yield of the culture after 14 days was 2.,true,/home/gmy/bio-agent-workspace/bge-service/reports/phase5d_caption_cleanup_audit/protected_short_captions.csv
doc_0698,p4_b0038,Fig. 1. Composition and CAZyme comparison between microbial consor tia CF and PY.,short_caption_with_semantic_anchor,figure_caption,Fig. 1. Composition and CAZyme comparison between microbial consor tia CF and PY.,true,/home/gmy/bio-agent-workspace/bge-service/reports/phase5d_caption_cleanup_audit/protected_short_captions.csv
doc_0703,p87_b0397,Table 2-1 PCR amplification reaction system (100 μL),short_caption_with_semantic_anchor,table_caption,Table 2-1 PCR amplification reaction system (100 μL),true,/home/gmy/bio-agent-workspace/bge-service/reports/phase5d_caption_cleanup_audit/protected_short_captions.csv
doc_0703,p87_b0401,Table 2-3 Plasmids digestion system (200μL),short_caption_with_semantic_anchor,table_caption,Table 2-3 Plasmids digestion system (200μL),true,/home/gmy/bio-agent-workspace/bge-service/reports/phase5d_caption_cleanup_audit/protected_short_captions.csv
doc_0703,p87_b0403,Table 2-4 Homologous recombination system (20 μL),short_caption_with_semantic_anchor,table_caption,Table 2-4 Homologous recombination system (20 μL),true,/home/gmy/bio-agent-workspace/bge-service/reports/phase5d_caption_cleanup_audit/protected_short_captions.csv
doc_0707,p6_b0059,Table 2 Effects of cellulases on the release of p-CA and FA. p-CA (%),short_caption_with_semantic_anchor,table_caption,Table 2 Effects of cellulases on the release of p-CA and FA. p-CA (%),true,/home/gmy/bio-agent-workspace/bge-service/reports/phase5d_caption_cleanup_audit/protected_short_captions.csv
